loan_id,age,annual_income,credit_score,debt_to_income,loan_amount,employment_status,loan_purpose,employment_tenure_years,late_payments_12m,existing_credit_accounts,default,credit_score_band,income_band,loan_to_income
LN100000,25,243940.7,666,0.164,262925.26,Self-employed,Vehicle,6,0,1,0,Fair,Lower-Middle,1.0778244876726188
LN100001,58,233186.25,744,0.175,197909.31,Contract,Business,4,0,0,0,Very Good,Lower-Middle,0.8487177524403776
LN100002,53,457928.8,735,0.247,77576.47,Self-employed,Personal,4,0,1,0,Good,High,0.169407274668027
LN100003,42,470732.39,651,0.316,107495.12,Employed,Education,12,1,3,0,Fair,High,0.22835717763122268
LN100004,42,223516.34,475,0.278,137721.15,Contract,Home,7,2,0,0,Poor,Lower-Middle,0.6161569664213363
LN100005,63,240337.22,567,0.146,81056.22,Employed,Education,0,0,0,0,Poor,Lower-Middle,0.3372603710736107
LN100006,25,403995.78,707,0.216,79317.71,Employed,Personal,8,2,1,0,Good,Upper-Middle,0.19633301615180238
LN100007,55,190301.78,534,0.347,76273.59,Contract,Vehicle,12,0,3,0,Poor,Low,0.4008033450869456
LN100008,30,239364.81,625,0.314,574669.31,Employed,Home,2,1,1,0,Fair,Lower-Middle,2.400809500778331
LN100009,25,315153.08,675,0.122,92228.7,Employed,Education,1,0,1,0,Good,Upper-Middle,0.2926473065089511
LN100010,46,518815.72,760,0.392,220328.48,Contract,Personal,10,1,0,0,Very Good,High,0.42467579818128876
LN100011,68,215132.31,607,0.345,62512.65,Employed,Education,14,0,2,0,Fair,Lower-Middle,0.29057769146810164
LN100012,57,108904.46,602,0.309,332498.1,Employed,Vehicle,1,0,0,0,Fair,Low,3.053117383805952
LN100013,58,104548.79,646,0.235,86005.52,Unemployed,Business,10,1,2,0,Fair,Low,0.8226352500110237
LN100014,56,150070.52,676,0.22,113853.82,Contract,Business,12,0,2,0,Good,Low,0.7586687911789738
LN100015,59,145698.62,638,0.326,33421.87,Contract,Personal,2,1,4,0,Fair,Low,0.22939043623062458
LN100016,46,275543.79,729,0.139,227300.06,Employed,Home,4,0,2,0,Good,Lower-Middle,0.8249144718521874
LN100017,27,156006.61,590,0.178,261667.14,Contract,Vehicle,8,0,1,0,Fair,Low,1.677282392073003
LN100018,62,203826.11,659,0.269,50843.58,Self-employed,Personal,9,2,5,0,Fair,Low,0.24944586343722108
LN100019,43,195984.43,683,0.138,236064.04,Self-employed,Personal,8,0,1,0,Good,Low,1.204504051673901
LN100020,45,235451.08,620,0.296,46119.85,Employed,Education,2,0,0,0,Fair,Lower-Middle,0.19587869378216485
LN100021,39,620893.68,713,0.234,165889.85,Employed,Vehicle,14,1,0,0,Good,High,0.26717915698546
LN100022,29,431752.99,661,0.326,91222.36,Employed,Business,6,2,1,0,Fair,Upper-Middle,0.21128367866080094
LN100023,66,302673.19,709,0.332,262183.7,Contract,Vehicle,8,0,3,0,Good,Upper-Middle,0.8662270351728213
LN100024,59,232808.92,665,0.211,129341.32,Employed,Business,8,0,0,1,Fair,Lower-Middle,0.5555685752934209
LN100025,52,236395.09,678,0.361,201529.29,Self-employed,Education,8,1,0,0,Good,Lower-Middle,0.8525104730390128
LN100026,40,359258.8,603,0.264,245923.92,Employed,Personal,4,2,1,0,Fair,Upper-Middle,0.6845313740401071
LN100027,61,413672.86,603,0.453,91040.99,Employed,Home,5,0,0,0,Fair,Upper-Middle,0.22007967842028603
LN100028,47,182106.71,742,0.373,107952.71,Employed,Vehicle,2,1,0,0,Very Good,Low,0.5927991890029753
LN100029,42,306080.12,698,0.406,53421.44,Contract,Business,11,1,2,1,Good,Upper-Middle,0.1745341709876486
LN100030,43,98139.67,573,0.236,90510.38,Self-employed,Personal,5,0,0,0,Poor,Low,0.9222608961289559
LN100031,32,337047.9,664,0.213,384936.27,Employed,Education,0,0,1,0,Fair,Upper-Middle,1.1420817931219864
LN100032,25,456215.17,472,0.105,179780.92,Employed,Education,0,0,1,0,Poor,High,0.3940704558333736
LN100033,48,257171.9,607,0.182,55784.2,Employed,Home,15,0,0,0,Fair,Lower-Middle,0.21691405631797253
LN100034,64,814742.67,722,0.32,317639.81,Employed,Personal,6,0,1,0,Good,High,0.38986519510509987
LN100035,24,184768.06,641,0.443,141646.2,Employed,Home,9,0,3,1,Fair,Low,0.766616264737531
LN100036,63,338111.16,659,0.549,188718.46,Employed,Vehicle,8,0,2,0,Fair,Upper-Middle,0.558155075389999
LN100037,61,294146.77,424,0.028,151309.0,Employed,Vehicle,13,0,0,0,Poor,Lower-Middle,0.5143996651739537
LN100038,34,283899.06,621,0.063,144506.33,Self-employed,Personal,14,0,3,1,Fair,Lower-Middle,0.5090060178431024
LN100039,51,281717.64,675,0.072,30023.08,Employed,Vehicle,12,1,1,0,Good,Lower-Middle,0.10657153027407158
LN100040,29,318203.22,685,0.478,225880.02,Employed,Business,15,2,1,0,Good,Upper-Middle,0.7098608870142797
LN100041,58,478262.52,722,0.39,25410.5,Employed,Personal,3,1,2,0,Good,High,0.05313086210477041
LN100042,55,640044.31,634,0.279,212910.67,Employed,Business,7,1,0,0,Fair,High,0.3326498910676981
LN100043,38,299628.94,638,0.213,117354.43,Employed,Education,4,0,1,0,Fair,Lower-Middle,0.39166587179462703
LN100044,24,469752.67,550,0.344,189337.69,Employed,Vehicle,13,0,0,0,Poor,High,0.403058251909457
LN100045,68,203936.9,635,0.196,121929.25,Employed,Business,4,1,1,0,Fair,Low,0.5978773336262344
LN100046,42,457171.22,555,0.094,216787.83,Self-employed,Home,12,0,2,0,Poor,High,0.47419395735365844
LN100047,64,197292.45,511,0.632,111160.67,Employed,Business,3,0,1,0,Poor,Low,0.5634309371696686
LN100048,54,546560.74,569,0.292,132037.07,Contract,Home,11,0,0,0,Poor,High,0.2415780357732976
LN100049,59,1011950.52,763,0.151,143104.4,Employed,Personal,0,0,0,0,Very Good,High,0.14141442409654573
LN100050,58,280517.56,630,0.232,373007.25,Self-employed,Personal,12,0,0,0,Fair,Lower-Middle,1.329710874427968
LN100051,30,89826.82,666,0.439,162496.94,Unemployed,Personal,13,2,4,0,Fair,Low,1.8090024783244023
LN100052,38,221925.64,611,0.399,46736.53,Employed,Personal,9,1,0,0,Fair,Lower-Middle,0.21059544989934464
LN100053,43,590703.26,516,0.166,76240.55,Employed,Home,8,0,0,1,Poor,High,0.12906742718839914
LN100054,45,406658.88,720,0.192,162257.24,Employed,Vehicle,7,1,1,0,Good,Upper-Middle,0.39900085299993937
LN100055,23,344014.89,487,0.546,249464.15,Employed,Vehicle,9,1,2,1,Poor,Upper-Middle,0.7251550943042029
LN100056,47,522460.86,608,0.345,68790.52,Contract,Business,9,0,0,0,Fair,High,0.1316663606150325
LN100057,28,391596.46,646,0.385,471727.18,Employed,Education,7,0,3,0,Fair,Upper-Middle,1.204625751724109
LN100058,57,586123.97,667,0.182,123300.3,Contract,Home,8,0,0,0,Fair,High,0.21036556481387378
LN100059,54,497435.3,596,0.078,144582.34,Contract,Vehicle,1,2,1,0,Fair,High,0.2906555686739562
LN100060,66,692783.63,512,0.236,48683.13,Self-employed,Business,7,3,2,0,Poor,High,0.07027176724715622
LN100061,57,365446.66,590,0.306,227134.0,Employed,Business,6,1,1,0,Fair,Upper-Middle,0.6215243559757805
LN100062,38,493575.16,594,0.403,82328.77,Contract,Business,14,1,1,0,Fair,High,0.16680087790479572
LN100063,68,253372.97,592,0.269,67738.62,Employed,Home,4,0,1,1,Fair,Lower-Middle,0.26734746014936
LN100064,41,215503.9,723,0.039,89505.94,Self-employed,Personal,15,0,3,0,Good,Lower-Middle,0.4153332723908941
LN100065,36,767013.71,559,0.361,270233.32,Employed,Vehicle,14,2,2,0,Poor,High,0.3523187610297083
LN100066,65,337881.43,673,0.332,148890.8,Employed,Personal,12,0,0,0,Good,Upper-Middle,0.44065990841816904
LN100067,39,467064.23,662,0.129,61717.96,Employed,Personal,11,2,1,0,Fair,High,0.13214019836201116
LN100068,24,321127.9,722,0.336,77924.0,Employed,Vehicle,5,2,0,0,Good,Upper-Middle,0.24265720916806044
LN100069,44,217282.61,640,0.682,274980.07,Employed,Education,2,0,1,0,Fair,Lower-Middle,1.2655410849492281
LN100070,59,301817.66,709,0.526,94333.15,Self-employed,Vehicle,12,0,0,0,Good,Upper-Middle,0.3125501337463156
LN100071,30,660884.56,637,0.565,158340.62,Employed,Vehicle,11,3,0,0,Fair,High,0.2395889230639614
LN100072,43,407143.02,683,0.168,185643.33,Contract,Vehicle,13,0,3,0,Good,Upper-Middle,0.455965891297854
LN100073,27,117034.91,537,0.387,11920.6,Self-employed,Vehicle,8,0,1,1,Poor,Low,0.10185507896746364
LN100074,54,266506.34,452,0.05,250218.49,Contract,Vehicle,14,1,1,0,Poor,Lower-Middle,0.9388838179234309
LN100075,44,799546.0,678,0.247,63209.33,Contract,Vehicle,1,2,2,0,Good,High,0.0790565270791174
LN100076,37,266718.61,682,0.288,87016.53,Contract,Education,1,0,3,0,Good,Lower-Middle,0.3262484383823086
LN100077,32,111443.66,686,0.352,299177.76,Employed,Personal,1,1,1,0,Good,Low,2.684565097736381
LN100078,48,849764.59,611,0.414,281739.09,Employed,Business,5,0,0,0,Fair,High,0.3315495765715538
LN100079,53,436635.33,762,0.36,151530.56,Employed,Vehicle,2,1,1,0,Very Good,Upper-Middle,0.3470414544787294
LN100080,67,288667.47,616,0.178,176613.84,Employed,Personal,0,0,0,0,Fair,Lower-Middle,0.6118245329132515
LN100081,42,244570.28,682,0.229,207712.62,Contract,Business,12,1,1,0,Good,Lower-Middle,0.849296243190301
LN100082,28,544068.98,695,0.265,278676.2,Employed,Education,2,0,2,0,Good,High,0.5122074778091558
LN100083,61,222670.17,779,0.3,302718.24,Contract,Personal,13,1,2,0,Very Good,Lower-Middle,1.3594916642853416
LN100084,51,564151.88,626,0.796,117976.66,Employed,Business,10,0,0,0,Fair,High,0.20912216050755694
LN100085,55,404232.37,601,0.483,68116.03,Contract,Personal,9,2,2,0,Fair,Upper-Middle,0.1685071138662151
LN100086,25,343215.16,538,0.186,93189.13,Employed,Home,1,1,0,0,Poor,Upper-Middle,0.271518105435669
LN100087,36,324996.89,766,0.399,119481.36,Employed,Home,0,2,3,0,Very Good,Upper-Middle,0.36763847186353077
LN100088,58,272475.87,682,0.05,106270.38,Contract,Vehicle,2,0,1,0,Good,Lower-Middle,0.3900175821073624
LN100089,61,533193.58,684,0.259,56970.64,Employed,Personal,5,0,1,0,Good,High,0.1068479481692184
LN100090,42,186390.5,850,0.148,146115.38,Self-employed,Personal,15,0,0,0,Excellent,Low,0.7839207470337812
LN100091,60,122943.35,674,0.293,39702.67,Employed,Home,6,1,2,0,Good,Low,0.32293466869090515
LN100092,62,420617.78,552,0.321,116277.81,Contract,Vehicle,3,0,0,0,Poor,Upper-Middle,0.2764453038575782
LN100093,39,424521.88,635,0.372,121225.87,Self-employed,Vehicle,4,0,0,0,Fair,Upper-Middle,0.2855585912320938
LN100094,65,390690.27,577,0.379,118556.17,Contract,Personal,5,0,1,0,Poor,Upper-Middle,0.30345309085890465
LN100095,35,375415.37,620,0.033,191286.06,Employed,Vehicle,9,0,1,0,Fair,Upper-Middle,0.5095317754305051
LN100096,32,251510.63,620,0.085,175488.64,Self-employed,Vehicle,12,2,1,0,Fair,Lower-Middle,0.697738461392268
LN100097,54,462616.29,606,0.23,466482.86,Employed,Education,0,2,0,0,Fair,High,1.0083580498213758
LN100098,52,292576.31,546,0.318,78568.25,Employed,Home,12,1,3,0,Poor,Lower-Middle,0.2685393427786412
LN100099,27,229492.42,769,0.228,131900.38,Self-employed,Personal,0,0,3,0,Very Good,Lower-Middle,0.5747483075911614
LN100100,61,252709.92,672,0.279,126517.96,Employed,Vehicle,5,1,0,0,Good,Lower-Middle,0.5006450083162545
LN100101,30,911538.94,633,0.232,122707.26,Self-employed,Education,9,1,0,0,Fair,High,0.1346154888347392
LN100102,60,115531.78,707,0.279,48343.18,Employed,Personal,1,0,2,0,Good,Low,0.4184405364480665
LN100103,21,394913.18,685,0.259,50969.17,Employed,Home,4,0,0,0,Good,Upper-Middle,0.1290642414112388
LN100104,60,119136.72,671,0.02,110463.33,Self-employed,Home,10,0,0,0,Good,Low,0.927198012501939
LN100105,59,282662.65,701,0.562,39494.02,Self-employed,Business,10,0,1,0,Good,Lower-Middle,0.1397213958052116
LN100106,59,236343.76,660,0.174,88521.63,Self-employed,Personal,1,0,1,0,Fair,Lower-Middle,0.3745460849061553
LN100107,53,95298.77,700,0.185,72210.08,Unemployed,Vehicle,12,0,1,0,Good,Low,0.7577231059750299
LN100108,44,371575.9,706,0.558,90630.88,Employed,Personal,6,0,3,1,Good,Upper-Middle,0.24390946775611658
LN100109,55,243413.47,662,0.125,229635.41,Unemployed,Vehicle,9,0,4,0,Fair,Lower-Middle,0.9433964767849536
LN100110,34,94558.53,633,0.118,54574.25,Employed,Personal,3,1,3,0,Fair,Low,0.5771478257963613
LN100111,59,476060.49,765,0.368,193610.77,Employed,Personal,15,1,4,0,Very Good,High,0.40669363256757557
LN100112,48,660525.59,614,0.177,75879.26,Self-employed,Home,12,2,0,0,Fair,High,0.11487709355817691
LN100113,43,680856.02,679,0.287,82276.96,Employed,Personal,10,2,0,0,Good,High,0.1208434053355363
LN100114,45,365478.89,681,0.258,148871.73,Unemployed,Vehicle,2,0,0,0,Good,Upper-Middle,0.4073333209477571
LN100115,48,307696.67,604,0.462,92045.58,Employed,Education,12,1,2,0,Fair,Upper-Middle,0.29914389388744445
LN100116,22,622826.89,589,0.11,61582.41,Employed,Vehicle,6,0,1,0,Fair,High,0.09887564424201402
LN100117,27,756795.78,623,0.421,86470.22,Self-employed,Business,10,0,0,0,Fair,High,0.11425832739183614
LN100118,33,559612.88,613,0.327,34662.85,Employed,Education,10,0,0,0,Fair,High,0.06194076519468244
LN100119,26,178740.81,541,0.185,140928.17,Employed,Business,12,0,2,1,Poor,Low,0.7884498789056624
LN100120,42,335131.22,601,0.019,14647.62,Employed,Vehicle,13,0,1,0,Fair,Upper-Middle,0.043707118662355604
LN100121,53,382036.58,670,0.115,195917.39,Contract,Vehicle,6,1,1,0,Good,Upper-Middle,0.5128236411288155
LN100122,53,110884.95,745,0.04,164087.63,Employed,Personal,1,2,2,1,Very Good,Low,1.479800730396686
LN100123,44,388359.26,692,0.41,311504.25,Employed,Vehicle,6,2,2,0,Good,Upper-Middle,0.8021033153683524
LN100124,62,1047255.26,455,0.341,454333.04,Employed,Business,6,0,2,1,Poor,High,0.4338321871976083
LN100125,48,426557.58,698,0.649,202093.71,Contract,Personal,5,1,0,0,Good,Upper-Middle,0.47377826458974187
LN100126,24,674626.81,608,0.292,73161.34,Contract,Business,7,0,2,0,Fair,High,0.10844712797583599
LN100127,58,331751.29,684,0.114,451549.46,Contract,Home,9,1,1,0,Good,Upper-Middle,1.3611083773027681
LN100128,49,288159.0,649,0.332,50623.9,Employed,Vehicle,9,2,0,0,Fair,Lower-Middle,0.17568044031246638
LN100129,52,369992.13,636,0.31,31935.65,Employed,Vehicle,5,0,0,0,Fair,Upper-Middle,0.0863144034982582
LN100130,48,191536.39,642,0.37,366713.88,Contract,Business,9,0,1,0,Fair,Low,1.9145911646345637
LN100131,48,176568.01,648,0.274,162632.52,Employed,Home,15,0,2,0,Fair,Low,0.9210757939674349
LN100132,25,601995.51,751,0.449,32498.66,Employed,Personal,10,3,0,0,Very Good,High,0.053984887694594266
LN100133,48,638148.34,649,0.195,45581.27,Contract,Personal,9,0,1,1,Fair,High,0.07142738943738379
LN100134,59,173933.67,731,0.331,157403.98,Employed,Business,4,0,1,0,Good,Low,0.9049655538229027
LN100135,35,510904.06,720,0.206,62489.79,Employed,Business,5,0,1,0,Good,High,0.12231218127332948
LN100136,50,285989.33,700,0.252,68613.11,Employed,Personal,0,2,2,0,Good,Lower-Middle,0.23991492969335604
LN100137,22,361650.11,516,0.213,394908.84,Employed,Vehicle,8,1,0,1,Poor,Upper-Middle,1.091963832113863
LN100138,38,386411.45,734,0.317,444436.21,Unemployed,Personal,1,0,2,0,Good,Upper-Middle,1.1501631486334063
LN100139,42,518362.72,616,0.348,121010.33,Employed,Education,12,1,0,0,Fair,High,0.2334472085492568
LN100140,69,313963.74,704,0.372,99749.26,Employed,Personal,15,0,1,0,Good,Upper-Middle,0.31770949091127526
LN100141,31,651561.36,577,0.19,197764.36,Employed,Vehicle,12,0,1,0,Poor,High,0.3035237694267198
LN100142,34,355654.42,561,0.284,76358.25,Employed,Personal,2,2,1,0,Poor,Upper-Middle,0.2146978800375938
LN100143,41,422878.04,798,0.23,25806.83,Self-employed,Vehicle,10,1,1,0,Very Good,Upper-Middle,0.06102664966948864
LN100144,69,189708.38,578,0.134,18274.13,Self-employed,Personal,6,0,0,0,Poor,Low,0.09632747904968668
LN100145,62,983428.49,736,0.176,104861.61,Employed,Vehicle,0,0,0,0,Good,High,0.10662860702764469
LN100146,22,388458.44,659,0.346,195136.92,Employed,Personal,11,0,3,0,Fair,Upper-Middle,0.5023366721031985
LN100147,32,444047.29,618,0.551,111149.97,Employed,Home,13,1,2,0,Fair,High,0.2503111098820128
LN100148,61,123875.9,647,0.137,186224.86,Employed,Home,7,1,3,0,Fair,Low,1.5033179173673006
LN100149,23,190813.47,552,0.24,198715.11,Contract,Business,14,0,2,0,Poor,Low,1.0414102840852901
LN100150,62,592658.59,649,0.517,270807.11,Contract,Personal,0,1,1,1,Fair,High,0.45693610886497066
LN100151,34,351276.12,569,0.128,124157.67,Employed,Home,13,0,1,0,Poor,Upper-Middle,0.35344751018087994
LN100152,65,104710.94,620,0.185,131604.25,Contract,Education,10,0,0,0,Fair,Low,1.2568338131622159
LN100153,35,531042.44,719,0.343,107400.05,Contract,Personal,10,1,0,0,Good,High,0.20224381689719567
LN100154,42,222449.91,669,0.337,92992.47,Contract,Education,8,0,1,0,Fair,Lower-Middle,0.4180377955648532
LN100155,53,651975.39,539,0.689,39593.34,Contract,Vehicle,0,0,2,1,Poor,High,0.0607282738080037
LN100156,27,285851.62,714,0.271,235631.71,Unemployed,Personal,7,3,1,0,Good,Lower-Middle,0.8243147616235305
LN100157,48,335751.45,649,0.299,85715.72,Employed,Home,15,0,3,0,Fair,Upper-Middle,0.25529515955925136
LN100158,45,573757.88,609,0.282,82582.6,Employed,Personal,7,0,1,1,Fair,High,0.14393283801174112
LN100159,59,183123.6,706,0.312,77356.82,Unemployed,Education,1,0,1,0,Good,Low,0.4224295503146509
LN100160,69,173767.24,637,0.053,46027.0,Employed,Personal,7,0,0,0,Fair,Low,0.26487731519473984
LN100161,53,269268.32,563,0.33,104050.6,Self-employed,Vehicle,2,1,2,0,Poor,Lower-Middle,0.3864197615226329
LN100162,41,472826.03,789,0.268,153877.47,Employed,Home,6,0,0,0,Very Good,High,0.3254420447199153
LN100163,40,144286.37,649,0.541,69549.83,Employed,Business,10,1,0,0,Fair,Low,0.48202633415755075
LN100164,41,119864.68,644,0.191,215922.83,Unemployed,Business,1,1,3,0,Fair,Low,1.801388282186212
LN100165,60,471929.2,620,0.21,86575.16,Employed,Business,7,2,1,0,Fair,High,0.18344946657252825
LN100166,36,215324.11,738,0.413,40619.78,Employed,Personal,8,0,1,0,Good,Lower-Middle,0.1886448294155262
LN100167,29,241787.24,611,0.43,268643.26,Employed,Home,12,2,2,0,Fair,Lower-Middle,1.11107294164903
LN100168,37,108043.81,534,0.543,125146.01,Unemployed,Personal,1,0,2,0,Poor,Low,1.1582894938636465
LN100169,22,206508.97,599,0.743,192792.49,Employed,Vehicle,10,1,0,0,Fair,Low,0.9335792532401861
LN100170,26,298753.99,750,0.39,195769.73,Contract,Vehicle,9,0,0,0,Very Good,Lower-Middle,0.6552874155756045
LN100171,25,500441.29,712,0.137,59472.2,Employed,Vehicle,0,1,0,0,Good,High,0.11883951462118564
LN100172,58,196292.5,631,0.286,78353.95,Contract,Home,1,0,1,0,Fair,Low,0.3991693518601067
LN100173,56,746457.99,753,0.093,215458.07,Employed,Home,10,0,1,0,Very Good,High,0.2886405837788675
LN100174,55,205876.54,706,0.088,362625.91,Contract,Home,13,1,1,0,Good,Low,1.7613755797527972
LN100175,43,206042.4,630,0.549,114619.34,Employed,Personal,13,0,2,0,Fair,Low,0.5562900645692342
LN100176,56,698775.23,638,0.174,73171.57,Employed,Business,12,1,1,0,Fair,High,0.10471402943118062
LN100177,28,337000.89,675,0.333,328323.32,Employed,Vehicle,13,0,1,0,Good,Upper-Middle,0.9742506021274899
LN100178,65,221443.81,588,0.3,73198.35,Self-employed,Home,9,2,0,0,Fair,Lower-Middle,0.3305504452800013
LN100179,45,275464.63,650,0.375,136225.45,Self-employed,Vehicle,2,0,1,0,Fair,Lower-Middle,0.4945297332728344
LN100180,66,631421.07,673,0.246,83297.75,Employed,Personal,8,0,0,0,Good,High,0.13192108080903922
LN100181,28,671956.78,523,0.256,131023.63,Employed,Vehicle,5,1,0,0,Poor,High,0.19498818063864168
LN100182,45,191434.6,636,0.53,59497.63,Contract,Personal,4,0,2,0,Fair,Low,0.31079872708486345
LN100183,55,293079.49,627,0.552,86224.19,Self-employed,Home,1,3,3,0,Fair,Lower-Middle,0.29420069620020156
LN100184,45,315250.87,727,0.317,73166.46,Self-employed,Personal,0,1,0,0,Good,Upper-Middle,0.23208963705635455
LN100185,42,174399.81,512,0.185,169175.26,Employed,Personal,12,0,0,0,Poor,Low,0.9700426852529255
LN100186,29,290951.24,621,0.337,122311.34,Employed,Vehicle,2,0,1,0,Fair,Lower-Middle,0.42038432281642796
LN100187,39,300879.56,614,0.117,194924.22,Employed,Business,10,0,3,0,Fair,Upper-Middle,0.6478479960552986
LN100188,32,561660.56,722,0.359,64311.37,Employed,Education,4,2,1,0,Good,High,0.11450220040374563
LN100189,35,582812.92,647,0.576,96061.37,Contract,Home,7,0,1,0,Fair,High,0.1648236796123188
LN100190,54,250314.29,785,0.24,165132.94,Employed,Education,6,1,3,0,Very Good,Lower-Middle,0.6597024085201049
LN100191,51,266695.68,700,0.679,192219.02,Employed,Vehicle,4,3,0,0,Good,Lower-Middle,0.7207429081715909
LN100192,50,432310.14,619,0.306,42979.39,Employed,Business,7,1,0,0,Fair,Upper-Middle,0.0994179548969173
LN100193,38,217441.28,668,0.403,135239.57,Employed,Vehicle,12,1,1,0,Fair,Lower-Middle,0.6219590410799642
LN100194,68,414691.37,623,0.451,64836.44,Self-employed,Business,8,1,1,0,Fair,Upper-Middle,0.1563486599684966
LN100195,25,285840.48,714,0.276,198646.33,Self-employed,Personal,12,0,1,0,Good,Lower-Middle,0.694955207184091
LN100196,37,176022.75,550,0.115,368635.59,Contract,Personal,14,0,1,1,Poor,Low,2.0942496921562697
LN100197,26,177243.11,588,0.243,20140.52,Employed,Home,7,0,2,0,Fair,Low,0.11363217447493447
LN100198,37,664918.69,684,0.338,71816.49,Contract,Home,12,1,0,0,Good,High,0.10800792800695677
LN100199,68,275269.51,742,0.554,130572.86,Unemployed,Business,1,0,0,0,Very Good,Lower-Middle,0.47434552413741715
LN100200,38,739502.18,485,0.223,109725.48,Unemployed,Education,9,0,1,0,Poor,High,0.14837749362686123
LN100201,65,226169.01,753,0.334,202604.03,Employed,Business,7,0,1,0,Very Good,Lower-Middle,0.8958080950170847
LN100202,45,352110.6,639,0.504,115800.89,Employed,Education,0,1,1,1,Fair,Upper-Middle,0.3288764666556474
LN100203,55,1118512.18,509,0.27,77956.32,Contract,Education,14,1,3,0,Poor,High,0.06969644264401306
LN100204,43,167707.23,425,0.62,56671.14,Self-employed,Business,11,0,0,1,Poor,Low,0.3379170951663801
LN100205,34,105634.44,535,0.223,50801.87,Employed,Personal,9,2,1,0,Poor,Low,0.48092146841503586
LN100206,58,608749.62,649,0.092,67876.71,Contract,Vehicle,11,0,1,0,Fair,High,0.11150185194366119
LN100207,68,190382.93,645,0.308,76185.16,Contract,Personal,12,0,3,0,Fair,Low,0.4001680192651726
LN100208,33,296602.83,697,0.166,141163.59,Contract,Vehicle,12,0,2,0,Good,Lower-Middle,0.4759347373725328
LN100209,59,217354.02,609,0.144,99345.92,Employed,Education,4,0,2,0,Fair,Lower-Middle,0.4570696230969181
LN100210,33,347676.35,567,0.32,72052.81,Self-employed,Vehicle,6,1,2,0,Poor,Upper-Middle,0.20724104472449736
LN100211,56,177858.37,619,0.265,57078.34,Self-employed,Business,5,0,1,0,Fair,Low,0.32092017935394324
LN100212,59,271731.77,653,0.625,69670.15,Employed,Business,14,2,2,0,Fair,Lower-Middle,0.2563930967659762
LN100213,43,384206.78,667,0.123,76237.92,Contract,Business,1,1,0,0,Fair,Upper-Middle,0.19842939783623806
LN100214,57,172295.77,591,0.145,67639.94,Employed,Vehicle,14,1,1,0,Fair,Low,0.3925803866223762
LN100215,34,204125.76,718,0.468,170375.3,Employed,Personal,5,1,0,0,Good,Low,0.8346584968011875
LN100216,24,247824.77,603,0.107,267657.78,Contract,Vehicle,12,2,2,0,Fair,Lower-Middle,1.0800283603612344
LN100217,25,136719.86,585,0.349,51215.37,Employed,Vehicle,2,1,2,1,Fair,Low,0.37460080781241295
LN100218,42,237786.67,609,0.118,227692.36,Employed,Personal,13,0,0,0,Fair,Lower-Middle,0.9575488819453166
LN100219,65,320255.97,731,0.469,172618.55,Contract,Home,8,0,1,0,Good,Upper-Middle,0.5390018178271587
LN100220,27,240815.37,640,0.222,123642.58,Contract,Home,15,1,0,0,Fair,Lower-Middle,0.5134330919160185
LN100221,43,258404.3,598,0.214,296726.88,Contract,Personal,6,2,0,0,Fair,Lower-Middle,1.1483047302231426
LN100222,55,296734.13,719,0.23,98475.33,Employed,Personal,15,1,1,0,Good,Lower-Middle,0.33186384727634805
LN100223,30,209165.03,811,0.267,142838.33,Self-employed,Vehicle,13,0,2,0,Excellent,Lower-Middle,0.6828977578135312
LN100224,56,438722.41,666,0.097,119211.69,Employed,Personal,0,3,4,0,Fair,High,0.27172464246811556
LN100225,35,660878.79,743,0.187,113585.85,Employed,Business,6,1,0,0,Very Good,High,0.1718709265885201
LN100226,60,232379.84,728,0.074,148239.54,Employed,Home,6,0,1,0,Good,Lower-Middle,0.6379191069242496
LN100227,49,391756.9,605,0.122,113369.74,Employed,Personal,3,0,2,0,Fair,Upper-Middle,0.28938798525309956
LN100228,47,262957.66,652,0.241,148927.08,Self-employed,Education,14,0,0,0,Fair,Lower-Middle,0.5663538381045831
LN100229,29,366794.05,554,0.235,71171.84,Employed,Vehicle,1,0,1,0,Poor,Upper-Middle,0.19403760775290657
LN100230,43,709784.37,635,0.577,72631.85,Contract,Home,4,1,1,0,Fair,High,0.10232945817051453
LN100231,62,396844.78,603,0.107,70962.18,Unemployed,Vehicle,4,2,1,0,Fair,Upper-Middle,0.17881595922718194
LN100232,21,113114.94,620,0.593,86778.77,Employed,Personal,6,4,0,0,Fair,Low,0.7671733725005734
LN100233,58,385091.15,594,0.302,212536.84,Contract,Education,11,1,1,0,Fair,Upper-Middle,0.5519130730477706
LN100234,45,591024.54,628,0.484,81454.72,Self-employed,Home,0,2,4,1,Fair,High,0.13781952268851644
LN100235,56,265576.94,690,0.279,168103.51,Employed,Vehicle,10,0,2,0,Good,Lower-Middle,0.6329747981884271
LN100236,53,518729.02,641,0.531,130715.14,Employed,Business,6,0,2,0,Fair,High,0.2519911841446619
LN100237,42,205247.98,510,0.444,82562.56,Self-employed,Vehicle,9,0,3,1,Poor,Low,0.40225760078125977
LN100238,36,132520.31,594,0.229,257610.57,Employed,Home,0,0,2,0,Fair,Low,1.9439327451014867
LN100239,51,324221.02,536,0.102,177496.81,Self-employed,Business,13,0,1,0,Poor,Upper-Middle,0.5474562074969722
LN100240,27,114173.62,668,0.057,110127.49,Employed,Vehicle,9,0,0,0,Fair,Low,0.9645616036348853
LN100241,49,262935.41,688,0.312,104348.92,Employed,Personal,4,2,0,1,Good,Lower-Middle,0.3968614193120661
LN100242,25,608834.04,669,0.202,116909.79,Employed,Home,12,2,0,0,Fair,High,0.19202242699833272
LN100243,52,104942.53,591,0.388,40702.15,Employed,Vehicle,7,2,1,0,Fair,Low,0.3878518080324536
LN100244,51,148421.95,669,0.618,64344.77,Self-employed,Vehicle,6,2,2,1,Fair,Low,0.43352597105751534
LN100245,25,170062.28,615,0.384,148578.8,Self-employed,Business,2,0,1,0,Fair,Low,0.8736728685514507
LN100246,58,289732.06,565,0.125,39313.93,Employed,Personal,7,3,1,0,Poor,Lower-Middle,0.13569064465975908
LN100247,41,245338.34,706,0.174,67661.98,Contract,Vehicle,3,0,3,0,Good,Lower-Middle,0.27579048590611643
LN100248,59,647622.19,711,0.291,85227.71,Employed,Personal,11,0,1,0,Good,High,0.13160097247439903
LN100249,23,507082.67,721,0.502,726222.09,Self-employed,Personal,5,1,0,1,Good,High,1.4321571865195077
LN100250,29,393933.69,604,0.292,170444.47,Employed,Education,1,0,0,0,Fair,Upper-Middle,0.4326729963106227
LN100251,45,325017.54,738,0.466,224472.35,Employed,Education,11,1,2,0,Good,Upper-Middle,0.6906468801652982
LN100252,30,372433.63,613,0.12,65178.83,Contract,Education,13,1,2,1,Fair,Upper-Middle,0.1750079067779137
LN100253,37,186735.31,699,0.188,139186.77,Contract,Home,13,0,0,0,Good,Low,0.7453693144590596
LN100254,53,480702.3,612,0.52,35035.68,Employed,Personal,7,0,1,0,Fair,High,0.07288436106921062
LN100255,28,162740.7,633,0.216,88728.47,Employed,Personal,4,1,1,0,Fair,Low,0.5452137664394955
LN100256,54,474964.38,468,0.33,152775.3,Self-employed,Business,3,1,0,0,Poor,High,0.321656331365312
LN100257,26,576030.64,627,0.514,43774.64,Employed,Personal,6,0,0,0,Fair,High,0.0759935964517443
LN100258,29,336890.52,657,0.182,142027.31,Contract,Personal,1,0,1,1,Fair,Upper-Middle,0.42158298191353083
LN100259,49,272289.35,619,0.225,149893.76,Employed,Personal,14,2,1,0,Fair,Lower-Middle,0.5504943913524345
LN100260,59,373886.74,782,0.141,74355.17,Employed,Business,3,0,0,0,Very Good,Upper-Middle,0.19887083986984935
LN100261,29,62174.65,563,0.288,63934.38,Employed,Personal,12,0,2,0,Poor,Low,1.0283030141705662
LN100262,35,354257.66,608,0.196,69101.28,Employed,Personal,6,0,4,0,Fair,Upper-Middle,0.19505938135536718
LN100263,66,281867.69,582,0.443,87791.4,Contract,Personal,11,1,0,0,Fair,Lower-Middle,0.3114631549291797
LN100264,69,291761.59,608,0.331,89530.31,Self-employed,Vehicle,14,0,1,0,Fair,Lower-Middle,0.3068611944430382
LN100265,49,442471.19,727,0.299,153197.21,Employed,Education,6,2,2,0,Good,High,0.3462309263570358
LN100266,42,287913.35,761,0.245,77720.47,Employed,Personal,15,0,3,0,Very Good,Lower-Middle,0.26994396057008124
LN100267,37,160239.36,597,0.099,311644.26,Employed,Home,5,0,2,0,Fair,Low,1.9448671038126963
LN100268,51,277552.75,596,0.433,310178.72,Self-employed,Education,4,2,2,0,Fair,Lower-Middle,1.1175487182166273
LN100269,49,311356.32,563,0.328,128253.81,Employed,Home,11,0,2,0,Poor,Upper-Middle,0.41191972592687376
LN100270,35,319576.32,748,0.229,87923.59,Employed,Vehicle,2,0,1,0,Very Good,Upper-Middle,0.275125484891997
LN100271,22,327942.45,734,0.344,77777.14,Self-employed,Education,1,0,2,0,Good,Upper-Middle,0.23716703952172094
LN100272,28,531357.71,642,0.16,135148.4,Self-employed,Vehicle,5,1,0,0,Fair,High,0.2543454201502035
LN100273,67,165085.49,545,0.345,151425.69,Unemployed,Personal,8,1,2,0,Poor,Low,0.9172562046488762
LN100274,41,330437.56,552,0.515,96527.46,Employed,Personal,7,1,3,0,Poor,Upper-Middle,0.292120120969299
LN100275,44,609868.77,663,0.294,85195.29,Employed,Vehicle,0,1,0,0,Fair,High,0.139694462466081
LN100276,43,115554.95,691,0.238,138346.79,Employed,Home,8,1,0,0,Good,Low,1.197238110526637
LN100277,59,331155.53,495,0.244,115048.91,Contract,Vehicle,9,1,2,0,Poor,Upper-Middle,0.347416544727488
LN100278,24,217418.55,626,0.548,75838.1,Employed,Education,4,0,2,0,Fair,Lower-Middle,0.3488115434492596
LN100279,25,244665.45,771,0.177,118386.66,Employed,Personal,9,2,2,0,Very Good,Lower-Middle,0.4838715887347396
LN100280,34,182388.38,634,0.241,74221.61,Employed,Personal,5,2,2,0,Fair,Low,0.40694264623656395
LN100281,44,273288.93,762,0.291,67484.79,Employed,Home,0,2,2,1,Very Good,Lower-Middle,0.24693568817441672
LN100282,53,825899.47,699,0.071,109644.7,Employed,Education,11,0,0,0,Good,High,0.13275792512616577
LN100283,45,149656.97,569,0.254,75712.65,Self-employed,Business,6,0,1,0,Poor,Low,0.5059079440135664
LN100284,42,157668.85,628,0.516,68308.3,Employed,Business,15,3,1,0,Fair,Low,0.4332390323136117
LN100285,66,146601.56,640,0.075,217064.49,Self-employed,Personal,3,1,2,0,Fair,Low,1.48064242972585
LN100286,28,775775.0,579,0.173,85246.49,Contract,Vehicle,0,3,0,0,Poor,High,0.10988558538235958
LN100287,49,232640.8,577,0.193,364550.63,Employed,Home,12,3,2,0,Poor,Lower-Middle,1.567010730705878
LN100288,47,295799.24,763,0.148,165305.57,Employed,Vehicle,13,0,1,0,Very Good,Lower-Middle,0.5588437955418682
LN100289,44,240387.42,577,0.145,64523.09,Unemployed,Vehicle,14,0,0,0,Poor,Lower-Middle,0.2684129227727474
LN100290,60,178457.4,731,0.2,233766.82,Employed,Personal,15,1,2,0,Good,Low,1.3099306613230945
LN100291,34,263604.43,617,0.526,69039.42,Employed,Home,5,0,1,0,Fair,Lower-Middle,0.2619053860361907
LN100292,67,1159583.84,648,0.135,396690.45,Employed,Business,10,2,1,0,Fair,High,0.34209725620184567
LN100293,37,645110.41,692,0.136,127422.18,Employed,Personal,0,1,4,0,Good,High,0.19751995631259459
LN100294,47,187666.54,605,0.184,156514.58,Self-employed,Business,6,1,1,0,Fair,Low,0.8340036535015778
LN100295,46,428353.26,693,0.636,112235.54,Self-employed,Business,14,1,1,0,Good,Upper-Middle,0.26201630868876774
LN100296,62,189890.0,497,0.362,130752.22,Employed,Vehicle,10,2,1,1,Poor,Low,0.6885682237084628
LN100297,42,112931.37,683,0.335,94780.06,Employed,Personal,13,0,1,0,Good,Low,0.8392713202717722
LN100298,34,525585.82,465,0.515,60262.19,Employed,Business,15,0,1,1,Poor,High,0.11465718386390258
LN100299,22,567836.51,633,0.201,137176.6,Employed,Home,12,1,4,0,Fair,High,0.2415776329704478
LN100300,38,533314.45,714,0.248,214133.56,Self-employed,Home,10,0,1,0,Good,High,0.4015146411277625
LN100301,61,231679.88,697,0.053,50732.3,Self-employed,Vehicle,5,1,2,0,Good,Lower-Middle,0.21897585582312976
LN100302,21,273706.35,553,0.302,299402.36,Contract,Vehicle,8,2,2,0,Poor,Lower-Middle,1.093881672821986
LN100303,64,453118.43,562,0.264,162588.02,Employed,Personal,1,1,1,0,Poor,High,0.3588201433342713
LN100304,47,372078.66,598,0.442,82805.13,Employed,Vehicle,9,0,1,0,Fair,Upper-Middle,0.22254737748195505
LN100305,27,241599.61,664,0.132,81848.9,Contract,Vehicle,15,0,0,0,Fair,Lower-Middle,0.3387791064728954
LN100306,35,123136.44,498,0.61,369513.01,Employed,Personal,2,1,2,0,Poor,Low,3.0008420740440442
LN100307,48,319390.29,649,0.643,202482.09,Employed,Personal,7,1,1,0,Fair,Upper-Middle,0.6339644514553026
LN100308,36,543069.76,673,0.205,230791.25,Contract,Vehicle,14,1,2,0,Good,High,0.42497532913635255
LN100309,26,155261.21,629,0.081,93437.26,Self-employed,Personal,5,1,1,0,Fair,Low,0.6018068518208766
LN100310,53,426281.59,689,0.238,157837.45,Employed,Business,9,0,1,0,Good,Upper-Middle,0.3702656969070609
LN100311,53,360009.5,667,0.485,138044.55,Self-employed,Vehicle,12,1,1,0,Fair,Upper-Middle,0.38344696459398986
LN100312,26,453213.82,609,0.552,98195.24,Employed,Education,12,0,0,0,Fair,High,0.2166642667692702
LN100313,34,484621.9,505,0.508,118095.96,Employed,Home,10,0,0,0,Poor,High,0.24368679995683232
LN100314,32,204757.55,660,0.542,226334.42,Employed,Personal,1,3,1,0,Fair,Low,1.1053776527410102
LN100315,53,123279.58,579,0.123,311131.26,Employed,Business,0,0,1,0,Poor,Low,2.523785853261343
LN100316,56,223709.14,607,0.097,93410.85,Employed,Home,12,0,0,0,Fair,Lower-Middle,0.4175549108096343
LN100317,56,489215.21,686,0.152,46852.0,Self-employed,Business,15,2,1,0,Good,High,0.09576971247480225
LN100318,66,222667.66,756,0.45,320158.37,Employed,Home,4,1,1,0,Very Good,Lower-Middle,1.4378305767438342
LN100319,58,204805.07,647,0.475,322783.89,Employed,Business,8,2,2,0,Fair,Low,1.5760541963145738
LN100320,36,110171.67,692,0.437,142698.25,Self-employed,Education,1,1,2,1,Good,Low,1.2952354266754784
LN100321,26,786614.76,542,0.291,352725.63,Employed,Vehicle,3,0,0,1,Poor,High,0.44840962557071773
LN100322,51,472446.72,668,0.079,136105.5,Contract,Business,7,0,0,0,Fair,High,0.28808645343119327
LN100323,65,458163.11,646,0.183,60921.86,Self-employed,Personal,0,2,1,1,Fair,High,0.13296980632072278
LN100324,68,510827.23,742,0.42,46880.22,Employed,Home,9,1,1,0,Very Good,High,0.09177314216393673
LN100325,32,411978.87,609,0.158,46589.86,Employed,Personal,8,0,0,0,Fair,Upper-Middle,0.11308798434249796
LN100326,32,262277.11,632,0.216,110326.3,Employed,Home,1,0,1,0,Fair,Lower-Middle,0.4206478407513336
LN100327,22,274160.09,729,0.405,81241.05,Self-employed,Business,9,1,0,0,Good,Lower-Middle,0.29632704745610494
LN100328,27,237133.22,643,0.356,75506.91,Employed,Home,7,1,2,0,Fair,Lower-Middle,0.3184155724786262
LN100329,48,1277793.31,567,0.353,102615.71,Self-employed,Education,1,0,1,1,Poor,High,0.08030697077291789
LN100330,47,407293.51,841,0.351,192127.99,Employed,Education,3,1,0,0,Excellent,Upper-Middle,0.4717187612441946
LN100331,39,232453.97,569,0.337,77086.25,Employed,Education,8,2,2,0,Poor,Lower-Middle,0.3316194169538167
LN100332,36,387534.82,645,0.441,69094.46,Employed,Education,12,1,0,0,Fair,Upper-Middle,0.17829226287330777
LN100333,61,172053.34,676,0.169,80465.09,Employed,Vehicle,6,0,2,0,Good,Low,0.46767525698716456
LN100334,43,686263.16,670,0.274,200152.97,Employed,Personal,10,1,1,0,Good,High,0.2916562940665502
LN100335,60,208553.26,636,0.155,105105.93,Self-employed,Home,7,1,0,0,Fair,Lower-Middle,0.5039764422766635
LN100336,68,395195.06,636,0.062,131949.65,Employed,Personal,13,1,0,0,Fair,Upper-Middle,0.33388486688067404
LN100337,36,539191.16,632,0.275,301854.67,Employed,Home,15,0,1,1,Fair,High,0.5598286700397684
LN100338,30,370704.47,566,0.882,698271.49,Contract,Business,6,3,4,0,Poor,Upper-Middle,1.8836338552917908
LN100339,67,315999.61,811,0.294,166789.44,Employed,Personal,4,1,2,0,Excellent,Upper-Middle,0.5278153349619641
LN100340,52,301787.65,634,0.201,156391.46,Employed,Personal,9,1,2,0,Fair,Upper-Middle,0.5182168985377632
LN100341,35,290830.28,695,0.175,50934.36,Employed,Vehicle,14,0,2,0,Good,Lower-Middle,0.17513430857337137
LN100342,51,218458.99,625,0.595,139772.41,Employed,Business,9,0,1,0,Fair,Lower-Middle,0.6398107489190534
LN100343,46,234291.62,623,0.232,114523.19,Employed,Personal,5,1,2,0,Fair,Lower-Middle,0.48880617241026375
LN100344,65,676922.76,616,0.49,196456.64,Unemployed,Business,12,0,1,0,Fair,High,0.2902201722394443
LN100345,33,282615.5,534,0.242,85266.35,Employed,Home,2,1,2,1,Poor,Lower-Middle,0.3017044358855052
LN100346,69,194726.21,638,0.089,125329.52,Employed,Personal,4,0,1,0,Fair,Low,0.6436191614883277
LN100347,66,225838.2,619,0.428,163021.38,Employed,Personal,2,0,1,0,Fair,Lower-Middle,0.7218503335573875
LN100348,29,549487.68,738,0.145,377863.51,Contract,Business,14,0,1,0,Good,High,0.6876651174417595
LN100349,29,435008.74,560,0.073,303970.92,Employed,Vehicle,15,1,1,0,Poor,Upper-Middle,0.6987696844895576
LN100350,47,408284.21,607,0.472,250492.1,Contract,Vehicle,15,0,0,0,Fair,Upper-Middle,0.6135238489874492
LN100351,23,260380.97,583,0.114,176462.41,Employed,Business,0,0,1,0,Fair,Lower-Middle,0.6777085514352297
LN100352,35,411221.43,758,0.297,83106.1,Contract,Vehicle,14,1,0,0,Very Good,Upper-Middle,0.20209574194613353
LN100353,42,210571.2,585,0.345,176395.83,Contract,Personal,3,0,1,0,Fair,Lower-Middle,0.8377015945200482
LN100354,68,260081.43,692,0.263,66586.79,Employed,Vehicle,15,1,1,0,Good,Lower-Middle,0.2560228540730493
LN100355,69,511411.7,723,0.378,96200.84,Unemployed,Business,5,0,1,0,Good,High,0.1881084065929661
LN100356,28,485235.92,639,0.286,349470.83,Contract,Education,4,0,1,0,Fair,High,0.7202080794018713
LN100357,64,174815.66,547,0.192,156048.75,Employed,Vehicle,10,1,0,0,Poor,Low,0.8926474321579657
LN100358,25,187399.54,548,0.255,127490.12,Employed,Personal,12,0,1,0,Poor,Low,0.6803118086629241
LN100359,57,318482.86,714,0.224,138613.91,Self-employed,Home,6,1,3,0,Good,Upper-Middle,0.4352319305346605
LN100360,62,775226.53,555,0.26,103491.79,Contract,Home,13,2,4,0,Poor,High,0.13349877228788853
LN100361,64,104608.17,679,0.194,27090.91,Self-employed,Personal,0,0,1,0,Good,Low,0.2589750877010849
LN100362,31,349626.55,659,0.48,48357.86,Self-employed,Vehicle,14,1,1,0,Fair,Upper-Middle,0.13831289414376569
LN100363,64,140746.25,678,0.105,164298.57,Employed,Home,8,0,1,0,Good,Low,1.1673388811424816
LN100364,26,211642.9,685,0.566,60468.71,Contract,Education,8,1,0,0,Good,Lower-Middle,0.2857110255056985
LN100365,46,245512.25,580,0.153,102570.42,Employed,Vehicle,14,1,2,0,Fair,Lower-Middle,0.41778127160661027
LN100366,44,238055.27,577,0.362,49533.16,Self-employed,Business,0,1,2,1,Poor,Lower-Middle,0.20807420058375523
LN100367,36,223675.13,704,0.227,68948.47,Employed,Personal,14,1,2,0,Good,Lower-Middle,0.30825273243386514
LN100368,22,301191.52,603,0.512,109695.72,Self-employed,Business,3,0,0,0,Fair,Upper-Middle,0.3642058714003634
LN100369,58,223495.64,444,0.346,200535.2,Contract,Personal,15,2,0,1,Poor,Lower-Middle,0.8972667207288697
LN100370,37,134213.38,699,0.346,228444.47,Employed,Business,11,0,3,0,Good,Low,1.7020990753678955
LN100371,53,460683.27,572,0.269,68235.58,Contract,Vehicle,5,1,2,0,Poor,High,0.14811820711440205
LN100372,41,453893.31,685,0.198,134267.96,Contract,Personal,1,1,3,0,Good,High,0.2958139215579097
LN100373,39,477005.65,754,0.459,43551.83,Employed,Business,1,0,1,0,Very Good,High,0.09130254536817331
LN100374,64,128557.79,651,0.544,114108.22,Employed,Personal,1,0,3,0,Fair,Low,0.8876025326819946
LN100375,25,353607.47,725,0.439,204411.89,Employed,Business,1,0,0,0,Good,Upper-Middle,0.5780757120317623
LN100376,57,435097.81,662,0.225,105309.07,Employed,Business,9,1,0,0,Fair,Upper-Middle,0.24203539429444612
LN100377,57,170139.95,769,0.651,258702.07,Contract,Home,13,1,3,0,Very Good,Low,1.520525132398358
LN100378,39,301517.41,570,0.382,189516.85,Employed,Education,12,1,0,0,Poor,Upper-Middle,0.6285436386575489
LN100379,33,281416.51,649,0.218,128681.62,Self-employed,Vehicle,11,0,2,0,Fair,Lower-Middle,0.4572639323826452
LN100380,21,826306.14,700,0.422,93519.71,Employed,Business,15,1,1,0,Good,High,0.1131780407682799
LN100381,66,864589.9,636,0.536,77724.15,Employed,Business,10,1,0,0,Fair,High,0.08989712926324954
LN100382,67,120107.41,736,0.563,42640.39,Self-employed,Education,1,0,1,0,Good,Low,0.3550188119117713
LN100383,32,1182566.47,618,0.032,47400.28,Employed,Home,7,0,2,0,Fair,High,0.040082550285735735
LN100384,22,181346.28,805,0.041,210016.88,Contract,Vehicle,12,0,1,0,Excellent,Low,1.1580986386927816
LN100385,27,514478.0,809,0.176,294235.18,Employed,Home,7,3,2,0,Excellent,High,0.5719101302679609
LN100386,24,511606.8,671,0.172,54478.52,Self-employed,Education,4,2,0,0,Good,High,0.10648513663227306
LN100387,61,173495.71,691,0.602,114985.02,Self-employed,Business,7,1,0,0,Good,Low,0.6627542548458404
LN100388,64,393499.49,739,0.334,39530.5,Self-employed,Vehicle,12,1,0,0,Good,Upper-Middle,0.10045883413978504
LN100389,28,282771.43,561,0.214,58298.19,Self-employed,Personal,5,0,1,0,Poor,Lower-Middle,0.2061671859848076
LN100390,57,406939.28,552,0.288,130238.77,Employed,Personal,5,0,0,1,Poor,Upper-Middle,0.3200447251000198
LN100391,29,340580.75,744,0.45,78517.95,Self-employed,Personal,7,2,1,0,Very Good,Upper-Middle,0.23054136207052217
LN100392,38,579270.29,671,0.257,31656.85,Employed,Home,6,3,1,0,Good,High,0.05464953156841515
LN100393,50,312702.49,633,0.442,336212.19,Contract,Vehicle,3,0,3,0,Fair,Upper-Middle,1.075182324259714
LN100394,56,273541.06,651,0.244,106541.55,Employed,Vehicle,4,1,0,0,Fair,Lower-Middle,0.38949015551815147
LN100395,63,548187.73,471,0.342,53657.26,Employed,Vehicle,1,0,2,0,Poor,High,0.09788117658160646
LN100396,23,412815.29,636,0.38,119546.16,Employed,Home,12,0,1,0,Fair,Upper-Middle,0.2895875295704285
LN100397,30,448666.5,594,0.341,104367.33,Employed,Education,3,1,0,1,Fair,High,0.23261672088288296
LN100398,34,208150.17,719,0.056,144700.63,Employed,Personal,15,3,3,0,Good,Low,0.6951742100426821
LN100399,36,168829.27,725,0.331,88197.16,Employed,Vehicle,15,0,1,1,Good,Low,0.5224044385194582
LN100400,69,219540.19,693,0.151,134928.96,Employed,Personal,10,2,0,0,Good,Lower-Middle,0.6145979922856037
LN100401,59,213221.33,680,0.161,203129.51,Employed,Education,15,0,0,0,Good,Lower-Middle,0.9526697446263938
LN100402,36,462289.85,538,0.21,46696.1,Employed,Home,13,1,0,0,Poor,High,0.10101043749933078
LN100403,68,513152.82,694,0.24,70095.96,Contract,Vehicle,12,0,6,1,Good,High,0.13659860623975525
LN100404,45,275465.07,697,0.392,189805.65,Contract,Vehicle,5,0,0,0,Good,Lower-Middle,0.6890370891670584
LN100405,45,659042.44,743,0.103,76867.26,Employed,Education,13,0,0,0,Very Good,High,0.11663476482637446
LN100406,42,636790.45,809,0.524,104312.71,Employed,Personal,5,0,2,0,Excellent,High,0.16381010425015013
LN100407,28,342973.05,523,0.298,81022.37,Employed,Vehicle,1,0,2,0,Poor,Upper-Middle,0.2362353835089958
LN100408,66,190898.52,621,0.394,84374.41,Contract,Home,9,1,2,0,Fair,Low,0.44198566861597466
LN100409,21,713540.81,594,0.093,79843.83,Contract,Vehicle,1,0,0,0,Fair,High,0.11189805667877636
LN100410,29,290099.2,663,0.104,48537.33,Employed,Home,1,0,2,0,Fair,Lower-Middle,0.16731287090760677
LN100411,32,321556.52,651,0.28,148258.65,Employed,Personal,1,0,0,0,Fair,Upper-Middle,0.46106560053579376
LN100412,34,248887.18,632,0.806,219417.75,Employed,Personal,14,1,1,0,Fair,Lower-Middle,0.8815952272029439
LN100413,27,183901.04,727,0.504,98077.84,Employed,Personal,1,1,3,0,Good,Low,0.5333185717709916
LN100414,21,133757.81,567,0.667,203900.32,Employed,Personal,6,0,2,0,Poor,Low,1.5243993603065122
LN100415,54,424902.64,572,0.32,79940.02,Self-employed,Vehicle,11,1,1,0,Poor,Upper-Middle,0.1881372636329113
LN100416,68,194982.91,573,0.06,76930.7,Employed,Home,12,0,2,1,Poor,Low,0.3945509891097635
LN100417,26,1614086.84,623,0.17,143657.7,Employed,Education,0,1,1,0,Fair,High,0.08900246036328505
LN100418,35,165081.95,558,0.174,145223.49,Self-employed,Personal,14,0,1,0,Poor,Low,0.8797054432662079
LN100419,45,150238.21,646,0.238,102226.12,Self-employed,Personal,15,0,2,0,Fair,Low,0.680426903382302
LN100420,66,397167.76,638,0.394,170760.61,Employed,Personal,15,0,1,0,Fair,Upper-Middle,0.42994579922599957
LN100421,55,695690.51,591,0.192,47652.99,Self-employed,Personal,10,2,1,0,Fair,High,0.0684973983618089
LN100422,58,310848.85,716,0.227,90278.43,Employed,Personal,8,0,2,0,Good,Upper-Middle,0.29042549136019
LN100423,49,410968.19,646,0.506,205945.58,Employed,Personal,2,0,2,1,Fair,Upper-Middle,0.5011229214601743
LN100424,41,108834.83,730,0.475,205585.59,Employed,Business,1,1,0,0,Good,Low,1.8889687244423499
LN100425,30,206675.75,635,0.361,189406.8,Employed,Home,13,0,3,1,Fair,Low,0.9164442369266834
LN100426,63,166216.94,648,0.452,213569.18,Employed,Home,13,3,2,0,Fair,Low,1.2848821546107152
LN100427,60,105795.42,608,0.337,86343.11,Self-employed,Education,13,0,1,0,Fair,Low,0.8161327777705311
LN100428,22,319936.2,649,0.576,36310.31,Contract,Vehicle,9,0,2,1,Fair,Upper-Middle,0.11349234628654087
LN100429,56,87376.58,703,0.214,92969.29,Employed,Vehicle,9,0,2,0,Good,Low,1.0640069684576805
LN100430,25,144976.94,619,0.366,166314.0,Employed,Personal,3,0,0,0,Fair,Low,1.1471755439175362
LN100431,57,223257.52,689,0.344,184955.31,Employed,Education,1,0,2,0,Good,Lower-Middle,0.8284393287177965
LN100432,61,189914.75,589,0.307,78132.33,Employed,Education,3,2,1,0,Fair,Low,0.41140738146984374
LN100433,27,373085.33,707,0.304,58631.38,Contract,Home,6,1,2,1,Good,Upper-Middle,0.1571527350056889
LN100434,42,354905.51,607,0.495,62548.94,Employed,Education,4,0,2,1,Fair,Upper-Middle,0.17624110710481786
LN100435,27,490473.76,714,0.209,77253.77,Self-employed,Personal,8,0,0,0,Good,High,0.15750846691574286
LN100436,48,453771.39,655,0.213,32051.36,Employed,Vehicle,12,1,3,0,Fair,High,0.07063327637293307
LN100437,66,561846.97,764,0.467,78087.94,Contract,Vehicle,11,2,0,0,Very Good,High,0.1389843572530079
LN100438,24,299683.63,563,0.366,113477.01,Employed,Education,13,0,1,0,Poor,Upper-Middle,0.37865601801473103
LN100439,40,354493.24,539,0.438,103219.27,Employed,Business,4,0,3,1,Poor,Upper-Middle,0.29117415609956343
LN100440,68,397468.23,604,0.144,88748.32,Employed,Home,14,1,1,0,Fair,Upper-Middle,0.22328405970962764
LN100441,35,324307.99,546,0.117,70278.18,Self-employed,Vehicle,13,0,3,0,Poor,Upper-Middle,0.2167019690140844
LN100442,27,241127.44,546,0.39,75804.35,Employed,Home,5,1,2,0,Poor,Lower-Middle,0.314374631107932
LN100443,44,249869.57,697,0.159,76680.65,Employed,Vehicle,4,0,1,0,Good,Lower-Middle,0.3068827068458156
LN100444,45,191354.05,650,0.285,173997.77,Employed,Personal,14,0,2,1,Fair,Low,0.909297556022462
LN100445,53,378294.02,614,0.485,109933.6,Employed,Vehicle,15,0,3,0,Fair,Upper-Middle,0.2906035892399251
LN100446,36,284881.73,621,0.302,861716.91,Employed,Vehicle,7,2,1,0,Fair,Lower-Middle,3.024823353887945
LN100447,67,208311.99,605,0.185,88629.2,Employed,Business,1,1,2,0,Fair,Lower-Middle,0.4254637479100459
LN100448,46,208418.45,774,0.299,146217.89,Contract,Vehicle,9,1,0,0,Very Good,Lower-Middle,0.701559242955698
LN100449,35,154171.12,595,0.552,89923.42,Contract,Education,13,0,1,0,Fair,Low,0.5832702000218978
LN100450,68,513959.88,551,0.312,88514.16,Employed,Business,7,0,1,0,Poor,High,0.17221997950501505
LN100451,66,313256.45,710,0.037,303694.39,Employed,Education,2,1,1,0,Good,Upper-Middle,0.9694752973163042
LN100452,45,186651.35,634,0.244,210373.98,Employed,Home,11,0,2,0,Fair,Low,1.12709594653347
LN100453,22,468007.23,803,0.295,35160.81,Contract,Home,12,0,0,0,Excellent,High,0.07512877525417716
LN100454,50,220420.18,611,0.442,56590.35,Employed,Business,13,1,2,1,Fair,Lower-Middle,0.2567385164098859
LN100455,48,138408.18,713,0.357,100677.6,Employed,Business,13,1,1,0,Good,Low,0.7273963142929848
LN100456,28,526080.76,731,0.374,78598.85,Self-employed,Vehicle,7,0,2,0,Good,High,0.1494045324904108
LN100457,52,223269.4,611,0.336,41267.19,Employed,Personal,5,0,2,0,Fair,Lower-Middle,0.18483137411575434
LN100458,62,239580.14,594,0.135,118599.66,Employed,Home,2,0,1,1,Fair,Lower-Middle,0.49503126594716906
LN100459,26,306872.23,706,0.138,32449.95,Employed,Vehicle,1,1,0,0,Good,Upper-Middle,0.10574417241990258
LN100460,56,562396.18,693,0.263,119446.63,Employed,Business,13,0,0,0,Good,High,0.21238876480277658
LN100461,27,303324.44,544,0.072,176790.46,Employed,Vehicle,15,0,2,0,Poor,Upper-Middle,0.5828427804894324
LN100462,57,155130.71,565,0.337,193980.7,Unemployed,Home,10,1,3,1,Poor,Low,1.2504339082828926
LN100463,41,404606.43,460,0.185,100150.72,Employed,Education,15,0,1,1,Poor,Upper-Middle,0.24752626892261698
LN100464,21,229760.65,695,0.105,293685.83,Contract,Business,4,2,3,0,Good,Lower-Middle,1.2782251007733483
LN100465,68,847372.73,630,0.418,136460.79,Employed,Personal,12,0,0,0,Fair,High,0.1610398649482147
LN100466,29,299815.3,638,0.129,190617.12,Contract,Personal,6,1,0,0,Fair,Upper-Middle,0.6357818296798062
LN100467,50,87751.85,523,0.383,68163.48,Self-employed,Personal,6,0,0,0,Poor,Low,0.7767754184099821
LN100468,29,365159.12,568,0.571,295758.42,Self-employed,Personal,10,0,1,0,Poor,Upper-Middle,0.8099439499142181
LN100469,66,874201.82,614,0.157,109788.73,Contract,Business,2,1,0,0,Fair,High,0.12558739582582887
LN100470,57,713754.19,600,0.194,306550.21,Employed,Personal,6,0,1,1,Fair,High,0.4294898920313169
LN100471,60,821233.38,659,0.144,265942.47,Self-employed,Education,6,0,1,0,Fair,High,0.32383300104045937
LN100472,42,171214.02,694,0.449,130053.39,Contract,Business,6,0,3,0,Good,Low,0.759595446681294
LN100473,43,495449.93,820,0.309,143190.64,Employed,Vehicle,11,0,2,0,Excellent,High,0.28901132350548525
LN100474,52,201680.64,648,0.185,97858.43,Employed,Education,4,0,1,0,Fair,Low,0.4852147930510335
LN100475,59,339387.2,734,0.473,64586.89,Unemployed,Business,2,1,0,0,Good,Upper-Middle,0.1903044369381049
LN100476,62,148957.14,588,0.246,161961.59,Contract,Business,9,1,1,0,Fair,Low,1.0873033008018278
LN100477,21,210467.62,524,0.142,156664.68,Employed,Vehicle,0,0,1,1,Poor,Lower-Middle,0.7443647626176416
LN100478,53,206819.57,624,0.245,38410.97,Contract,Education,15,0,0,0,Fair,Low,0.18572212484534226
LN100479,26,491758.57,530,0.226,104237.71,Contract,Personal,14,0,0,1,Poor,High,0.21196927996598006
LN100480,35,465996.44,651,0.081,193386.29,Employed,Education,6,0,0,0,Fair,High,0.4149952089762746
LN100481,61,349335.69,591,0.063,285205.36,Employed,Vehicle,11,0,1,0,Fair,Upper-Middle,0.8164220495191888
LN100482,33,142743.7,503,0.079,176255.76,Employed,Home,8,0,4,0,Poor,Low,1.2347708515332025
LN100483,60,252744.93,780,0.105,41028.09,Employed,Home,11,2,2,0,Very Good,Lower-Middle,0.16233002181290046
LN100484,43,199022.6,610,0.338,55428.36,Employed,Vehicle,3,0,1,0,Fair,Low,0.27850284339567466
LN100485,32,484009.31,527,0.176,87845.73,Unemployed,Vehicle,15,0,2,0,Poor,High,0.18149595097664548
LN100486,37,573515.03,717,0.165,273064.53,Self-employed,Personal,14,1,3,0,Good,High,0.4761244530941064
LN100487,47,536354.08,595,0.132,74134.48,Contract,Home,8,0,0,0,Fair,High,0.1382192897647017
LN100488,58,198028.67,732,0.319,218890.22,Employed,Home,14,1,3,1,Good,Low,1.1053461097324948
LN100489,50,66489.18,595,0.361,73364.79,Employed,Education,5,0,0,0,Fair,Low,1.103409456997364
LN100490,66,113517.09,609,0.396,155505.63,Employed,Home,12,1,1,0,Fair,Low,1.3698873887623442
LN100491,63,655682.92,676,0.449,59707.75,Self-employed,Business,14,0,2,0,Good,High,0.09106192670079007
LN100492,57,240589.52,694,0.523,96979.7,Employed,Vehicle,11,1,0,0,Good,Lower-Middle,0.403091955127555
LN100493,50,198518.83,708,0.117,52716.73,Employed,Personal,15,0,4,0,Good,Low,0.26555027550786997
LN100494,35,740440.76,643,0.562,281039.45,Contract,Vehicle,3,0,1,0,Fair,High,0.3795569682036413
LN100495,41,601616.65,690,0.162,70023.18,Employed,Business,0,0,0,0,Good,High,0.11639169228444723
LN100496,26,304061.28,706,0.349,40238.94,Employed,Education,8,1,1,0,Good,Upper-Middle,0.13233825760386195
LN100497,39,255292.71,665,0.268,38220.59,Employed,Business,5,2,1,0,Fair,Lower-Middle,0.1497128139695019
LN100498,66,278976.29,639,0.05,104058.06,Unemployed,Education,10,1,3,0,Fair,Lower-Middle,0.3729996552753641
LN100499,41,339923.98,542,0.575,81674.03,Employed,Personal,5,0,0,0,Poor,Upper-Middle,0.24027145716521678
LN100500,26,723288.72,695,0.57,167695.66,Employed,Home,13,0,0,0,Good,High,0.2318516179818206
LN100501,52,378471.04,653,0.249,94410.73,Unemployed,Vehicle,1,2,1,0,Fair,Upper-Middle,0.24945298324542878
LN100502,68,447241.38,619,0.67,234711.81,Unemployed,Vehicle,15,0,2,0,Fair,High,0.5247989575562082
LN100503,63,570709.91,746,0.282,85623.51,Employed,Personal,3,0,1,0,Very Good,High,0.1500298286392118
LN100504,34,157663.13,543,0.384,214367.89,Contract,Education,5,0,2,0,Poor,Low,1.3596577081781898
LN100505,43,454390.3,773,0.342,59223.49,Contract,Personal,0,1,1,0,Very Good,High,0.13033616694722577
LN100506,47,255129.09,648,0.456,41401.36,Employed,Vehicle,10,1,4,0,Fair,Lower-Middle,0.16227612460813465
LN100507,33,75183.37,674,0.46,64412.67,Self-employed,Home,11,1,2,0,Good,Low,0.8567409255530845
LN100508,34,93064.17,620,0.527,52815.12,Employed,Personal,14,1,1,0,Fair,Low,0.5675129322058103
LN100509,32,171368.77,525,0.232,49110.37,Contract,Vehicle,1,1,1,1,Poor,Low,0.28657712837642474
LN100510,69,401800.32,640,0.233,143933.92,Employed,Vehicle,7,0,0,0,Fair,Upper-Middle,0.35822251211746176
LN100511,57,319377.0,675,0.779,92635.7,Self-employed,Business,14,2,1,1,Good,Upper-Middle,0.2900512560391011
LN100512,62,332016.33,701,0.551,120618.71,Contract,Home,0,0,2,0,Good,Upper-Middle,0.36329149834286767
LN100513,61,877258.22,635,0.755,154994.17,Employed,Personal,9,0,2,0,Fair,High,0.1766802139511443
LN100514,67,149273.95,486,0.053,36773.5,Self-employed,Home,3,0,1,0,Poor,Low,0.24634907832210506
LN100515,26,295507.47,534,0.269,159323.25,Employed,Personal,5,1,1,0,Poor,Lower-Middle,0.5391513453111694
LN100516,64,354682.14,804,0.225,50254.36,Employed,Education,12,0,0,0,Excellent,Upper-Middle,0.14168844250234872
LN100517,24,200103.01,568,0.557,75606.89,Contract,Personal,12,0,1,0,Poor,Low,0.3778398435885597
LN100518,44,304710.51,757,0.374,32155.99,Contract,Personal,0,0,2,0,Very Good,Upper-Middle,0.10552963860682062
LN100519,50,124438.34,580,0.347,168335.23,Self-employed,Home,10,0,1,0,Fair,Low,1.3527601702176357
LN100520,38,651469.7,636,0.297,36693.13,Contract,Vehicle,6,2,0,0,Fair,High,0.05632361719969478
LN100521,28,206209.88,697,0.298,50421.09,Employed,Vehicle,12,3,2,0,Good,Low,0.24451345396253563
LN100522,30,916949.65,588,0.146,52855.01,Employed,Personal,13,1,1,0,Fair,High,0.05764221623291966
LN100523,61,294689.3,769,0.177,101168.39,Contract,Vehicle,14,0,1,0,Very Good,Lower-Middle,0.3433052710091612
LN100524,36,528061.07,656,0.315,99181.88,Contract,Education,1,0,2,0,Fair,High,0.18782274557751438
LN100525,36,291332.7,685,0.388,186459.51,Employed,Vehicle,12,0,2,0,Good,Lower-Middle,0.6400225927264601
LN100526,66,294969.91,630,0.222,102771.72,Employed,Education,15,2,3,1,Fair,Lower-Middle,0.3484142501179188
LN100527,28,217579.94,699,0.659,206073.13,Self-employed,Vehicle,12,2,1,1,Good,Lower-Middle,0.9471145639621006
LN100528,65,320313.64,768,0.313,140757.88,Employed,Business,6,0,2,0,Very Good,Upper-Middle,0.4394376711525616
LN100529,66,357337.87,640,0.068,59496.58,Contract,Business,11,2,2,0,Fair,Upper-Middle,0.1664995092739541
LN100530,50,194890.97,780,0.489,71293.41,Employed,Vehicle,1,0,0,0,Very Good,Low,0.3658117664456183
LN100531,29,280061.17,604,0.443,293641.48,Employed,Business,6,1,2,0,Fair,Lower-Middle,1.0484905136974183
LN100532,28,214482.49,707,0.407,244278.83,Employed,Personal,13,2,2,0,Good,Lower-Middle,1.1389220164312714
LN100533,34,1062731.45,687,0.296,187941.64,Self-employed,Vehicle,10,0,2,0,Good,High,0.17684772573541513
LN100534,49,285553.83,570,0.292,204700.59,Unemployed,Education,4,1,1,0,Poor,Lower-Middle,0.7168546469854737
LN100535,28,701808.21,666,0.228,148831.08,Employed,Vehicle,9,2,3,0,Fair,High,0.21206802354164536
LN100536,43,269398.1,651,0.55,136769.87,Unemployed,Personal,0,0,0,0,Fair,Lower-Middle,0.5076868396621951
LN100537,26,345983.36,586,0.193,113612.67,Employed,Business,15,3,0,0,Fair,Upper-Middle,0.3283761103424165
LN100538,47,145043.29,677,0.345,331866.36,Employed,Personal,8,0,2,0,Good,Low,2.2880504158448143
LN100539,22,234602.49,661,0.359,81324.91,Contract,Personal,8,1,0,0,Fair,Lower-Middle,0.34664981603562695
LN100540,55,336829.39,645,0.291,128595.96,Employed,Personal,5,1,0,1,Fair,Upper-Middle,0.38178366798692953
LN100541,23,717723.63,645,0.36,36237.87,Employed,Education,3,1,1,0,Fair,High,0.05049000546352361
LN100542,30,338956.91,643,0.564,43402.38,Self-employed,Education,5,1,1,0,Fair,Upper-Middle,0.12804689540036224
LN100543,29,642154.34,622,0.153,357929.42,Employed,Education,7,1,2,0,Fair,High,0.5573884620946422
LN100544,61,426743.65,660,0.189,164249.65,Contract,Personal,6,0,2,0,Fair,Upper-Middle,0.3848906714839225
LN100545,23,734252.67,602,0.245,95796.52,Employed,Personal,6,1,0,0,Fair,High,0.13046805808687084
LN100546,42,290414.51,849,0.069,115745.21,Employed,Home,8,1,3,0,Excellent,Lower-Middle,0.3985517459165522
LN100547,49,1117003.54,544,0.32,45499.48,Employed,Home,7,0,2,0,Poor,High,0.040733514595665474
LN100548,46,229709.29,606,0.297,83279.5,Employed,Vehicle,4,0,0,0,Fair,Lower-Middle,0.3625430212247837
LN100549,54,196807.97,612,0.458,42635.68,Self-employed,Personal,9,1,1,1,Fair,Low,0.21663594213181508
LN100550,60,154200.45,803,0.502,90788.43,Employed,Vehicle,3,0,0,0,Excellent,Low,0.5887689043709016
LN100551,40,1081220.79,551,0.204,171175.39,Contract,Vehicle,15,0,0,0,Poor,High,0.15831677635425417
LN100552,61,470821.31,682,0.231,147691.56,Employed,Business,10,0,1,0,Good,High,0.31368919983677035
LN100553,36,249639.05,669,0.293,309020.61,Employed,Business,4,0,1,0,Fair,Lower-Middle,1.2378696762385533
LN100554,69,596300.63,675,0.506,133227.35,Self-employed,Education,11,0,1,0,Good,High,0.22342312467454548
LN100555,45,437909.9,743,0.151,21965.36,Employed,Personal,15,1,0,1,Very Good,High,0.05015954195143795
LN100556,57,884615.05,741,0.319,390885.21,Employed,Vehicle,12,0,1,0,Very Good,High,0.4418704045335878
LN100557,63,128056.86,616,0.085,63690.13,Employed,Personal,12,2,1,0,Fair,Low,0.49735820478496817
LN100558,59,259260.78,665,0.072,122223.03,Employed,Vehicle,3,0,2,0,Fair,Lower-Middle,0.4714289218754954
LN100559,62,232617.56,510,0.096,117527.07,Employed,Education,2,0,1,0,Poor,Lower-Middle,0.5052373088256966
LN100560,47,101317.28,657,0.325,128646.01,Contract,Personal,8,0,2,0,Fair,Low,1.2697341460410307
LN100561,23,537518.1,590,0.159,113490.44,Employed,Vehicle,4,0,2,0,Fair,High,0.2111378947053132
LN100562,45,258543.61,636,0.137,114797.53,Employed,Personal,1,2,2,0,Fair,Lower-Middle,0.444016117822444
LN100563,29,450599.82,524,0.169,46591.41,Employed,Vehicle,14,1,0,0,Poor,High,0.10339864316856585
LN100564,64,1098451.83,680,0.347,591120.07,Contract,Home,5,1,1,0,Good,High,0.5381392737085248
LN100565,32,247027.2,523,0.476,167991.6,Employed,Business,12,1,2,1,Poor,Lower-Middle,0.6800530467899891
LN100566,32,237970.88,661,0.351,113772.73,Employed,Vehicle,11,0,3,0,Fair,Lower-Middle,0.47809517702334
LN100567,33,320232.65,558,0.151,364196.61,Employed,Vehicle,2,0,1,0,Poor,Upper-Middle,1.1372875626517158
LN100568,52,516341.58,586,0.07,54802.15,Self-employed,Education,3,2,2,0,Fair,High,0.1061354578494337
LN100569,48,219662.07,737,0.02,193433.47,Employed,Vehicle,9,0,1,0,Good,Lower-Middle,0.880595680446788
LN100570,67,212035.48,694,0.394,76678.59,Contract,Personal,9,3,0,0,Good,Lower-Middle,0.3616309402558477
LN100571,41,536591.22,736,0.139,142878.8,Employed,Vehicle,4,1,1,0,Good,High,0.2662712222536925
LN100572,34,369456.9,767,0.459,144947.93,Contract,Business,2,0,0,0,Very Good,Upper-Middle,0.3923270346283964
LN100573,23,97434.65,592,0.621,24089.29,Contract,Vehicle,10,1,1,1,Fair,Low,0.2472353521052316
LN100574,21,152905.03,762,0.559,43375.67,Self-employed,Vehicle,3,0,0,0,Very Good,Low,0.28367719492288773
LN100575,39,685029.7,540,0.224,308482.73,Self-employed,Education,2,1,0,1,Poor,High,0.45032022699161806
LN100576,66,374219.69,706,0.494,93370.26,Self-employed,Home,6,1,1,0,Good,Upper-Middle,0.24950653986165183
LN100577,46,197270.27,613,0.087,404037.41,Contract,Home,5,1,2,0,Fair,Low,2.048141415328321
LN100578,64,273159.85,580,0.338,257768.5,Employed,Vehicle,6,1,2,0,Fair,Lower-Middle,0.9436544206624803
LN100579,25,302192.02,696,0.276,95325.92,Contract,Home,6,0,1,0,Good,Upper-Middle,0.31544817100067696
LN100580,25,449634.86,721,0.071,90012.27,Employed,Personal,9,0,1,0,Good,High,0.20018970504199787
LN100581,61,142129.36,719,0.203,321163.72,Contract,Business,8,0,0,0,Good,Low,2.259657821578877
LN100582,26,188908.06,666,0.419,431575.87,Employed,Vehicle,0,1,1,0,Fair,Low,2.284581557822361
LN100583,23,348594.08,660,0.136,91303.52,Self-employed,Education,3,1,2,0,Fair,Upper-Middle,0.2619193074076301
LN100584,40,283971.38,690,0.35,298953.36,Employed,Personal,8,1,2,0,Good,Lower-Middle,1.0527587674504382
LN100585,66,410881.57,673,0.281,214861.24,Employed,Home,11,0,0,0,Good,Upper-Middle,0.5229274216412286
LN100586,54,152559.31,691,0.126,240359.59,Employed,Education,0,0,0,0,Good,Low,1.5755157125448456
LN100587,25,365111.67,665,0.1,117474.96,Self-employed,Business,12,0,2,0,Fair,Upper-Middle,0.32175076737481445
LN100588,62,546838.47,713,0.363,71051.77,Employed,Home,1,0,1,0,Good,High,0.12993191572641188
LN100589,62,392106.18,528,0.19,55430.88,Contract,Home,10,0,1,0,Poor,Upper-Middle,0.1413670144143099
LN100590,60,323854.37,640,0.256,47120.46,Contract,Vehicle,3,1,2,0,Fair,Upper-Middle,0.1454989166890044
LN100591,65,284589.13,546,0.365,380908.1,Contract,Education,14,2,1,0,Poor,Lower-Middle,1.338449223271458
LN100592,32,189542.7,671,0.37,110785.34,Contract,Business,11,2,0,0,Good,Low,0.5844875059815018
LN100593,68,288352.37,773,0.137,52267.58,Employed,Vehicle,12,1,4,0,Very Good,Lower-Middle,0.18126287638974495
LN100594,36,599814.65,614,0.134,211042.22,Contract,Vehicle,12,2,1,0,Fair,High,0.3518457243416779
LN100595,60,280989.36,660,0.336,80577.01,Employed,Vehicle,0,0,3,0,Fair,Lower-Middle,0.2867617834355009
LN100596,49,183899.66,707,0.572,72048.99,Employed,Business,13,1,3,0,Good,Low,0.39178424799697836
LN100597,59,228845.38,495,0.338,421865.65,Employed,Education,1,1,2,0,Poor,Lower-Middle,1.8434527714739097
LN100598,51,335040.07,611,0.395,46317.67,Employed,Vehicle,8,0,0,0,Fair,Upper-Middle,0.13824516572002865
LN100599,52,244288.47,677,0.537,128157.65,Employed,Home,10,2,1,0,Good,Lower-Middle,0.524616041027233
LN100600,51,391779.54,433,0.157,74917.11,Employed,Home,14,1,2,0,Poor,Upper-Middle,0.19122261974170474
LN100601,59,399952.8,577,0.595,67535.45,Unemployed,Business,11,1,0,0,Poor,Upper-Middle,0.16885855030893646
LN100602,57,489176.43,733,0.247,42477.51,Employed,Education,11,1,0,0,Good,High,0.08683474385713964
LN100603,27,656380.19,725,0.334,114343.8,Contract,Home,15,1,3,0,Good,High,0.17420361208646473
LN100604,61,518792.9,678,0.234,62330.12,Contract,Business,0,1,3,0,Good,High,0.12014451238634916
LN100605,47,179459.76,716,0.312,161559.91,Contract,Business,0,2,4,0,Good,Low,0.9002570269791957
LN100606,36,182516.13,666,0.349,106689.83,Contract,Vehicle,3,2,1,0,Fair,Low,0.5845501435955277
LN100607,46,287754.64,692,0.482,89772.07,Unemployed,Vehicle,3,1,0,0,Good,Lower-Middle,0.3119743612127332
LN100608,68,234073.7,626,0.116,62547.51,Employed,Business,7,2,1,0,Fair,Lower-Middle,0.2672128906408537
LN100609,63,160405.15,659,0.423,278784.54,Employed,Home,13,0,3,1,Fair,Low,1.738002426979433
LN100610,61,235297.81,603,0.401,177447.12,Employed,Vehicle,6,1,2,0,Fair,Lower-Middle,0.7541384256827549
LN100611,43,231088.41,745,0.652,70640.79,Employed,Vehicle,14,3,2,1,Very Good,Lower-Middle,0.3056872908511508
LN100612,59,207320.56,764,0.283,45467.47,Employed,Personal,10,1,3,0,Very Good,Low,0.21930999028750453
LN100613,39,252168.69,753,0.681,32242.56,Employed,Vehicle,7,0,2,0,Very Good,Lower-Middle,0.127861075853628
LN100614,54,573598.94,619,0.084,230386.9,Unemployed,Vehicle,12,2,1,0,Fair,High,0.40165154419567095
LN100615,52,334743.11,578,0.102,198629.8,Employed,Personal,7,0,1,1,Poor,Upper-Middle,0.5933798010062104
LN100616,33,1168267.86,746,0.567,217185.33,Contract,Business,0,0,2,0,Very Good,High,0.18590371047269927
LN100617,34,329495.26,691,0.167,101727.03,Employed,Home,13,0,0,0,Good,Upper-Middle,0.30873594357624445
LN100618,23,255761.74,675,0.394,185747.49,Self-employed,Home,2,0,2,0,Good,Lower-Middle,0.7262520578722994
LN100619,27,300682.7,602,0.356,214467.13,Employed,Personal,7,1,2,0,Fair,Upper-Middle,0.7132672747717111
LN100620,42,345451.78,682,0.491,105121.14,Unemployed,Vehicle,2,0,1,0,Good,Upper-Middle,0.30430047284746947
LN100621,44,381142.05,569,0.508,87154.65,Self-employed,Personal,12,0,2,0,Poor,Upper-Middle,0.22866710718484093
LN100622,29,940088.2,698,0.639,58317.14,Employed,Home,10,0,2,0,Good,High,0.06203369003036098
LN100623,41,188454.43,753,0.195,145107.83,Contract,Personal,15,0,0,0,Very Good,Low,0.769988957012048
LN100624,50,481187.88,772,0.311,158217.29,Employed,Vehicle,13,3,0,0,Very Good,High,0.32880564240312954
LN100625,32,336314.02,703,0.16,84456.18,Contract,Vehicle,4,0,1,0,Good,Upper-Middle,0.25112298321669724
LN100626,37,126428.73,546,0.198,91176.6,Employed,Home,4,1,4,1,Poor,Low,0.7211699429393936
LN100627,39,458365.46,665,0.291,95510.73,Employed,Home,4,0,0,0,Fair,High,0.20837244150115497
LN100628,45,602432.38,810,0.219,183972.64,Employed,Education,2,0,1,0,Excellent,High,0.30538305394540716
LN100629,38,187229.56,585,0.164,45022.78,Self-employed,Education,15,2,2,1,Fair,Low,0.24046833203047638
LN100630,57,298529.53,646,0.368,53627.69,Contract,Personal,1,1,1,0,Fair,Lower-Middle,0.1796394815615058
LN100631,37,116144.79,756,0.156,54312.04,Self-employed,Personal,6,0,1,0,Very Good,Low,0.4676235584910869
LN100632,42,150120.59,696,0.414,99876.52,Employed,Vehicle,4,1,2,0,Good,Low,0.6653086029038389
LN100633,39,533894.76,836,0.401,135018.33,Employed,Personal,0,0,0,0,Excellent,High,0.25289315444864074
LN100634,29,232119.75,595,0.321,54910.86,Employed,Home,13,1,1,0,Fair,Lower-Middle,0.23656263631164517
LN100635,54,163031.08,576,0.242,198608.23,Employed,Personal,8,2,0,0,Poor,Low,1.2182231142675373
LN100636,32,340353.8,742,0.104,284633.53,Employed,Education,14,0,0,0,Very Good,Upper-Middle,0.8362872105438518
LN100637,35,225079.94,560,0.276,143947.52,Employed,Vehicle,9,0,2,0,Poor,Lower-Middle,0.639539534265026
LN100638,59,231558.04,635,0.359,228216.32,Employed,Personal,7,0,3,0,Fair,Lower-Middle,0.9855685425563284
LN100639,67,450524.2,645,0.16,60680.27,Self-employed,Business,3,1,1,0,Fair,High,0.13468814771770304
LN100640,53,158353.38,728,0.382,61626.78,Employed,Vehicle,9,0,4,0,Good,Low,0.38917249508662205
LN100641,65,182332.44,696,0.519,153697.43,Contract,Personal,11,2,1,0,Good,Low,0.8429516437118924
LN100642,62,326531.52,684,0.451,107288.19,Contract,Vehicle,0,0,0,0,Good,Upper-Middle,0.32856916845271167
LN100643,44,511300.69,620,0.736,61552.3,Contract,Vehicle,3,1,1,0,Fair,High,0.12038376087464306
LN100644,58,592748.76,741,0.254,277761.08,Contract,Vehicle,5,2,5,0,Very Good,High,0.46859833161017495
LN100645,37,208095.8,850,0.328,133579.13,Employed,Vehicle,1,1,1,0,Excellent,Low,0.6419117060507709
LN100646,43,502371.46,702,0.26,173624.36,Unemployed,Vehicle,1,1,3,0,Good,High,0.34560952168739834
LN100647,47,194903.43,657,0.126,70967.14,Employed,Personal,3,3,1,0,Fair,Low,0.3641143719225465
LN100648,68,819092.99,553,0.223,327805.64,Employed,Vehicle,5,1,2,0,Poor,High,0.4002056469803264
LN100649,62,160807.57,602,0.046,99397.45,Contract,Education,8,0,1,0,Fair,Low,0.6181142467360211
LN100650,44,622937.27,634,0.473,213335.76,Contract,Home,13,0,1,0,Fair,High,0.3424674847276356
LN100651,52,209079.62,610,0.204,75312.21,Employed,Home,13,0,1,0,Fair,Lower-Middle,0.36020827854957843
LN100652,30,907839.88,649,0.328,122744.07,Contract,Education,6,1,1,1,Fair,High,0.13520453628893236
LN100653,60,415303.21,783,0.154,158075.66,Self-employed,Education,8,0,0,0,Very Good,Upper-Middle,0.3806271085648483
LN100654,48,171566.92,744,0.318,402419.46,Employed,Education,0,1,0,0,Very Good,Low,2.345553909809653
LN100655,47,225101.48,638,0.291,82653.55,Contract,Personal,13,0,1,0,Fair,Lower-Middle,0.3671835031915383
LN100656,58,461015.72,559,0.356,125479.96,Employed,Personal,3,0,3,0,Poor,High,0.2721815212722031
LN100657,52,535251.59,750,0.138,161610.04,Contract,Home,1,2,1,0,Very Good,High,0.30193285366980416
LN100658,24,288555.92,646,0.101,43852.61,Contract,Home,9,1,1,0,Fair,Lower-Middle,0.15197265750084074
LN100659,35,307459.86,521,0.428,26766.72,Employed,Vehicle,5,0,1,0,Poor,Upper-Middle,0.08705760810533122
LN100660,29,455263.62,703,0.132,57580.62,Contract,Vehicle,6,1,0,1,Good,High,0.1264775340493932
LN100661,57,322554.34,727,0.325,206262.02,Employed,Home,6,0,3,0,Good,Upper-Middle,0.6394644077645955
LN100662,22,147282.84,468,0.469,335675.48,Contract,Education,10,0,1,1,Poor,Low,2.279121450944319
LN100663,30,191837.14,588,0.509,60372.87,Self-employed,Home,12,1,2,1,Fair,Low,0.31470897658294944
LN100664,50,341414.9,642,0.324,49879.47,Self-employed,Education,9,2,0,0,Fair,Upper-Middle,0.14609634787468267
LN100665,55,585401.42,705,0.181,298289.73,Contract,Vehicle,9,0,0,0,Good,High,0.5095473290789079
LN100666,45,729655.72,611,0.499,76168.88,Self-employed,Business,12,0,5,0,Fair,High,0.1043901636240171
LN100667,63,460597.08,588,0.225,86385.2,Employed,Business,12,0,3,0,Fair,High,0.18755047253013413
LN100668,66,351353.34,705,0.019,283983.88,Employed,Business,2,0,2,0,Good,Upper-Middle,0.8082572375717276
LN100669,27,452881.32,615,0.354,255197.02,Self-employed,Personal,5,1,1,0,Fair,High,0.563496458630707
LN100670,67,207902.56,691,0.366,201869.8,Employed,Business,7,0,0,0,Good,Low,0.9709827526895292
LN100671,51,275752.97,567,0.541,36162.55,Employed,Home,14,1,1,0,Poor,Lower-Middle,0.1311411079271422
LN100672,52,190663.59,549,0.138,48544.67,Employed,Education,9,3,3,0,Poor,Low,0.25460902105116134
LN100673,25,150953.83,707,0.28,227878.05,Contract,Personal,13,0,1,0,Good,Low,1.509587732884949
LN100674,51,360407.17,669,0.603,135247.85,Self-employed,Education,12,2,0,0,Fair,Upper-Middle,0.37526403817104975
LN100675,56,332225.78,719,0.098,66350.6,Contract,Home,14,1,0,0,Good,Upper-Middle,0.19971538632552838
LN100676,49,437900.34,610,0.223,87927.89,Employed,Personal,8,4,0,0,Fair,High,0.20079429488453923
LN100677,25,405104.06,590,0.381,226471.9,Contract,Business,4,1,0,0,Fair,Upper-Middle,0.5590462361695412
LN100678,46,342830.73,752,0.48,296909.39,Contract,Education,6,1,1,1,Very Good,Upper-Middle,0.8660524393481297
LN100679,66,407451.39,536,0.301,109573.74,Employed,Vehicle,0,1,3,0,Poor,Upper-Middle,0.26892469307811173
LN100680,56,293039.31,744,0.316,70385.25,Employed,Home,10,0,2,0,Very Good,Lower-Middle,0.24019047137396005
LN100681,27,376482.94,749,0.308,91965.17,Unemployed,Home,9,1,1,0,Very Good,Upper-Middle,0.24427446831986596
LN100682,68,201220.85,715,0.6,263347.11,Unemployed,Personal,2,0,2,0,Good,Low,1.308746633363292
LN100683,67,367646.08,598,0.315,260024.81,Employed,Education,7,1,1,0,Fair,Upper-Middle,0.7072693662339606
LN100684,29,433292.15,589,0.5,124804.18,Contract,Home,11,1,2,1,Fair,Upper-Middle,0.28803702074916426
LN100685,60,207567.73,634,0.293,77969.07,Contract,Business,12,0,2,0,Fair,Low,0.37563194432968944
LN100686,40,308675.37,553,0.343,222355.51,Employed,Vehicle,12,0,1,1,Poor,Upper-Middle,0.7203539109712577
LN100687,50,212895.43,578,0.112,315890.08,Employed,Personal,1,0,0,0,Poor,Lower-Middle,1.483780464428006
LN100688,42,224573.67,698,0.313,42764.18,Self-employed,Personal,5,1,0,1,Good,Lower-Middle,0.1904238373091556
LN100689,59,161591.47,699,0.511,94575.62,Employed,Personal,9,2,1,0,Good,Low,0.5852760668616975
LN100690,69,601820.17,571,0.197,233190.03,Contract,Business,1,2,3,1,Poor,High,0.38747460059372885
LN100691,59,539104.44,701,0.599,115395.73,Employed,Business,3,1,1,0,Good,High,0.21405078763587998
LN100692,66,403175.15,684,0.363,80069.84,Employed,Home,15,0,2,0,Good,Upper-Middle,0.19859815268872597
LN100693,67,887572.54,763,0.221,124070.83,Employed,Vehicle,8,0,1,0,Very Good,High,0.1397866928149895
LN100694,25,270344.57,693,0.385,139971.41,Self-employed,Business,9,0,0,1,Good,Lower-Middle,0.5177518823477757
LN100695,33,1589622.43,729,0.334,52880.58,Employed,Personal,2,0,3,0,Good,High,0.033266125969297004
LN100696,56,264711.7,686,0.088,116687.24,Employed,Vehicle,10,0,1,0,Good,Lower-Middle,0.4408087742249398
LN100697,49,345205.13,723,0.11,139665.06,Employed,Business,14,1,1,0,Good,Upper-Middle,0.4045857024198916
LN100698,23,241050.06,553,0.18,79952.36,Employed,Personal,15,0,1,0,Poor,Lower-Middle,0.3316836345114372
LN100699,25,368176.16,641,0.08,66275.02,Contract,Vehicle,2,0,1,0,Fair,Upper-Middle,0.1800089935209276
LN100700,46,475026.54,647,0.268,77544.61,Employed,Vehicle,3,1,1,1,Fair,High,0.16324268955582988
LN100701,51,281780.52,632,0.244,58521.09,Employed,Business,9,1,2,0,Fair,Lower-Middle,0.2076832351647303
LN100702,29,797098.6,683,0.19,191212.18,Employed,Business,14,0,1,0,Good,High,0.23988522875338134
LN100703,29,342172.36,698,0.295,58038.95,Employed,Business,0,1,1,0,Good,Upper-Middle,0.16961904813118162
LN100704,27,348120.76,679,0.489,124382.13,Employed,Personal,3,0,2,0,Good,Upper-Middle,0.357295927999238
LN100705,48,181968.53,637,0.406,86250.08,Employed,Home,2,1,0,0,Fair,Low,0.47398349593745687
LN100706,21,377645.89,595,0.359,69509.3,Self-employed,Vehicle,12,2,0,0,Fair,Upper-Middle,0.18405946374790416
LN100707,49,278680.93,732,0.639,268229.6,Employed,Vehicle,7,2,2,0,Good,Lower-Middle,0.9624971468266593
LN100708,44,214701.91,676,0.483,101035.42,Employed,Vehicle,11,1,2,0,Good,Lower-Middle,0.4705846352275115
LN100709,43,195727.14,574,0.453,71191.31,Employed,Personal,0,2,0,1,Poor,Low,0.36372732979187244
LN100710,54,1304079.01,635,0.283,66896.94,Contract,Home,2,0,3,0,Fair,High,0.05129822617112747
LN100711,46,259529.4,519,0.688,137122.19,Employed,Education,8,1,3,1,Poor,Lower-Middle,0.528349350786462
LN100712,56,134617.91,653,0.267,188248.42,Self-employed,Business,6,1,0,0,Fair,Low,1.3983906004780493
LN100713,58,204334.97,635,0.301,251255.66,Unemployed,Personal,2,1,1,0,Fair,Low,1.2296263336618298
LN100714,66,291610.84,607,0.04,98642.66,Employed,Vehicle,4,1,0,0,Fair,Lower-Middle,0.3382681521715722
LN100715,60,405227.79,769,0.358,94865.03,Employed,Home,11,2,1,0,Very Good,Upper-Middle,0.234102972059246
LN100716,46,407043.7,563,0.158,119773.29,Self-employed,Vehicle,0,1,1,1,Poor,Upper-Middle,0.29425167371464045
LN100717,45,435249.96,703,0.582,122622.61,Contract,Education,13,0,0,0,Good,Upper-Middle,0.2817291700612678
LN100718,32,210420.79,814,0.28,66595.93,Employed,Business,2,1,3,0,Excellent,Lower-Middle,0.3164893069738974
LN100719,50,361775.81,731,0.121,284589.6,Self-employed,Education,12,1,1,0,Good,Upper-Middle,0.7866462934600298
LN100720,27,185295.11,648,0.236,111600.39,Self-employed,Vehicle,10,0,1,0,Fair,Low,0.6022845934790184
LN100721,66,213359.56,565,0.609,155720.29,Employed,Personal,1,1,1,1,Poor,Lower-Middle,0.7298491335471446
LN100722,62,181098.76,548,0.406,144948.11,Self-employed,Vehicle,12,0,1,0,Poor,Low,0.8003815708070005
LN100723,26,156048.77,619,0.792,143027.48,Employed,Personal,7,2,2,0,Fair,Low,0.9165562791683652
LN100724,59,538667.07,598,0.01,57272.32,Contract,Home,4,1,0,0,Fair,High,0.10632229662748831
LN100725,26,438131.42,596,0.148,109543.32,Employed,Vehicle,1,0,1,0,Fair,High,0.2500238855273151
LN100726,56,513345.15,626,0.256,484425.74,Employed,Vehicle,1,2,1,0,Fair,High,0.9436647838203983
LN100727,25,306557.29,642,0.394,308629.04,Self-employed,Education,6,0,3,0,Fair,Upper-Middle,1.0067581168922781
LN100728,44,459908.11,686,0.098,121818.88,Employed,Vehicle,4,0,3,0,Good,High,0.26487656414669447
LN100729,53,113871.81,557,0.029,86662.26,Employed,Vehicle,13,0,2,0,Poor,Low,0.7610510450303722
LN100730,56,482258.66,599,0.347,26021.51,Employed,Personal,8,1,0,0,Fair,High,0.053957579527965344
LN100731,41,330695.62,638,0.22,79615.74,Self-employed,Home,0,1,2,1,Fair,Upper-Middle,0.24075232686783093
LN100732,66,423558.97,635,0.123,104533.54,Employed,Vehicle,14,1,2,0,Fair,Upper-Middle,0.2467980786713123
LN100733,58,369738.24,788,0.176,89498.75,Contract,Home,4,3,0,0,Very Good,Upper-Middle,0.24205976098117415
LN100734,31,174321.65,667,0.184,93642.73,Contract,Vehicle,9,2,0,0,Fair,Low,0.5371835913668784
LN100735,53,131612.32,529,0.309,164854.08,Employed,Education,13,1,3,0,Poor,Low,1.2525733153248872
LN100736,56,202786.29,681,0.334,57411.76,Self-employed,Home,10,1,0,0,Good,Low,0.2831146030631558
LN100737,37,409315.8,691,0.292,131328.78,Employed,Home,6,1,0,0,Good,Upper-Middle,0.32084952498779673
LN100738,57,438488.13,641,0.444,102392.36,Employed,Business,0,0,1,0,Fair,High,0.23351227318285675
LN100739,65,141374.76,559,0.506,61990.62,Employed,Vehicle,3,0,1,0,Poor,Low,0.4384843518036741
LN100740,61,174893.61,782,0.262,326571.35,Employed,Personal,9,1,0,0,Very Good,Low,1.8672571856684759
LN100741,58,201543.02,570,0.162,178851.67,Contract,Personal,15,1,1,0,Poor,Low,0.8874118786152952
LN100742,52,246476.02,700,0.152,65977.94,Unemployed,Home,0,0,0,0,Good,Lower-Middle,0.26768502672186933
LN100743,34,141833.6,665,0.121,153960.11,Employed,Education,2,0,1,0,Fair,Low,1.0854981471245175
LN100744,59,137229.4,695,0.089,44581.99,Employed,Education,5,1,0,0,Good,Low,0.32487200264666316
LN100745,38,190904.45,778,0.128,71465.79,Employed,Home,12,1,0,0,Very Good,Low,0.3743537146462536
LN100746,47,314574.86,692,0.102,260707.93,Employed,Home,15,0,1,0,Good,Upper-Middle,0.8287627625424359
LN100747,36,156719.19,608,0.466,138236.37,Contract,Vehicle,2,0,1,1,Fair,Low,0.8820640918320213
LN100748,36,281488.2,733,0.268,131204.69,Employed,Vehicle,9,0,2,0,Good,Lower-Middle,0.46611079967117625
LN100749,28,536993.79,603,0.283,208932.16,Contract,Vehicle,15,0,1,0,Fair,High,0.389077423036866
LN100750,68,146614.05,662,0.149,163663.28,Employed,Vehicle,15,0,2,0,Fair,Low,1.1162864677703126
LN100751,28,267799.16,553,0.11,92531.29,Employed,Education,12,1,0,0,Poor,Lower-Middle,0.3455249448878032
LN100752,25,527104.42,573,0.061,202176.97,Self-employed,Vehicle,12,0,1,0,Poor,High,0.38356151519275816
LN100753,66,238348.73,654,0.21,36695.69,Employed,Personal,4,1,1,0,Fair,Lower-Middle,0.15395798416882692
LN100754,48,218823.21,678,0.339,71280.43,Self-employed,Home,4,2,2,0,Good,Lower-Middle,0.32574437601934453
LN100755,42,568900.28,522,0.447,103281.91,Contract,Personal,15,2,1,0,Poor,High,0.18154659723493194
LN100756,57,253501.9,687,0.132,157040.58,Employed,Personal,9,0,1,0,Good,Lower-Middle,0.6194848243740974
LN100757,39,550735.54,589,0.217,89052.92,Employed,Vehicle,1,0,2,0,Fair,High,0.16169815370912868
LN100758,27,379826.07,746,0.242,34495.92,Employed,Vehicle,1,1,0,0,Very Good,Upper-Middle,0.09082030625228014
LN100759,56,248444.11,624,0.407,31486.83,Unemployed,Vehicle,13,2,2,0,Fair,Lower-Middle,0.1267360695329022
LN100760,29,390571.97,566,0.417,105237.54,Unemployed,Vehicle,2,0,0,0,Poor,Upper-Middle,0.26944468134771676
LN100761,48,357819.87,656,0.667,80634.47,Employed,Home,11,0,1,0,Fair,Upper-Middle,0.2253493356866962
LN100762,67,525982.54,581,0.236,60885.51,Self-employed,Education,5,0,5,0,Fair,High,0.11575576253918998
LN100763,66,221892.37,745,0.109,54612.02,Contract,Personal,2,2,0,0,Very Good,Lower-Middle,0.24611941365987483
LN100764,38,306876.63,650,0.278,119993.17,Contract,Vehicle,1,0,3,0,Fair,Upper-Middle,0.3910143630031391
LN100765,59,290019.7,639,0.339,256454.23,Employed,Business,8,1,0,0,Fair,Lower-Middle,0.8842648620076499
LN100766,51,441891.31,694,0.653,119999.75,Unemployed,Business,12,1,1,1,Good,High,0.27155942487305307
LN100767,44,170704.49,575,0.207,258687.83,Contract,Vehicle,0,1,3,0,Poor,Low,1.5154131563850488
LN100768,27,524853.85,553,0.673,86261.71,Self-employed,Personal,11,1,3,0,Poor,High,0.16435377200719783
LN100769,39,387712.2,681,0.215,146748.15,Employed,Home,9,1,0,0,Good,Upper-Middle,0.37849763303811435
LN100770,52,145397.84,568,0.343,264887.68,Employed,Personal,12,1,0,0,Poor,Low,1.8218130338112313
LN100771,69,583081.53,567,0.421,99271.83,Employed,Personal,9,0,1,0,Poor,High,0.17025377222976004
LN100772,21,1025087.93,713,0.226,111872.78,Contract,Vehicle,2,0,1,0,Good,High,0.10913481343985779
LN100773,56,520500.66,689,0.051,86234.12,Self-employed,Vehicle,6,2,1,0,Good,High,0.16567533266912668
LN100774,62,657617.92,556,0.114,161678.44,Contract,Education,15,0,1,0,Poor,High,0.24585467500642316
LN100775,67,314422.22,604,0.057,197740.83,Employed,Vehicle,13,0,2,0,Fair,Upper-Middle,0.6289022130815055
LN100776,41,120295.93,582,0.101,138215.28,Contract,Education,5,3,1,0,Fair,Low,1.1489605674938463
LN100777,26,108800.53,783,0.087,94759.59,Contract,Business,14,1,2,0,Very Good,Low,0.8709478713017299
LN100778,34,345184.0,718,0.353,41498.61,Employed,Vehicle,0,0,0,1,Good,Upper-Middle,0.12022170784277371
LN100779,62,216630.72,618,0.486,106591.2,Employed,Home,8,1,0,1,Fair,Lower-Middle,0.49204101800520256
LN100780,64,181411.06,693,0.098,97096.99,Contract,Education,12,0,1,0,Good,Low,0.5352319202588861
LN100781,52,289823.41,548,0.42,128236.71,Self-employed,Personal,10,2,2,1,Poor,Lower-Middle,0.4424649823835832
LN100782,27,420882.79,600,0.142,118675.79,Employed,Education,2,1,0,0,Fair,Upper-Middle,0.28196874003805195
LN100783,26,134931.31,658,0.117,305682.1,Contract,Home,2,0,0,1,Fair,Low,2.2654645537792524
LN100784,44,234369.7,684,0.393,69952.32,Employed,Personal,11,0,3,0,Good,Lower-Middle,0.2984699814011794
LN100785,49,688290.75,643,0.581,39510.22,Self-employed,Home,15,1,3,0,Fair,High,0.05740338657754735
LN100786,22,166064.1,669,0.137,52343.74,Contract,Vehicle,12,1,0,0,Fair,Low,0.3152020213881266
LN100787,54,484032.05,656,0.278,72866.24,Employed,Vehicle,13,0,2,0,Fair,High,0.1505401140275732
LN100788,47,229793.38,638,0.084,222246.03,Employed,Business,14,0,0,0,Fair,Lower-Middle,0.9671559293831702
LN100789,21,405033.2,628,0.4,47336.07,Self-employed,Business,15,2,1,0,Fair,Upper-Middle,0.11686960476326384
LN100790,25,548568.74,618,0.132,51625.15,Self-employed,Personal,12,1,0,0,Fair,High,0.09410880758535385
LN100791,43,451009.07,667,0.331,143957.69,Employed,Personal,12,0,4,0,Fair,High,0.31919023269310304
LN100792,56,494635.07,681,0.344,191048.88,Employed,Home,12,0,0,0,Good,High,0.3862420834818688
LN100793,61,159238.97,665,0.089,40184.25,Employed,Personal,5,0,1,0,Fair,Low,0.2523518583422136
LN100794,42,553518.58,562,0.335,34766.17,Contract,Personal,8,3,2,0,Poor,High,0.06280940018309775
LN100795,35,187691.8,575,0.523,65972.08,Self-employed,Personal,3,1,1,0,Poor,Low,0.3514915409197419
LN100796,68,346031.72,680,0.137,168639.91,Employed,Personal,8,0,0,0,Good,Upper-Middle,0.4873539050119452
LN100797,43,345785.24,760,0.222,120732.55,Employed,Home,8,0,1,0,Very Good,Upper-Middle,0.34915472389741103
LN100798,36,391740.6,661,0.062,67558.73,Employed,Vehicle,1,0,0,0,Fair,Upper-Middle,0.17245782030251652
LN100799,42,361083.29,619,0.217,177880.17,Employed,Personal,1,0,2,0,Fair,Upper-Middle,0.49262919366886243
LN100800,21,188611.06,667,0.348,119256.76,Employed,Home,15,0,0,0,Fair,Low,0.6322893259812017
LN100801,35,142787.2,565,0.221,102569.77,Contract,Home,8,1,3,0,Poor,Low,0.7183400893077251
LN100802,46,484721.38,748,0.34,38519.07,Contract,Business,0,1,3,0,Very Good,High,0.0794664142935061
LN100803,66,332284.49,664,0.326,66662.55,Employed,Business,5,0,2,0,Fair,Upper-Middle,0.20061890339810926
LN100804,57,564499.64,600,0.218,392479.1,Contract,Vehicle,14,0,1,0,Fair,High,0.695268999640106
LN100805,59,292709.12,637,0.356,88401.58,Employed,Home,11,1,1,0,Fair,Lower-Middle,0.30201170363260293
LN100806,47,138509.94,610,0.274,59060.63,Self-employed,Vehicle,13,2,2,1,Fair,Low,0.42639993923901776
LN100807,26,510379.11,748,0.345,85799.83,Contract,Home,10,3,1,0,Very Good,High,0.16810999572455074
LN100808,40,244711.18,635,0.189,118852.75,Employed,Home,11,1,0,0,Fair,Lower-Middle,0.4856858195036287
LN100809,69,362086.95,662,0.407,195322.86,Self-employed,Vehicle,3,0,0,0,Fair,Upper-Middle,0.5394363425690983
LN100810,23,210120.21,693,0.495,164709.88,Employed,Personal,13,0,3,0,Good,Lower-Middle,0.7838840442811285
LN100811,64,741109.52,594,0.191,70859.07,Contract,Vehicle,11,0,1,0,Fair,High,0.0956121438029834
LN100812,54,185243.62,665,0.062,251389.95,Employed,Home,3,3,0,0,Fair,Low,1.3570775069068506
LN100813,34,249185.13,671,0.18,186798.0,Self-employed,Personal,4,0,1,0,Good,Lower-Middle,0.749635421664206
LN100814,59,318263.37,533,0.227,82363.6,Employed,Home,12,0,1,0,Poor,Upper-Middle,0.25879069903646157
LN100815,62,164528.23,669,0.32,101205.34,Employed,Business,3,1,0,0,Fair,Low,0.6151244683055302
LN100816,23,359807.16,647,0.188,162538.56,Employed,Vehicle,10,1,1,0,Fair,Upper-Middle,0.4517379809784775
LN100817,26,728023.43,660,0.545,221193.44,Self-employed,Vehicle,6,0,2,0,Fair,High,0.3038273644572126
LN100818,53,229070.15,653,0.542,40990.74,Employed,Vehicle,4,0,3,1,Fair,Lower-Middle,0.1789440483624776
LN100819,69,372825.7,669,0.375,115154.28,Employed,Home,2,0,2,0,Fair,Upper-Middle,0.30886894331587117
LN100820,22,66128.05,750,0.465,107796.95,Employed,Home,11,2,0,0,Very Good,Low,1.6301244328238924
LN100821,53,293644.96,562,0.391,75911.51,Employed,Business,5,0,0,0,Poor,Lower-Middle,0.2585146021235985
LN100822,27,252549.99,624,0.204,75656.97,Employed,Business,8,1,1,0,Fair,Lower-Middle,0.29957225498207307
LN100823,52,191255.23,700,0.184,218290.13,Employed,Business,4,0,1,0,Good,Low,1.1413550886948294
LN100824,51,543799.29,686,0.291,155714.02,Employed,Personal,2,1,0,0,Good,High,0.28634465484498883
LN100825,25,250722.93,684,0.161,432591.06,Unemployed,Home,0,2,3,1,Good,Lower-Middle,1.7253749387820252
LN100826,54,272100.06,850,0.321,75953.02,Employed,Business,15,0,0,0,Excellent,Lower-Middle,0.27913635888209654
LN100827,64,243794.68,696,0.288,120255.4,Employed,Personal,4,0,1,0,Good,Lower-Middle,0.4932650704272956
LN100828,63,104536.23,735,0.167,134529.77,Contract,Vehicle,9,1,0,0,Good,Low,1.2869200467627346
LN100829,22,160965.48,627,0.102,196947.07,Employed,Personal,7,2,1,0,Fair,Low,1.223536064999775
LN100830,33,508967.36,576,0.267,265987.32,Contract,Education,5,0,2,0,Poor,High,0.5226019208775982
LN100831,32,94001.39,626,0.17,116901.06,Employed,Personal,13,0,1,0,Fair,Low,1.2436099083215684
LN100832,43,196823.82,703,0.148,53994.18,Employed,Personal,14,0,2,0,Good,Low,0.2743274670718209
LN100833,28,240792.71,681,0.321,69297.55,Unemployed,Business,2,2,0,0,Good,Lower-Middle,0.28778923581199783
LN100834,62,782719.58,680,0.213,120693.38,Employed,Personal,0,0,2,0,Good,High,0.15419747133449763
LN100835,59,457837.6,634,0.382,228212.12,Contract,Business,5,0,1,0,Fair,High,0.49845648325956626
LN100836,60,220817.97,622,0.1,42962.02,Employed,Education,1,0,0,0,Fair,Lower-Middle,0.19455853162675119
LN100837,30,614780.32,637,0.314,51417.5,Employed,Vehicle,0,2,1,1,Fair,High,0.08363556595305459
LN100838,21,199636.61,704,0.175,179941.2,Employed,Personal,12,1,0,0,Good,Low,0.9013436964292272
LN100839,65,522584.85,713,0.129,47447.45,Employed,Education,1,2,0,1,Good,High,0.0907937725328241
LN100840,35,142081.38,575,0.179,52942.98,Contract,Home,1,2,1,0,Poor,Low,0.3726243368413229
LN100841,53,541354.47,707,0.147,230264.74,Employed,Education,5,1,4,0,Good,High,0.4253492910107494
LN100842,65,239944.82,601,0.182,95261.07,Employed,Vehicle,9,0,0,0,Fair,Lower-Middle,0.3970124047687298
LN100843,22,170392.59,685,0.607,90640.63,Employed,Vehicle,7,2,2,1,Good,Low,0.5319517122194105
LN100844,21,266228.11,636,0.116,267701.18,Employed,Personal,11,0,1,0,Fair,Lower-Middle,1.0055331121871391
LN100845,21,349436.47,767,0.287,55121.81,Employed,Business,11,0,3,0,Very Good,Upper-Middle,0.15774486847351682
LN100846,28,228530.76,619,0.416,48370.51,Employed,Home,0,0,2,0,Fair,Lower-Middle,0.21165864061363118
LN100847,23,406855.02,663,0.381,317179.7,Employed,Personal,12,1,1,0,Fair,Upper-Middle,0.7795890044566736
LN100848,61,217703.89,695,0.084,128014.03,Self-employed,Home,0,0,4,0,Good,Lower-Middle,0.5880190289663634
LN100849,50,421992.39,584,0.254,171106.89,Contract,Education,14,1,2,0,Fair,Upper-Middle,0.40547387596254997
LN100850,69,382605.57,645,0.09,89862.05,Employed,Business,4,2,2,0,Fair,Upper-Middle,0.2348686403075627
LN100851,60,290114.25,630,0.735,102636.27,Employed,Business,14,0,1,1,Fair,Lower-Middle,0.3537787957675295
LN100852,68,235337.86,611,0.412,69618.66,Employed,Vehicle,15,1,0,0,Fair,Lower-Middle,0.29582430978169005
LN100853,32,326075.81,617,0.21,135268.05,Self-employed,Personal,1,1,5,0,Fair,Upper-Middle,0.4148362002075529
LN100854,35,406027.96,733,0.275,188834.84,Employed,Business,6,0,0,0,Good,Upper-Middle,0.46507841479685286
LN100855,62,932409.42,605,0.079,124944.37,Employed,Home,1,1,2,0,Fair,High,0.1340016170149804
LN100856,32,502936.39,692,0.538,219218.68,Self-employed,Vehicle,15,2,2,0,Good,High,0.43587754705918175
LN100857,23,513154.49,674,0.207,169192.57,Employed,Personal,7,0,1,0,Good,High,0.3297107855375094
LN100858,53,1640020.76,545,0.231,55645.04,Employed,Home,13,2,1,0,Poor,High,0.03392947294154984
LN100859,60,398441.08,689,0.106,100122.73,Contract,Personal,9,0,2,0,Good,Upper-Middle,0.25128616256135033
LN100860,68,391637.4,544,0.596,82189.19,Contract,Vehicle,13,1,3,0,Poor,Upper-Middle,0.20986042191067553
LN100861,66,441858.97,697,0.404,179506.7,Employed,Education,9,3,0,1,Good,High,0.406253379896305
LN100862,26,172233.51,612,0.413,148489.2,Employed,Vehicle,0,1,2,0,Fair,Low,0.8621388485899173
LN100863,58,235012.0,651,0.225,119495.55,Employed,Home,7,0,2,0,Fair,Lower-Middle,0.5084657379197658
LN100864,62,227099.76,553,0.257,212578.87,Employed,Vehicle,10,1,1,0,Poor,Lower-Middle,0.936059421639195
LN100865,55,428362.66,659,0.383,32713.51,Self-employed,Business,15,2,1,0,Fair,Upper-Middle,0.07636872457557342
LN100866,61,272594.81,720,0.44,74324.88,Contract,Personal,13,0,1,0,Good,Lower-Middle,0.2726569885905018
LN100867,62,323696.18,589,0.179,78538.88,Employed,Education,8,0,2,0,Fair,Upper-Middle,0.24263147004082658
LN100868,42,545598.04,604,0.397,129555.29,Employed,Personal,12,0,2,0,Fair,High,0.2374555634400739
LN100869,22,482275.43,684,0.335,157560.1,Employed,Home,14,2,1,0,Good,High,0.32670148674171523
LN100870,43,274468.34,686,0.332,109906.53,Self-employed,Home,14,2,2,0,Good,Lower-Middle,0.4004342723098773
LN100871,30,207531.92,467,0.628,46794.07,Employed,Education,15,0,1,0,Poor,Low,0.2254789046427171
LN100872,26,560138.22,801,0.096,143291.64,Self-employed,Home,5,0,0,0,Excellent,High,0.25581478800000473
LN100873,27,459170.97,690,0.147,119548.31,Self-employed,Home,7,2,2,0,Good,High,0.2603568557480888
LN100874,55,124007.4,702,0.301,42343.56,Employed,Personal,0,1,1,0,Good,Low,0.3414599451323066
LN100875,45,252534.48,639,0.245,90782.74,Contract,Business,2,0,1,0,Fair,Lower-Middle,0.3594865144751719
LN100876,47,328591.71,511,0.58,140273.81,Contract,Vehicle,13,0,1,0,Poor,Upper-Middle,0.426893940811836
LN100877,57,460419.86,701,0.458,322165.73,Employed,Vehicle,5,1,0,0,Good,High,0.6997216193063436
LN100878,47,494891.38,608,0.272,54194.76,Employed,Personal,7,1,1,0,Fair,High,0.10950839353880037
LN100879,51,350699.87,691,0.318,183838.68,Employed,Personal,5,0,0,0,Good,Upper-Middle,0.5242051558217001
LN100880,25,413918.3,634,0.244,54640.34,Employed,Vehicle,14,1,1,0,Fair,Upper-Middle,0.13200754834951728
LN100881,62,310771.44,668,0.15,48162.7,Employed,Personal,14,1,1,1,Fair,Upper-Middle,0.1549778834245515
LN100882,42,207092.19,592,0.221,50046.17,Employed,Business,11,0,1,0,Fair,Low,0.2416613103565132
LN100883,28,259845.46,715,0.328,162998.24,Contract,Home,15,1,2,0,Good,Lower-Middle,0.627289158717647
LN100884,60,303149.97,561,0.239,119690.7,Employed,Vehicle,8,0,3,0,Poor,Upper-Middle,0.3948233938469465
LN100885,56,294332.15,818,0.279,89651.71,Employed,Personal,2,0,1,0,Excellent,Lower-Middle,0.3045936707899562
LN100886,23,106348.07,818,0.575,148127.17,Contract,Home,10,1,1,0,Excellent,Low,1.3928524513891039
LN100887,30,241089.12,772,0.055,112957.8,Employed,Vehicle,0,0,1,0,Very Good,Lower-Middle,0.4685313049381905
LN100888,21,309418.76,746,0.021,118192.86,Employed,Business,6,1,2,0,Very Good,Upper-Middle,0.38198349705751516
LN100889,34,256987.89,644,0.38,90304.6,Unemployed,Personal,13,0,0,0,Fair,Lower-Middle,0.3513963245505459
LN100890,25,261917.45,737,0.459,56405.96,Employed,Personal,2,0,1,0,Good,Lower-Middle,0.2153577778036553
LN100891,55,392359.19,643,0.134,330243.41,Employed,Personal,8,0,2,0,Fair,Upper-Middle,0.8416864404272013
LN100892,46,165729.35,533,0.237,273352.16,Employed,Education,12,1,1,0,Poor,Low,1.6493889585640682
LN100893,69,122530.41,763,0.263,309229.44,Self-employed,Personal,12,0,1,0,Very Good,Low,2.5236954646605687
LN100894,57,247717.53,735,0.216,77472.71,Self-employed,Business,9,0,1,0,Good,Lower-Middle,0.3127461750486532
LN100895,50,456708.53,648,0.139,70613.92,Self-employed,Personal,5,0,1,0,Fair,High,0.1546148481176824
LN100896,45,758950.57,558,0.229,84023.05,Employed,Education,3,0,0,0,Poor,High,0.11070951564078806
LN100897,23,461255.91,606,0.206,221107.69,Contract,Personal,2,0,0,0,Fair,High,0.47936012353749574
LN100898,24,133785.45,513,0.569,109986.27,Employed,Personal,11,0,0,0,Poor,Low,0.8221093549410642
LN100899,51,264008.29,721,0.317,77277.73,Contract,Vehicle,4,1,1,0,Good,Lower-Middle,0.2927094827211676
LN100900,21,345478.84,530,0.297,139350.24,Employed,Vehicle,10,0,2,0,Poor,Upper-Middle,0.40335390728995146
LN100901,23,330781.35,672,0.286,68155.28,Employed,Vehicle,0,1,2,0,Good,Upper-Middle,0.2060432971810533
LN100902,31,403590.19,587,0.124,45580.34,Contract,Education,4,0,2,0,Fair,Upper-Middle,0.11293718511839942
LN100903,64,181164.52,543,0.26,119639.5,Self-employed,Home,6,0,3,0,Poor,Low,0.660391449716534
LN100904,43,310909.28,668,0.167,78651.98,Employed,Home,12,0,3,0,Fair,Upper-Middle,0.25297405082279945
LN100905,55,378024.89,625,0.399,109024.79,Self-employed,Home,1,0,4,0,Fair,Upper-Middle,0.2884063798021342
LN100906,41,472435.63,713,0.324,19207.9,Employed,Home,7,0,1,0,Good,High,0.04065717905315482
LN100907,29,192604.23,555,0.114,61598.0,Employed,Education,7,0,3,0,Poor,Low,0.31981644432212103
LN100908,39,248128.36,593,0.478,106825.12,Employed,Personal,5,0,2,0,Fair,Lower-Middle,0.4305236209194306
LN100909,25,67808.17,471,0.163,41051.46,Employed,Personal,12,0,2,0,Poor,Low,0.6054058087690614
LN100910,58,213146.22,486,0.225,41968.86,Employed,Personal,15,2,1,0,Poor,Lower-Middle,0.19690173252896534
LN100911,29,224832.19,785,0.465,112807.23,Self-employed,Vehicle,0,0,1,0,Very Good,Lower-Middle,0.5017396752662507
LN100912,39,171230.57,806,0.549,173557.44,Self-employed,Personal,14,1,1,0,Excellent,Low,1.013589103861536
LN100913,69,328609.19,657,0.408,61612.51,Employed,Personal,14,0,2,0,Fair,Upper-Middle,0.18749478674044387
LN100914,50,290909.58,588,0.56,92767.66,Employed,Personal,13,2,3,0,Fair,Lower-Middle,0.3188882951190538
LN100915,43,86592.64,628,0.532,94171.32,Employed,Personal,1,0,1,0,Fair,Low,1.0875210641458675
LN100916,47,337751.99,716,0.422,39844.17,Unemployed,Vehicle,6,0,1,0,Good,Upper-Middle,0.11796872018429855
LN100917,59,180044.53,611,0.359,237461.69,Contract,Education,10,1,3,0,Fair,Low,1.3189053285873222
LN100918,33,391862.65,668,0.382,97666.44,Contract,Personal,3,1,2,0,Fair,Upper-Middle,0.2492364097471397
LN100919,52,148229.88,649,0.782,98349.22,Contract,Home,3,0,1,0,Fair,Low,0.663491193543434
LN100920,63,304992.16,607,0.297,140178.92,Self-employed,Vehicle,9,1,1,0,Fair,Upper-Middle,0.45961483075499393
LN100921,49,256734.54,611,0.129,39904.28,Employed,Education,13,1,0,1,Fair,Lower-Middle,0.15543011859643038
LN100922,42,354422.08,672,0.128,200024.06,Contract,Vehicle,2,1,2,0,Good,Upper-Middle,0.5643668137154434
LN100923,28,321297.02,577,0.363,217756.48,Self-employed,Business,0,1,1,1,Poor,Upper-Middle,0.6777419846595527
LN100924,33,260718.73,684,0.427,120521.24,Employed,Personal,15,2,1,0,Good,Lower-Middle,0.46226536927362294
LN100925,67,128873.68,615,0.057,148549.15,Employed,Home,6,2,1,0,Fair,Low,1.1526725239785192
LN100926,47,133128.94,660,0.358,88990.42,Employed,Education,1,2,0,0,Fair,Low,0.6684528548037714
LN100927,35,217596.98,754,0.269,192793.85,Employed,Personal,15,0,0,0,Very Good,Lower-Middle,0.8860134455910188
LN100928,41,298636.93,637,0.503,64429.37,Unemployed,Personal,4,0,1,0,Fair,Lower-Middle,0.21574481762854983
LN100929,49,214700.94,719,0.467,107707.74,Employed,Education,1,2,0,0,Good,Lower-Middle,0.501664035565005
LN100930,47,423117.13,516,0.234,111966.71,Employed,Home,10,2,1,0,Poor,Upper-Middle,0.26462343890449436
LN100931,55,257291.83,615,0.148,107268.55,Employed,Business,12,1,0,0,Fair,Lower-Middle,0.4169139377647553
LN100932,33,176447.87,652,0.248,220393.0,Employed,Vehicle,2,0,2,0,Fair,Low,1.2490544657750757
LN100933,52,257451.03,794,0.286,456146.26,Self-employed,Home,11,0,1,0,Very Good,Lower-Middle,1.7717787339984619
LN100934,42,339680.47,503,0.383,102420.44,Employed,Home,6,0,1,0,Poor,Upper-Middle,0.3015199549152767
LN100935,67,358693.79,643,0.259,149338.09,Employed,Personal,5,0,0,0,Fair,Upper-Middle,0.4163386547617677
LN100936,28,842935.97,759,0.093,65294.16,Contract,Personal,10,2,0,0,Very Good,High,0.07746040307189644
LN100937,28,207655.89,591,0.361,215127.17,Employed,Vehicle,0,1,0,0,Fair,Low,1.035979138371659
LN100938,43,288117.74,634,0.359,78579.85,Employed,Education,2,0,2,0,Fair,Lower-Middle,0.2727352019351533
LN100939,45,379232.94,675,0.495,849640.77,Employed,Business,13,0,1,0,Good,Upper-Middle,2.240419226241265
LN100940,54,296160.0,664,0.279,37132.76,Employed,Education,15,0,2,0,Fair,Lower-Middle,0.12538074014046463
LN100941,40,227794.18,767,0.457,444219.91,Employed,Vehicle,14,1,1,1,Very Good,Lower-Middle,1.9500933254747772
LN100942,65,127956.59,684,0.362,209510.69,Self-employed,Vehicle,12,0,2,0,Good,Low,1.637357560091278
LN100943,44,226517.79,750,0.161,53038.77,Employed,Home,2,0,1,0,Very Good,Lower-Middle,0.23414836424106025
LN100944,27,166209.02,623,0.097,496767.35,Contract,Business,4,1,1,0,Fair,Low,2.988811016393695
LN100945,26,116064.82,594,0.203,60160.36,Employed,Home,13,2,2,0,Fair,Low,0.518334151554278
LN100946,68,193670.66,633,0.099,89672.6,Employed,Home,11,0,1,0,Fair,Low,0.46301592610878695
LN100947,27,168659.52,563,0.283,47356.08,Self-employed,Home,13,2,2,0,Poor,Low,0.2807791697735177
LN100948,67,413585.84,686,0.317,100011.64,Self-employed,Home,6,0,0,0,Good,Upper-Middle,0.24181591903629968
LN100949,34,417541.1,621,0.224,106295.94,Unemployed,Vehicle,9,0,0,0,Fair,Upper-Middle,0.25457599263880853
LN100950,25,182481.51,600,0.663,188670.16,Employed,Business,11,2,3,0,Fair,Low,1.0339138469426299
LN100951,35,259993.53,687,0.11,536670.48,Employed,Home,12,0,2,0,Good,Lower-Middle,2.0641685968108514
LN100952,51,107958.73,564,0.29,78811.27,Unemployed,Home,11,0,2,0,Poor,Low,0.7300129410562722
LN100953,41,228582.11,708,0.367,18380.14,Employed,Vehicle,0,1,2,0,Good,Lower-Middle,0.08040935487033522
LN100954,59,373613.75,614,0.109,167671.07,Self-employed,Business,3,0,0,0,Fair,Upper-Middle,0.4487818502397195
LN100955,50,472245.19,737,0.546,76920.96,Employed,Business,7,1,1,0,Good,High,0.1628835224346065
LN100956,40,202675.58,621,0.702,358695.94,Employed,Business,11,1,1,1,Fair,Low,1.7698034464734234
LN100957,52,535019.21,697,0.418,107554.79,Unemployed,Home,15,1,2,0,Good,High,0.20102977237022948
LN100958,68,130340.72,663,0.084,67159.57,Unemployed,Personal,4,0,1,0,Fair,Low,0.5152616158634079
LN100959,41,151046.42,706,0.397,56943.0,Unemployed,Personal,12,2,5,1,Good,Low,0.3769900670270768
LN100960,28,443233.4,658,0.27,164902.89,Contract,Home,10,1,0,0,Fair,High,0.3720452700541069
LN100961,41,752122.46,525,0.312,91980.49,Employed,Personal,4,1,0,0,Poor,High,0.12229456623327006
LN100962,62,393535.02,726,0.727,285570.83,Employed,Personal,2,0,0,0,Good,Upper-Middle,0.7256554448445275
LN100963,31,293416.81,643,0.251,95927.93,Employed,Personal,9,0,1,0,Fair,Lower-Middle,0.326933995363115
LN100964,67,89696.47,709,0.463,275884.82,Contract,Home,5,2,1,0,Good,Low,3.0757600605687156
LN100965,49,98636.03,702,0.09,44853.12,Self-employed,Vehicle,3,1,1,0,Good,Low,0.45473363029716424
LN100966,50,322130.81,592,0.395,35530.01,Self-employed,Education,3,0,1,0,Fair,Upper-Middle,0.11029683872834145
LN100967,36,246373.33,581,0.073,188566.8,Employed,Home,3,0,1,1,Fair,Lower-Middle,0.7653701802869654
LN100968,66,163297.41,699,0.233,81337.22,Employed,Home,1,0,1,0,Good,Low,0.49809252945285537
LN100969,22,311010.1,627,0.456,92681.82,Contract,Personal,3,1,1,0,Fair,Upper-Middle,0.29800260506009296
LN100970,35,319611.03,720,0.461,56971.68,Unemployed,Home,15,1,1,0,Good,Upper-Middle,0.1782531723013439
LN100971,41,504320.11,637,0.171,54320.65,Employed,Home,3,0,0,0,Fair,High,0.10771065623379564
LN100972,44,323407.69,727,0.319,166278.48,Employed,Home,6,0,3,0,Good,Upper-Middle,0.5141451027339518
LN100973,44,589573.49,682,0.387,108660.64,Contract,Home,7,1,1,0,Good,High,0.1843038091824651
LN100974,28,301321.92,672,0.463,55221.35,Self-employed,Vehicle,11,0,2,0,Good,Upper-Middle,0.18326363379073118
LN100975,32,281560.75,622,0.317,183889.29,Self-employed,Personal,4,0,1,0,Fair,Lower-Middle,0.6531069760256002
LN100976,25,538697.49,667,0.465,236080.8,Contract,Personal,13,1,0,0,Fair,High,0.43824373490212476
LN100977,49,175149.52,739,0.532,102487.36,Self-employed,Home,12,1,1,1,Good,Low,0.5851421117226014
LN100978,38,1410540.97,646,0.262,211148.21,Self-employed,Education,8,0,2,0,Fair,High,0.14969307130440884
LN100979,48,368770.35,690,0.243,57357.71,Self-employed,Home,14,1,5,1,Good,Upper-Middle,0.15553774862865197
LN100980,49,369902.17,653,0.204,160078.79,Employed,Home,5,0,1,0,Fair,Upper-Middle,0.4327598024093776
LN100981,55,400448.54,659,0.237,122194.98,Employed,Personal,7,1,1,1,Fair,Upper-Middle,0.30514527534549135
LN100982,47,842360.05,779,0.307,65756.97,Employed,Business,9,0,0,0,Very Good,High,0.0780627832480897
LN100983,52,463896.54,740,0.207,417785.63,Self-employed,Vehicle,3,0,1,0,Very Good,High,0.9006008753589756
LN100984,49,124089.33,656,0.492,127968.5,Employed,Personal,1,1,3,0,Fair,Low,1.0312611084289036
LN100985,52,649167.77,666,0.546,74921.97,Contract,Vehicle,15,3,0,0,Fair,High,0.11541233786144374
LN100986,51,248710.45,597,0.363,111412.11,Employed,Personal,0,2,1,1,Fair,Lower-Middle,0.4479591026432544
LN100987,36,318211.98,637,0.41,62500.78,Self-employed,Education,0,1,2,1,Fair,Upper-Middle,0.19641240408359234
LN100988,33,148441.77,673,0.049,51858.01,Employed,Education,1,0,0,0,Good,Low,0.3493491757744468
LN100989,59,400692.21,714,0.33,82134.46,Employed,Personal,8,1,1,0,Good,Upper-Middle,0.20498142452033197
LN100990,37,209668.27,706,0.18,85829.89,Employed,Personal,4,0,0,0,Good,Lower-Middle,0.4093604149068431
LN100991,47,316991.76,567,0.216,65220.08,Self-employed,Business,3,0,0,0,Poor,Upper-Middle,0.20574692540903902
LN100992,30,256602.46,723,0.427,248068.28,Employed,Vehicle,13,1,2,0,Good,Lower-Middle,0.9667416282758942
LN100993,42,864835.67,643,0.424,66868.34,Employed,Business,15,3,3,1,Fair,High,0.07731912815298193
LN100994,46,892499.22,576,0.298,60011.22,Contract,Personal,14,0,0,0,Poor,High,0.06723952094882503
LN100995,51,307773.68,750,0.424,50894.87,Self-employed,Education,5,2,3,0,Very Good,Upper-Middle,0.16536459517915894
LN100996,46,310744.25,760,0.144,47807.92,Self-employed,Education,1,1,0,0,Very Good,Upper-Middle,0.1538497333418076
LN100997,38,244298.01,670,0.544,214503.05,Self-employed,Business,15,1,1,0,Good,Lower-Middle,0.8780384662159139
LN100998,68,551193.5,703,0.502,130098.13,Self-employed,Education,8,0,1,0,Good,High,0.2360298697281445
LN100999,46,250354.16,708,0.232,172292.44,Employed,Vehicle,15,1,3,0,Good,Lower-Middle,0.6881948356679993
LN101000,60,237946.77,755,0.22,213245.41,Employed,Home,2,0,4,0,Very Good,Lower-Middle,0.8961895553362629
LN101001,57,513889.65,705,0.385,88573.75,Employed,Vehicle,15,2,0,1,Good,High,0.17235947445137298
LN101002,48,223121.84,550,0.281,286413.4,Employed,Home,4,0,0,0,Poor,Lower-Middle,1.2836636700378592
LN101003,64,293834.65,801,0.135,73185.82,Employed,Home,12,0,2,0,Excellent,Lower-Middle,0.2490714420508269
LN101004,27,125720.54,730,0.346,53960.83,Contract,Personal,1,0,0,1,Good,Low,0.4292125216770466
LN101005,66,441901.57,612,0.138,140236.63,Self-employed,Vehicle,11,0,2,0,Fair,High,0.31734811442285665
LN101006,62,872409.82,573,0.291,120836.27,Employed,Home,7,0,2,0,Poor,High,0.13850860825936143
LN101007,45,446061.32,688,0.087,120711.6,Contract,Vehicle,15,0,2,0,Good,High,0.2706166049098362
LN101008,56,670331.27,629,0.441,212818.4,Employed,Home,2,0,4,0,Fair,High,0.31748242924725856
LN101009,46,188373.43,675,0.283,117862.36,Employed,Education,3,0,2,0,Good,Low,0.62568463078896
LN101010,34,341641.12,706,0.352,134823.17,Employed,Vehicle,10,1,1,0,Good,Upper-Middle,0.3946339070659879
LN101011,60,178581.4,608,0.548,266193.12,Contract,Business,12,0,1,1,Fair,Low,1.4905982369944462
LN101012,33,264677.32,566,0.513,130820.09,Self-employed,Personal,14,0,2,0,Poor,Lower-Middle,0.4942625609175731
LN101013,36,458746.97,679,0.43,151676.31,Employed,Personal,1,1,1,0,Good,High,0.33063174237423304
LN101014,46,317279.73,610,0.057,43770.76,Self-employed,Vehicle,0,1,1,0,Fair,Upper-Middle,0.13795637055036578
LN101015,62,137941.53,661,0.411,1000000.0,Self-employed,Personal,5,0,0,0,Fair,Low,7.2494483713498035
LN101016,39,145549.53,549,0.585,39112.14,Employed,Personal,1,1,3,1,Poor,Low,0.268720482986101
LN101017,45,140350.42,631,0.159,77471.98,Self-employed,Business,6,1,0,0,Fair,Low,0.5519896556063031
LN101018,23,393106.83,704,0.16,75964.16,Employed,Personal,7,1,1,0,Good,Upper-Middle,0.19324049902668952
LN101019,26,933484.6,695,0.29,432979.53,Employed,Business,15,1,0,0,Good,High,0.46383146545749127
LN101020,23,634688.62,591,0.214,74447.25,Employed,Business,0,0,2,0,Fair,High,0.11729728193330456
LN101021,24,105740.78,562,0.515,146599.15,Employed,Business,5,1,1,0,Poor,Low,1.386401254085699
LN101022,63,655484.23,651,0.133,76300.74,Contract,Education,5,0,0,0,Fair,High,0.11640362423364481
LN101023,62,502101.71,692,0.171,55947.7,Employed,Vehicle,8,0,0,0,Good,High,0.11142702541283915
LN101024,61,128235.38,680,0.059,159367.26,Employed,Education,5,4,1,0,Good,Low,1.2427713786943977
LN101025,23,253920.59,612,0.236,68934.19,Employed,Business,10,0,1,0,Fair,Lower-Middle,0.27147932351606463
LN101026,24,548024.39,672,0.14,125890.67,Self-employed,Business,13,1,1,0,Good,High,0.22971727590445382
LN101027,34,406068.11,763,0.199,165311.32,Employed,Business,10,0,0,0,Very Good,Upper-Middle,0.4071024439717761
LN101028,48,146025.34,665,0.287,379885.94,Contract,Vehicle,10,1,2,0,Fair,Low,2.601506971324292
LN101029,37,419763.17,528,0.652,48427.44,Employed,Personal,1,1,2,0,Poor,Upper-Middle,0.11536848266130638
LN101030,44,92587.78,665,0.348,99598.84,Employed,Education,14,1,1,1,Fair,Low,1.0757233837985962
LN101031,29,265397.92,803,0.295,102311.82,Employed,Personal,8,0,1,0,Excellent,Lower-Middle,0.3855034734258656
LN101032,56,560965.1,553,0.314,110066.38,Contract,Vehicle,2,1,2,0,Poor,High,0.19620896201920585
LN101033,36,303050.45,652,0.524,584175.37,Employed,Vehicle,10,0,1,0,Fair,Upper-Middle,1.9276505611524417
LN101034,24,228004.83,633,0.459,98279.38,Employed,Vehicle,7,1,0,0,Fair,Lower-Middle,0.4310407810220512
LN101035,57,489274.12,657,0.556,21372.33,Employed,Vehicle,14,0,3,1,Fair,High,0.04368170954964878
LN101036,65,512805.16,665,0.2,96689.06,Employed,Vehicle,10,0,0,0,Fair,High,0.18854931178929635
LN101037,21,616651.67,735,0.228,101853.47,Employed,Personal,15,3,1,0,Good,High,0.1651718059889467
LN101038,42,485253.2,656,0.161,94047.81,Employed,Home,15,0,1,0,Fair,High,0.19381182854641657
LN101039,61,543776.66,746,0.245,68948.62,Self-employed,Personal,3,0,0,0,Very Good,High,0.12679584298450763
LN101040,55,448936.83,641,0.219,46601.57,Contract,Home,4,0,1,0,Fair,High,0.10380429246582419
LN101041,62,347173.01,624,0.413,447711.72,Employed,Home,3,1,0,0,Fair,Upper-Middle,1.28959252909666
LN101042,41,315138.56,600,0.101,135283.3,Employed,Vehicle,3,1,1,0,Fair,Upper-Middle,0.42928196409858566
LN101043,39,263298.83,514,0.306,97078.91,Employed,Home,10,0,1,0,Poor,Lower-Middle,0.3687023979559651
LN101044,55,154004.21,671,0.29,438533.96,Contract,Personal,15,0,2,0,Good,Low,2.8475452716519896
LN101045,28,177391.85,804,0.414,62542.91,Employed,Personal,7,0,0,0,Excellent,Low,0.3525692414843185
LN101046,32,256896.82,684,0.209,162722.42,Employed,Personal,12,0,1,0,Good,Lower-Middle,0.6334154700708245
LN101047,50,342606.02,702,0.482,48841.99,Self-employed,Personal,11,1,1,1,Good,Upper-Middle,0.14256022121269205
LN101048,53,662638.37,619,0.255,179194.78,Employed,Personal,4,2,2,0,Fair,High,0.27042620547313007
LN101049,26,293182.12,632,0.227,52618.01,Employed,Personal,13,0,2,0,Fair,Lower-Middle,0.17947209741167028
LN101050,45,520971.03,724,0.207,149348.33,Unemployed,Education,7,1,2,0,Good,High,0.28667300367930243
LN101051,38,543161.17,801,0.124,391538.41,Employed,Home,0,1,3,0,Excellent,High,0.7208512530452056
LN101052,45,264141.97,762,0.103,116888.75,Employed,Business,11,0,1,0,Very Good,Lower-Middle,0.44252244351777953
LN101053,67,416073.57,710,0.47,26451.22,Self-employed,Education,14,1,2,0,Good,Upper-Middle,0.06357342044100518
LN101054,24,262392.65,653,0.137,112587.63,Employed,Business,3,0,1,0,Fair,Lower-Middle,0.42908073072930963
LN101055,69,620767.87,666,0.085,150321.18,Employed,Business,4,3,1,0,Fair,High,0.24215360888442888
LN101056,43,425598.46,593,0.326,197575.33,Self-employed,Vehicle,11,1,1,0,Fair,Upper-Middle,0.46422942883768886
LN101057,58,155869.08,541,0.384,286665.16,Self-employed,Business,15,0,1,0,Poor,Low,1.839140642903647
LN101058,41,327871.26,565,0.16,296323.36,Contract,Home,4,0,1,0,Poor,Upper-Middle,0.9037796115463124
LN101059,36,742664.33,654,0.285,101025.15,Employed,Personal,6,2,2,0,Fair,High,0.13603070178420984
LN101060,58,271538.9,628,0.286,71653.74,Employed,Personal,10,1,0,0,Fair,Lower-Middle,0.2638802027996725
LN101061,54,383763.22,540,0.555,53167.56,Contract,Business,13,0,2,1,Poor,Upper-Middle,0.13854261489675848
LN101062,28,405052.15,647,0.407,77440.74,Self-employed,Education,0,1,3,0,Fair,Upper-Middle,0.1911870854160384
LN101063,55,169633.44,626,0.587,149938.5,Employed,Vehicle,3,1,1,1,Fair,Low,0.8838970665217896
LN101064,57,397292.13,562,0.193,45780.55,Self-employed,Home,14,0,0,0,Poor,Upper-Middle,0.11523145449672009
LN101065,40,139375.7,622,0.488,60221.0,Employed,Education,8,0,1,0,Fair,Low,0.432076753695228
LN101066,66,212658.85,626,0.291,158534.9,Unemployed,Vehicle,12,1,0,0,Fair,Lower-Middle,0.7454893130476347
LN101067,52,542088.95,604,0.345,72259.49,Self-employed,Vehicle,1,3,1,0,Fair,High,0.13329821609534748
LN101068,37,365036.9,720,0.058,139906.09,Contract,Personal,1,0,1,0,Good,Upper-Middle,0.3832656095863185
LN101069,21,253742.43,507,0.35,64791.78,Employed,Education,11,0,0,0,Poor,Lower-Middle,0.25534468161276774
LN101070,54,383498.63,501,0.138,132628.14,Contract,Home,6,0,3,0,Poor,Upper-Middle,0.3458373241124747
LN101071,31,290246.84,650,0.103,66603.71,Employed,Home,15,0,1,0,Fair,Lower-Middle,0.2294726447323251
LN101072,58,302082.65,657,0.107,31950.75,Employed,Business,6,0,1,0,Fair,Upper-Middle,0.10576823925505155
LN101073,46,430536.74,680,0.113,204762.82,Employed,Personal,13,3,3,0,Good,Upper-Middle,0.47559894656144797
LN101074,43,201085.51,610,0.361,69975.76,Contract,Education,8,1,1,0,Fair,Low,0.3479900665144892
LN101075,29,306729.88,581,0.493,93585.06,Self-employed,Education,10,1,1,1,Fair,Upper-Middle,0.305105782325478
LN101076,55,252657.54,649,0.518,70192.26,Employed,Home,10,0,0,0,Fair,Lower-Middle,0.2778158134524701
LN101077,29,125424.08,617,0.19,156709.05,Employed,Vehicle,1,0,1,0,Fair,Low,1.249433521856409
LN101078,41,180825.38,766,0.199,136597.71,Employed,Personal,12,0,3,0,Very Good,Low,0.7554122656896946
LN101079,61,710732.42,626,0.117,156466.37,Employed,Home,15,0,1,0,Fair,High,0.2201480692269532
LN101080,66,370695.25,646,0.385,76959.35,Employed,Home,6,0,0,0,Fair,Upper-Middle,0.20760813633301212
LN101081,69,144865.96,836,0.279,106501.27,Self-employed,Education,5,0,5,0,Excellent,Low,0.7351711195645962
LN101082,67,128584.67,635,0.541,144250.5,Employed,Business,9,1,1,0,Fair,Low,1.1218327970200492
LN101083,48,282052.25,692,0.331,300324.32,Employed,Vehicle,10,0,0,1,Good,Lower-Middle,1.0647825713143575
LN101084,30,707993.61,698,0.138,134252.95,Employed,Personal,6,2,0,1,Good,High,0.1896245221761253
LN101085,62,270714.7,705,0.663,57300.14,Employed,Business,4,1,0,0,Good,Lower-Middle,0.21166246236351405
LN101086,60,615621.44,672,0.533,130923.27,Employed,Business,15,2,1,0,Good,High,0.2126684704158452
LN101087,69,364069.36,665,0.494,98813.26,Contract,Education,13,0,0,0,Fair,Upper-Middle,0.27141328234817674
LN101088,52,388763.13,658,0.58,30003.18,Employed,Vehicle,9,1,0,1,Fair,Upper-Middle,0.07717599145783192
LN101089,27,143902.53,607,0.116,33152.84,Employed,Education,6,1,3,0,Fair,Low,0.23038399672333765
LN101090,45,502411.79,674,0.447,105347.26,Employed,Business,5,0,1,1,Good,High,0.20968309680789934
LN101091,42,249527.68,802,0.561,111280.01,Employed,Personal,6,1,2,0,Excellent,Lower-Middle,0.4459625881986319
LN101092,62,482259.97,741,0.267,90821.23,Contract,Business,9,0,0,0,Very Good,High,0.1883242144273347
LN101093,40,191710.99,673,0.428,195429.27,Self-employed,Education,0,0,0,0,Good,Low,1.019395236548515
LN101094,37,330682.8,714,0.185,59897.55,Self-employed,Home,10,0,0,0,Good,Upper-Middle,0.18113294673929217
LN101095,24,364083.81,585,0.462,44676.76,Employed,Vehicle,9,0,1,1,Fair,Upper-Middle,0.12271009798540616
LN101096,61,275631.31,630,0.598,64314.2,Employed,Business,2,1,0,1,Fair,Lower-Middle,0.23333415931593546
LN101097,58,374758.69,721,0.242,74004.5,Employed,Home,4,0,2,0,Good,Upper-Middle,0.1974724055097962
LN101098,23,259112.95,762,0.147,105919.65,Self-employed,Personal,4,1,0,0,Very Good,Lower-Middle,0.408777909402058
LN101099,42,209935.35,592,0.119,65497.65,Employed,Vehicle,14,2,0,1,Fair,Lower-Middle,0.3119896196614815
LN101100,44,725454.49,614,0.389,27340.2,Contract,Vehicle,14,2,0,0,Fair,High,0.0376869953620385
LN101101,43,534165.95,814,0.157,20706.17,Unemployed,Education,12,1,0,0,Excellent,High,0.03876355278729391
LN101102,66,197414.75,657,0.341,119167.95,Self-employed,Vehicle,10,3,2,0,Fair,Low,0.6036425849638895
LN101103,28,410110.58,787,0.161,52805.55,Employed,Business,15,1,0,0,Very Good,Upper-Middle,0.1287592970656841
LN101104,36,199399.25,666,0.433,29874.34,Contract,Vehicle,11,1,0,1,Fair,Low,0.14982172701251384
LN101105,29,156367.02,668,0.302,165123.26,Employed,Personal,6,0,0,0,Fair,Low,1.0559979975317046
LN101106,32,529735.42,627,0.311,300319.84,Unemployed,Home,5,1,2,1,Fair,High,0.5669242203966652
LN101107,65,117510.5,721,0.051,103449.37,Employed,Vehicle,10,1,0,0,Good,Low,0.8803415013977474
LN101108,67,499472.84,752,0.25,130969.76,Self-employed,Home,6,1,0,0,Very Good,High,0.2622159795515608
LN101109,23,261069.12,572,0.407,131693.3,Employed,Home,7,1,0,0,Poor,Lower-Middle,0.5044384414365054
LN101110,51,267048.91,624,0.229,24457.4,Self-employed,Education,15,1,2,0,Fair,Lower-Middle,0.09158397238917772
LN101111,32,375833.28,719,0.257,195998.02,Employed,Vehicle,14,2,0,0,Good,Upper-Middle,0.5215025662442665
LN101112,30,412997.62,640,0.109,246263.85,Employed,Home,9,1,2,0,Fair,Upper-Middle,0.5962839446871389
LN101113,35,190431.72,613,0.385,362998.91,Employed,Business,5,1,2,0,Fair,Low,1.9061893155194942
LN101114,30,445203.53,726,0.266,82766.84,Employed,Personal,7,0,2,0,Good,High,0.1859078700476611
LN101115,45,319301.65,733,0.083,52596.63,Employed,Business,5,0,2,0,Good,Upper-Middle,0.16472395303939077
LN101116,69,150347.96,616,0.277,266012.35,Contract,Personal,6,1,1,0,Fair,Low,1.7693113361830781
LN101117,49,273240.27,666,0.363,152135.58,Employed,Education,5,0,0,0,Fair,Lower-Middle,0.556783156450548
LN101118,56,641292.67,559,0.261,194223.93,Self-employed,Education,7,0,2,1,Poor,High,0.30286316854362294
LN101119,45,754390.1,583,0.246,72231.82,Employed,Business,7,0,1,0,Fair,High,0.09574863190808046
LN101120,21,445111.19,659,0.342,131235.83,Self-employed,Vehicle,10,3,0,0,Fair,High,0.29483830770464337
LN101121,25,155881.1,652,0.2,55466.01,Unemployed,Education,14,0,2,0,Fair,Low,0.3558225468000931
LN101122,34,392924.02,577,0.329,109625.99,Employed,Vehicle,8,0,2,0,Poor,Upper-Middle,0.27900047953291324
LN101123,32,479026.53,596,0.541,87737.85,Unemployed,Vehicle,3,2,3,0,Fair,High,0.18315864467882395
LN101124,62,447162.41,570,0.372,504612.31,Self-employed,Business,2,0,0,0,Poor,High,1.12847658639285
LN101125,62,461973.41,684,0.205,157132.54,Employed,Vehicle,10,0,3,0,Good,High,0.3401332990138978
LN101126,62,366345.61,502,0.276,27158.12,Employed,Home,15,2,4,0,Poor,Upper-Middle,0.07413251110065165
LN101127,52,288286.76,574,0.257,109888.84,Unemployed,Personal,4,2,3,0,Poor,Lower-Middle,0.38117893447482637
LN101128,48,214686.83,510,0.334,139741.11,Contract,Business,1,0,0,0,Poor,Lower-Middle,0.6509067649841399
LN101129,52,105627.41,681,0.107,80834.69,Employed,Business,1,0,1,0,Good,Low,0.7652813791420239
LN101130,40,361616.93,515,0.159,53714.71,Employed,Personal,4,1,2,0,Poor,Upper-Middle,0.1485403628640949
LN101131,53,332324.38,652,0.253,168985.99,Employed,Vehicle,15,3,0,0,Fair,Upper-Middle,0.5084971195914064
LN101132,59,407666.4,773,0.593,58884.54,Employed,Education,12,0,0,1,Very Good,Upper-Middle,0.14444295629956258
LN101133,58,143758.3,776,0.223,159895.23,Employed,Home,12,1,0,0,Very Good,Low,1.112250423106005
LN101134,51,427751.17,515,0.594,55737.89,Unemployed,Home,5,0,0,1,Poor,Upper-Middle,0.13030447117187313
LN101135,23,928696.77,672,0.29,77745.8,Contract,Business,15,0,3,0,Good,High,0.08371494605284349
LN101136,56,313227.59,576,0.104,204788.54,Employed,Business,6,0,1,1,Poor,Upper-Middle,0.6538010907659826
LN101137,38,289995.83,561,0.326,151175.82,Employed,Vehicle,6,1,1,0,Poor,Lower-Middle,0.5213034270182437
LN101138,57,355574.14,641,0.376,112269.71,Employed,Vehicle,15,2,2,1,Fair,Upper-Middle,0.315742055932414
LN101139,47,917422.25,742,0.345,107882.52,Contract,Business,12,0,3,0,Very Good,High,0.11759309303867439
LN101140,64,170848.33,695,0.225,116668.89,Contract,Vehicle,4,0,1,0,Good,Low,0.6828798970408433
LN101141,37,335474.61,596,0.214,65757.8,Contract,Vehicle,10,0,0,0,Fair,Upper-Middle,0.19601423785841798
LN101142,66,193247.33,703,0.291,41043.28,Self-employed,Home,5,1,2,0,Good,Low,0.21238730698116243
LN101143,62,222056.06,482,0.056,159244.83,Employed,Vehicle,9,0,1,0,Poor,Lower-Middle,0.7171379605672549
LN101144,37,291928.18,594,0.153,297390.29,Employed,Vehicle,2,0,1,0,Fair,Lower-Middle,1.0187104581681699
LN101145,44,629427.24,588,0.522,162915.52,Contract,Personal,0,0,2,0,Fair,High,0.25883137819075
LN101146,47,807810.34,656,0.271,129760.76,Self-employed,Vehicle,15,1,1,0,Fair,High,0.16063270494903545
LN101147,58,383853.38,635,0.349,50146.05,Self-employed,Vehicle,1,1,0,0,Fair,Upper-Middle,0.1306385526682089
LN101148,54,243874.9,639,0.257,194541.14,Self-employed,Vehicle,6,1,2,0,Fair,Lower-Middle,0.7977087432942054
LN101149,62,1181793.94,637,0.056,150413.28,Employed,Vehicle,3,0,0,0,Fair,High,0.12727538609649666
LN101150,39,237134.5,652,0.193,180291.61,Employed,Vehicle,0,0,0,0,Fair,Lower-Middle,0.7602926187459015
LN101151,45,219128.37,691,0.504,215402.75,Contract,Education,11,0,1,0,Good,Lower-Middle,0.9829980024950672
LN101152,42,113019.89,661,0.074,308396.07,Employed,Vehicle,4,1,1,1,Fair,Low,2.728688463596983
LN101153,65,646538.56,629,0.731,53298.66,Employed,Home,12,2,0,1,Fair,High,0.0824369392600497
LN101154,35,510973.41,680,0.445,47591.08,Self-employed,Business,8,0,3,0,Good,High,0.09313807542353329
LN101155,49,1134078.29,712,0.347,121119.84,Employed,Vehicle,10,1,0,0,Good,High,0.10680024568674178
LN101156,26,139706.62,608,0.393,60391.21,Self-employed,Personal,10,0,0,0,Fair,Low,0.43227164181625755
LN101157,62,668994.89,646,0.27,53961.6,Employed,Business,3,1,1,0,Fair,High,0.0806607057940308
LN101158,39,311798.46,737,0.548,243116.95,Self-employed,Home,7,1,1,0,Good,Upper-Middle,0.7797246657343978
LN101159,37,467377.65,567,0.433,57087.76,Unemployed,Home,12,1,0,0,Poor,High,0.1221448222866455
LN101160,49,121207.63,785,0.06,109211.54,Employed,Home,3,1,1,0,Very Good,Low,0.9010285903618442
LN101161,45,672651.58,550,0.228,38093.88,Unemployed,Business,1,0,0,0,Poor,High,0.05663240990231525
LN101162,62,462370.58,624,0.265,114600.91,Self-employed,Education,6,1,2,0,Fair,High,0.24785510790933107
LN101163,47,293648.05,579,0.247,237296.82,Contract,Vehicle,14,0,1,1,Poor,Lower-Middle,0.8080994237829947
LN101164,46,427773.76,814,0.502,242012.89,Contract,Home,5,0,1,0,Excellent,Upper-Middle,0.5657497318208579
LN101165,26,196912.62,612,0.158,216962.67,Employed,Home,6,2,2,0,Fair,Low,1.1018220670671084
LN101166,22,218129.83,612,0.148,104536.74,Employed,Education,2,0,1,0,Fair,Lower-Middle,0.47924091812660385
LN101167,40,232499.47,622,0.549,226548.33,Employed,Personal,11,0,2,1,Fair,Lower-Middle,0.9744036405760408
LN101168,69,108286.68,657,0.154,145479.21,Self-employed,Vehicle,5,1,0,0,Fair,Low,1.3434635728050763
LN101169,65,481906.28,625,0.256,82695.51,Employed,Vehicle,2,0,1,0,Fair,High,0.17160081416660516
LN101170,51,577760.23,640,0.123,140975.53,Employed,Personal,1,0,2,0,Fair,High,0.24400352028383818
LN101171,51,203984.33,385,0.384,195618.86,Contract,Business,5,0,3,0,Poor,Low,0.9589896439594159
LN101172,40,363323.69,654,0.351,46407.62,Contract,Vehicle,3,1,0,0,Fair,Upper-Middle,0.12773078463449494
LN101173,29,259235.06,651,0.178,55213.59,Self-employed,Personal,7,2,1,0,Fair,Lower-Middle,0.21298658445350716
LN101174,21,359363.05,728,0.221,100196.39,Employed,Business,6,1,2,0,Good,Upper-Middle,0.27881661734560637
LN101175,37,212430.52,748,0.229,49716.54,Contract,Vehicle,7,0,0,0,Very Good,Lower-Middle,0.2340367099793382
LN101176,36,184545.98,636,0.233,49257.48,Unemployed,Home,5,1,1,0,Fair,Low,0.2669116932268045
LN101177,30,535083.96,711,0.414,83688.27,Employed,Vehicle,1,0,0,1,Good,High,0.156402127995016
LN101178,33,289644.31,567,0.129,209615.15,Employed,Home,12,0,3,0,Poor,Lower-Middle,0.7236984907454249
LN101179,22,912275.84,708,0.338,207064.12,Contract,Home,8,1,0,0,Good,High,0.22697534114243342
LN101180,50,307739.29,607,0.029,135528.57,Employed,Personal,2,1,0,0,Fair,Upper-Middle,0.44040060663037217
LN101181,66,180267.08,561,0.405,123675.72,Self-employed,Business,1,2,1,0,Poor,Low,0.6860693588646358
LN101182,54,589102.36,636,0.276,427238.05,Employed,Personal,15,1,1,0,Fair,High,0.7252356789064637
LN101183,42,424419.59,755,0.079,77470.89,Employed,Business,14,0,0,0,Very Good,Upper-Middle,0.1825337280025175
LN101184,41,447448.99,664,0.24,128660.68,Employed,Business,3,1,3,0,Fair,High,0.28754267609364814
LN101185,36,577444.8,762,0.219,75011.26,Self-employed,Personal,6,2,0,0,Very Good,High,0.12990204431661692
LN101186,27,209504.35,594,0.31,47639.23,Self-employed,Business,9,1,2,0,Fair,Lower-Middle,0.22739017113487142
LN101187,50,279721.13,729,0.03,237615.32,Contract,Business,7,0,2,0,Good,Lower-Middle,0.8494721868169202
LN101188,48,273003.62,601,0.516,90206.08,Employed,Vehicle,13,0,1,0,Fair,Lower-Middle,0.33042082006092083
LN101189,21,147506.45,667,0.179,172796.51,Contract,Business,9,3,1,0,Fair,Low,1.1714505365697567
LN101190,41,259513.28,666,0.085,93737.33,Employed,Business,4,2,1,0,Fair,Lower-Middle,0.36120436688249635
LN101191,34,625650.04,700,0.211,247347.57,Employed,Vehicle,12,2,2,0,Good,High,0.3953449279728328
LN101192,29,341831.67,669,0.218,57528.27,Contract,Personal,13,2,1,0,Fair,Upper-Middle,0.1682941489885943
LN101193,55,143086.41,595,0.162,234398.73,Employed,Vehicle,1,0,0,0,Fair,Low,1.6381620728341706
LN101194,46,127494.19,716,0.157,196706.71,Employed,Vehicle,13,0,1,0,Good,Low,1.5428680318687462
LN101195,52,749502.24,780,0.057,34259.57,Employed,Personal,11,1,2,0,Very Good,High,0.04570976332238847
LN101196,55,285461.46,606,0.351,78611.87,Self-employed,Home,14,0,3,0,Fair,Lower-Middle,0.2753852306367381
LN101197,69,210125.9,512,0.074,213581.6,Contract,Personal,14,1,0,0,Poor,Lower-Middle,1.0164458546043111
LN101198,60,258032.88,687,0.212,318857.19,Contract,Education,0,0,0,0,Good,Lower-Middle,1.2357230985446506
LN101199,51,133121.63,625,0.473,175134.28,Employed,Home,7,3,0,0,Fair,Low,1.315595970391889
LN101200,64,656212.59,640,0.157,85005.64,Employed,Personal,1,0,0,0,Fair,High,0.12953978831768528
LN101201,44,241677.3,692,0.335,58619.05,Employed,Business,0,2,1,0,Good,Lower-Middle,0.24255091396668205
LN101202,69,636416.56,616,0.197,158984.35,Unemployed,Home,14,0,1,0,Fair,High,0.24981177422535955
LN101203,58,308644.74,630,0.372,83393.19,Employed,Vehicle,3,1,1,0,Fair,Upper-Middle,0.27019151533248226
LN101204,52,658539.87,642,0.37,85726.81,Employed,Home,0,1,2,0,Fair,High,0.13017709922407583
LN101205,65,345490.26,760,0.388,95085.68,Employed,Home,15,0,0,0,Very Good,Upper-Middle,0.275219567694904
LN101206,46,479651.81,652,0.497,195121.51,Employed,Education,6,0,3,1,Fair,High,0.4067982355784293
LN101207,56,445538.49,557,0.145,355907.07,Self-employed,Vehicle,1,2,1,0,Poor,High,0.7988245190668039
LN101208,34,422670.35,560,0.24,214423.26,Employed,Personal,4,1,0,0,Poor,Upper-Middle,0.5073061311255924
LN101209,68,363270.03,660,0.364,110685.05,Self-employed,Vehicle,0,0,2,1,Fair,Upper-Middle,0.30469083838267635
LN101210,51,263938.09,565,0.084,61313.75,Employed,Personal,10,1,0,0,Poor,Lower-Middle,0.23230352996795572
LN101211,59,860291.73,533,0.225,169767.06,Employed,Home,14,1,1,0,Poor,High,0.1973366174286018
LN101212,43,182174.89,698,0.163,324737.84,Self-employed,Business,6,1,1,0,Good,Low,1.7825609226386798
LN101213,63,300711.6,701,0.665,211194.66,Self-employed,Vehicle,13,0,1,0,Good,Upper-Middle,0.7023163057228256
LN101214,24,302466.25,622,0.705,125902.22,Employed,Home,5,0,0,0,Fair,Upper-Middle,0.4162521273034595
LN101215,26,374325.18,672,0.116,80047.61,Self-employed,Home,7,0,1,0,Good,Upper-Middle,0.21384511188907998
LN101216,45,236884.46,664,0.423,137667.64,Contract,Education,3,1,2,0,Fair,Lower-Middle,0.5811594395005903
LN101217,56,356699.23,695,0.211,232980.59,Self-employed,Business,0,0,1,0,Good,Upper-Middle,0.6531569748552584
LN101218,60,273395.39,695,0.535,127929.73,Self-employed,Education,2,1,1,1,Good,Lower-Middle,0.4679293604767805
LN101219,42,125676.18,455,0.33,102847.68,Self-employed,Vehicle,9,0,1,1,Poor,Low,0.818354599893154
LN101220,52,301580.27,632,0.305,70370.3,Employed,Personal,1,0,2,0,Fair,Upper-Middle,0.23333854034947313
LN101221,48,163771.4,689,0.25,592059.81,Employed,Vehicle,13,1,3,0,Good,Low,3.6151599729867367
LN101222,68,115569.29,619,0.162,61643.94,Employed,Personal,14,0,0,0,Fair,Low,0.533393776149356
LN101223,53,323455.91,653,0.308,58049.61,Employed,Home,4,0,1,0,Fair,Upper-Middle,0.17946683985461884
LN101224,41,392335.88,706,0.493,122381.56,Self-employed,Business,4,0,2,1,Good,Upper-Middle,0.31193058356018827
LN101225,68,400801.54,656,0.238,96469.55,Self-employed,Business,2,0,1,0,Fair,Upper-Middle,0.24069156520705987
LN101226,26,409823.41,763,0.392,213924.41,Employed,Home,6,0,3,0,Very Good,Upper-Middle,0.5219916792942599
LN101227,69,103633.28,735,0.546,218678.64,Unemployed,Home,14,1,2,0,Good,Low,2.11011983795167
LN101228,28,141914.27,641,0.591,49958.26,Contract,Personal,6,0,1,1,Fair,Low,0.3520312650729205
LN101229,35,888219.83,635,0.292,67313.7,Employed,Personal,12,1,0,0,Fair,High,0.07578495517264008
LN101230,61,168648.67,436,0.121,62268.94,Employed,Personal,5,0,4,0,Poor,Low,0.36922283466569883
LN101231,56,419785.99,626,0.605,183171.55,Employed,Education,7,1,0,1,Fair,Upper-Middle,0.4363450766901487
LN101232,68,205607.04,549,0.333,145314.62,Unemployed,Home,7,1,0,0,Poor,Low,0.7067589708990509
LN101233,57,313438.28,667,0.224,86401.97,Employed,Personal,14,1,0,0,Fair,Upper-Middle,0.27565864003592666
LN101234,52,211768.28,661,0.193,126613.61,Self-employed,Home,7,1,0,0,Fair,Lower-Middle,0.5978875117652181
LN101235,37,408556.46,702,0.058,52900.38,Unemployed,Education,9,1,0,0,Good,Upper-Middle,0.12948119826571827
LN101236,21,323438.26,755,0.4,67885.4,Self-employed,Vehicle,13,1,2,0,Very Good,Upper-Middle,0.20988673387001275
LN101237,27,234445.49,648,0.177,47250.68,Contract,Vehicle,15,0,1,1,Fair,Lower-Middle,0.20154228601283822
LN101238,35,168374.02,821,0.22,120910.26,Employed,Personal,14,0,1,0,Excellent,Low,0.718105204116407
LN101239,23,347602.05,667,0.27,120612.35,Employed,Vehicle,1,2,1,0,Fair,Upper-Middle,0.34698400081357406
LN101240,45,153974.52,552,0.601,58011.51,Employed,Education,1,1,2,0,Poor,Low,0.37676045361271465
LN101241,59,379516.11,608,0.406,144642.66,Contract,Business,6,0,2,0,Fair,Upper-Middle,0.3811239001158607
LN101242,68,1272004.36,622,0.401,218679.09,Employed,Education,5,1,2,0,Fair,High,0.17191693430987923
LN101243,44,630413.53,694,0.424,56298.4,Employed,Personal,10,1,1,0,Good,High,0.08930392087238356
LN101244,63,445355.93,579,0.288,88976.46,Contract,Business,6,1,0,0,Poor,High,0.19978730270864475
LN101245,69,286202.17,628,0.13,153597.28,Employed,Personal,6,0,2,0,Fair,Lower-Middle,0.536674058061824
LN101246,63,103282.56,638,0.18,109545.59,Self-employed,Home,1,1,3,1,Fair,Low,1.060639763383092
LN101247,43,144969.73,616,0.483,45089.79,Employed,Home,5,0,2,1,Fair,Low,0.3110289989503326
LN101248,36,607479.57,711,0.305,82596.53,Employed,Vehicle,9,1,0,0,Good,High,0.1359659387393061
LN101249,68,194302.58,698,0.196,80833.68,Employed,Home,11,2,0,0,Good,Low,0.4160195917110313
LN101250,32,204219.18,737,0.623,98465.76,Contract,Vehicle,2,1,1,0,Good,Low,0.48215725868647596
LN101251,41,273875.8,625,0.421,101229.27,Employed,Home,9,0,1,0,Fair,Lower-Middle,0.3696174324273996
LN101252,24,167277.99,740,0.375,304412.81,Employed,Home,9,0,1,0,Very Good,Low,1.8198019356880126
LN101253,59,152789.27,548,0.324,96058.03,Self-employed,Vehicle,4,1,1,0,Poor,Low,0.6286961774213595
LN101254,52,291786.31,546,0.218,36007.49,Employed,Vehicle,14,0,1,0,Poor,Lower-Middle,0.1234036305541545
LN101255,25,183725.22,559,0.325,116712.73,Employed,Home,7,3,2,0,Poor,Low,0.6352569886703633
LN101256,31,199581.42,651,0.254,342584.58,Employed,Personal,4,2,4,0,Fair,Low,1.7165153950703427
LN101257,48,195220.06,740,0.25,98677.32,Contract,Business,11,0,2,0,Very Good,Low,0.5054671123449097
LN101258,47,399846.45,605,0.063,82741.71,Contract,Personal,3,0,0,0,Fair,Upper-Middle,0.2069337116785706
LN101259,60,264043.36,614,0.49,90210.86,Employed,Business,10,2,0,0,Fair,Lower-Middle,0.3416516893286012
LN101260,34,271936.31,634,0.371,160802.12,Self-employed,Home,10,0,2,0,Fair,Lower-Middle,0.5913227255308421
LN101261,66,416590.08,693,0.333,89961.92,Employed,Personal,7,2,4,0,Good,Upper-Middle,0.21594830102531484
LN101262,42,277455.54,614,0.383,41072.3,Employed,Vehicle,3,0,3,0,Fair,Lower-Middle,0.14803200541607497
LN101263,61,257428.73,610,0.62,71081.38,Employed,Education,4,1,0,0,Fair,Lower-Middle,0.27612061792792125
LN101264,32,388592.09,549,0.25,105470.49,Contract,Personal,3,0,0,1,Poor,Upper-Middle,0.27141697608924564
LN101265,22,433239.76,607,0.13,155809.85,Self-employed,Personal,1,1,0,0,Fair,Upper-Middle,0.35963885216813896
LN101266,23,276688.42,738,0.467,75318.73,Employed,Home,15,1,1,0,Good,Lower-Middle,0.27221497018198304
LN101267,39,313599.52,657,0.288,90734.83,Employed,Vehicle,13,1,2,0,Fair,Upper-Middle,0.289333446683847
LN101268,67,195155.73,595,0.288,113259.54,Self-employed,Personal,8,0,5,0,Fair,Low,0.5803546736752233
LN101269,23,186868.81,743,0.074,66364.03,Employed,Education,13,0,1,0,Very Good,Low,0.3551370076151285
LN101270,39,457974.54,606,0.411,103631.88,Employed,Vehicle,10,4,2,1,Fair,High,0.22628305931591744
LN101271,26,383178.37,756,0.228,149033.04,Contract,Home,9,0,2,0,Very Good,Upper-Middle,0.38893907294401825
LN101272,66,385367.19,755,0.481,50869.2,Unemployed,Home,11,0,0,1,Very Good,Upper-Middle,0.13200189668456205
LN101273,54,350111.74,654,0.261,134246.34,Unemployed,Vehicle,9,1,1,0,Fair,Upper-Middle,0.3834385559307437
LN101274,58,307721.23,538,0.331,54151.23,Self-employed,Education,8,0,3,0,Poor,Upper-Middle,0.17597495629404578
LN101275,55,440015.09,822,0.124,54860.37,Employed,Vehicle,2,0,0,0,Excellent,High,0.12467838318908563
LN101276,53,501745.14,679,0.173,71497.54,Employed,Personal,9,1,2,0,Good,High,0.1424977230472028
LN101277,58,495198.1,626,0.497,267201.29,Contract,Personal,7,0,1,0,Fair,High,0.5395846429943895
LN101278,21,283824.08,722,0.29,36075.49,Employed,Home,3,1,1,0,Good,Lower-Middle,0.12710510679713996
LN101279,63,643311.13,703,0.41,81362.47,Employed,Home,7,0,4,0,Good,High,0.12647452563116698
LN101280,57,340166.72,748,0.074,108124.94,Employed,Business,13,1,1,0,Very Good,Upper-Middle,0.31785866647977795
LN101281,57,424787.64,600,0.271,234896.65,Contract,Business,7,0,0,0,Fair,Upper-Middle,0.5529743049962564
LN101282,40,350349.36,674,0.271,390193.47,Employed,Business,7,2,0,0,Good,Upper-Middle,1.1137267954478351
LN101283,60,343654.28,561,0.153,83610.08,Self-employed,Personal,3,0,1,0,Poor,Upper-Middle,0.24329707169658993
LN101284,39,200160.37,700,0.199,156188.59,Self-employed,Business,12,0,3,0,Good,Low,0.7803172526109938
LN101285,23,441211.98,648,0.132,103443.15,Employed,Home,1,0,1,0,Fair,High,0.23445226940574007
LN101286,65,1434676.1,671,0.273,103012.36,Contract,Home,13,0,1,1,Good,High,0.07180182342202536
LN101287,32,244116.41,639,0.27,131381.53,Contract,Home,14,0,0,0,Fair,Lower-Middle,0.5381921272723943
LN101288,25,311945.84,631,0.246,39249.1,Employed,Education,2,0,1,0,Fair,Upper-Middle,0.12582023853884378
LN101289,51,234714.43,585,0.312,106629.04,Employed,Vehicle,8,0,3,0,Fair,Lower-Middle,0.45429264830458016
LN101290,32,229378.05,709,0.165,147447.67,Self-employed,Education,9,1,0,1,Good,Lower-Middle,0.6428150819138972
LN101291,63,701506.16,762,0.376,62905.45,Employed,Home,13,0,0,0,Very Good,High,0.0896719852039503
LN101292,42,207192.52,608,0.222,148086.36,Employed,Education,5,0,0,0,Fair,Low,0.714728311620516
LN101293,21,231143.38,692,0.183,35765.53,Contract,Business,10,1,0,1,Good,Lower-Middle,0.15473309250734327
LN101294,67,125293.81,682,0.329,116897.63,Employed,Personal,1,0,1,0,Good,Low,0.9329880702007546
LN101295,46,197768.28,651,0.305,263195.39,Employed,Vehicle,13,0,0,0,Fair,Low,1.3308271174730346
LN101296,33,117232.9,536,0.47,95430.36,Employed,Home,12,0,0,0,Poor,Low,0.8140237083617312
LN101297,54,424654.14,552,0.276,58245.42,Employed,Vehicle,3,1,0,0,Poor,Upper-Middle,0.137159665981356
LN101298,46,1399144.07,591,0.233,43560.07,Employed,Education,2,1,0,0,Fair,High,0.031133369989553683
LN101299,22,245208.57,490,0.097,141786.33,Employed,Vehicle,1,1,0,0,Poor,Lower-Middle,0.5782274657039923
LN101300,58,119948.88,756,0.215,201077.63,Self-employed,Personal,13,0,0,0,Very Good,Low,1.6763610464724639
LN101301,40,492149.38,678,0.509,106061.49,Contract,Business,9,0,2,0,Good,High,0.21550670245688414
LN101302,55,201134.48,648,0.299,81376.07,Employed,Home,5,0,0,0,Fair,Low,0.4045853798911057
LN101303,64,613035.77,486,0.312,31355.52,Contract,Home,8,0,2,0,Poor,High,0.05114794524958959
LN101304,50,256894.76,513,0.359,119235.37,Employed,Home,8,0,0,0,Poor,Lower-Middle,0.4641409190284768
LN101305,53,211935.89,650,0.27,70277.87,Employed,Personal,1,0,1,1,Fair,Lower-Middle,0.33159966440794897
LN101306,33,272028.22,798,0.319,72954.2,Contract,Home,7,0,2,0,Very Good,Lower-Middle,0.2681861462755592
LN101307,32,455119.35,598,0.081,314552.42,Self-employed,Personal,9,1,0,0,Fair,High,0.691142707951222
LN101308,41,264727.54,715,0.171,34104.68,Unemployed,Vehicle,9,0,0,0,Good,Lower-Middle,0.12882936169013623
LN101309,62,228282.5,614,0.236,37204.8,Employed,Vehicle,2,2,4,0,Fair,Lower-Middle,0.1629770131306605
LN101310,46,268923.0,654,0.588,127848.0,Unemployed,Personal,14,1,1,0,Fair,Lower-Middle,0.47540745864057743
LN101311,38,149047.06,741,0.235,85629.36,Employed,Vehicle,1,2,0,0,Very Good,Low,0.5745122379468606
LN101312,59,373213.21,624,0.2,78512.66,Employed,Personal,13,1,1,0,Fair,Upper-Middle,0.2103694561079443
LN101313,62,112289.78,598,0.267,131328.74,Employed,Home,15,0,2,0,Fair,Low,1.1695520286886303
LN101314,65,234983.59,756,0.318,129907.32,Contract,Personal,12,0,0,0,Very Good,Lower-Middle,0.5528357107830382
LN101315,35,455522.15,653,0.395,58417.54,Employed,Business,8,2,0,1,Fair,High,0.128243028357677
LN101316,55,354411.63,732,0.22,74879.22,Employed,Home,3,1,1,1,Good,Upper-Middle,0.21127754752291847
LN101317,49,415074.82,599,0.258,113601.07,Unemployed,Education,5,0,1,1,Fair,Upper-Middle,0.2736881750620286
LN101318,42,289457.17,756,0.099,122618.7,Self-employed,Personal,8,2,0,0,Very Good,Lower-Middle,0.42361603963722855
LN101319,40,570859.36,671,0.297,150595.17,Employed,Home,1,0,1,0,Good,High,0.2638043282674738
LN101320,26,498880.72,683,0.304,75295.76,Employed,Education,11,2,2,0,Good,High,0.15092938448292811
LN101321,34,383431.13,660,0.176,137835.69,Self-employed,Vehicle,14,0,1,0,Fair,Upper-Middle,0.3594796541428444
LN101322,47,499662.39,612,0.243,204017.63,Contract,Personal,11,1,2,0,Fair,High,0.40831095972622633
LN101323,64,453282.44,650,0.545,113401.98,Self-employed,Education,15,1,1,0,Fair,High,0.2501795128000105
LN101324,63,235586.36,617,0.149,102888.09,Employed,Vehicle,7,0,0,0,Fair,Lower-Middle,0.4367319483182303
LN101325,30,143256.69,722,0.391,94384.53,Employed,Personal,4,1,1,0,Good,Low,0.6588490212917805
LN101326,54,378033.06,635,0.322,73639.28,Employed,Personal,0,0,0,0,Fair,Upper-Middle,0.19479587314400493
LN101327,25,405099.03,538,0.577,59787.34,Contract,Home,6,0,0,1,Poor,Upper-Middle,0.1475869739801648
LN101328,54,546504.24,524,0.314,90621.41,Self-employed,Home,1,1,5,0,Poor,High,0.16582014075499213
LN101329,37,179254.35,520,0.096,147451.55,Contract,Vehicle,10,2,1,1,Poor,Low,0.8225828271392018
LN101330,43,182225.58,696,0.502,61715.17,Employed,Business,12,0,1,0,Good,Low,0.3386745702771258
LN101331,56,386343.79,564,0.359,104738.84,Employed,Vehicle,1,0,2,0,Poor,Upper-Middle,0.27110268810066807
LN101332,41,288484.29,673,0.471,97129.64,Self-employed,Home,8,1,0,0,Good,Lower-Middle,0.33668952995672663
LN101333,60,106337.03,660,0.217,349342.96,Self-employed,Vehicle,8,1,2,0,Fair,Low,3.2852427794908325
LN101334,47,368740.06,645,0.174,175965.17,Employed,Vehicle,4,1,0,0,Fair,Upper-Middle,0.4772065449032037
LN101335,69,108304.84,683,0.665,174120.43,Self-employed,Vehicle,3,1,3,1,Good,Low,1.6076883544631986
LN101336,52,178375.59,662,0.293,200038.43,Employed,Vehicle,11,0,3,0,Fair,Low,1.1214450923469965
LN101337,35,630937.77,447,0.798,77152.12,Self-employed,Vehicle,3,2,1,0,Poor,High,0.1222816633722847
LN101338,58,818493.89,626,0.228,269178.18,Self-employed,Vehicle,0,0,1,0,Fair,High,0.3288701153285335
LN101339,40,153725.95,682,0.417,121990.38,Employed,Personal,9,1,1,0,Good,Low,0.793557496310805
LN101340,47,250289.22,773,0.332,106852.35,Self-employed,Personal,1,0,2,0,Very Good,Lower-Middle,0.4269155099848088
LN101341,27,307115.8,776,0.279,49944.19,Employed,Personal,4,0,2,0,Very Good,Upper-Middle,0.16262331667729243
LN101342,26,799076.98,548,0.173,84726.75,Employed,Home,1,0,1,0,Poor,High,0.10603077315529726
LN101343,49,228767.12,624,0.155,34904.65,Unemployed,Business,8,0,2,0,Fair,Lower-Middle,0.15257721476757674
LN101344,30,230787.24,533,0.429,93612.2,Contract,Home,3,0,3,0,Poor,Lower-Middle,0.4056212119872832
LN101345,69,703157.94,764,0.535,75632.41,Employed,Personal,4,0,0,0,Very Good,High,0.10756105520190813
LN101346,62,244117.2,726,0.305,84906.61,Self-employed,Personal,6,2,2,0,Good,Lower-Middle,0.3478108465933576
LN101347,55,446300.91,676,0.347,44683.72,Employed,Vehicle,7,0,1,0,Good,High,0.10012016332209586
LN101348,57,133133.69,662,0.48,173785.65,Contract,Home,11,0,2,0,Fair,Low,1.3053469035523615
LN101349,50,273036.22,754,0.169,161681.21,Employed,Personal,14,1,2,0,Very Good,Lower-Middle,0.5921603001975343
LN101350,23,120422.24,741,0.661,329915.57,Employed,Education,9,2,0,0,Very Good,Low,2.739656478736818
LN101351,40,167887.46,737,0.593,323899.88,Employed,Business,7,0,0,0,Good,Low,1.9292678559792376
LN101352,45,475964.48,684,0.535,121755.39,Contract,Personal,9,1,1,0,Good,High,0.2558077232990159
LN101353,65,291877.59,624,0.097,213939.26,Contract,Business,8,1,1,1,Fair,Lower-Middle,0.7329759711939515
LN101354,31,251709.17,708,0.281,130363.82,Employed,Personal,0,3,1,0,Good,Lower-Middle,0.5179144645385784
LN101355,45,198734.58,711,0.259,83321.02,Employed,Education,7,1,1,0,Good,Low,0.4192577859374046
LN101356,37,265714.29,636,0.052,91808.27,Employed,Business,11,0,2,0,Fair,Lower-Middle,0.34551498905083355
LN101357,27,354034.62,624,0.075,166630.49,Employed,Personal,13,0,0,0,Fair,Upper-Middle,0.4706615697639965
LN101358,26,515113.05,735,0.141,1000000.0,Employed,Home,1,0,1,0,Good,High,1.941321424491187
LN101359,38,70806.57,775,0.238,234850.32,Contract,Education,10,0,4,1,Very Good,Low,3.3167871286520443
LN101360,25,189865.1,594,0.225,129107.47,Employed,Home,1,0,1,1,Fair,Low,0.6799957970158813
LN101361,24,327433.64,630,0.555,150647.83,Employed,Business,0,0,1,0,Fair,Upper-Middle,0.46008659953204556
LN101362,38,284123.15,676,0.032,149776.6,Contract,Personal,0,1,1,0,Good,Lower-Middle,0.5271538063688228
LN101363,30,374517.83,686,0.514,103730.11,Employed,Vehicle,1,1,1,0,Good,Upper-Middle,0.2769697506791599
LN101364,48,347557.33,611,0.106,179861.28,Employed,Business,1,0,2,0,Fair,Upper-Middle,0.5175010407635483
LN101365,21,253688.0,791,0.183,99427.54,Unemployed,Vehicle,9,2,1,0,Very Good,Lower-Middle,0.39192843177446307
LN101366,35,224530.87,682,0.436,56996.95,Contract,Vehicle,14,0,0,0,Good,Lower-Middle,0.25384905870627056
LN101367,43,262108.01,690,0.164,150439.42,Employed,Vehicle,12,3,1,0,Good,Lower-Middle,0.5739596435835747
LN101368,68,564302.68,782,0.138,164095.65,Employed,Home,11,0,1,0,Very Good,High,0.29079367477042634
LN101369,52,200572.97,616,0.169,100053.69,Self-employed,Home,1,0,0,0,Fair,Low,0.4988393500879007
LN101370,64,289813.84,643,0.23,134543.57,Employed,Education,15,1,0,0,Fair,Lower-Middle,0.46424135576133974
LN101371,37,331829.3,556,0.366,205420.41,Employed,Home,8,0,1,0,Poor,Upper-Middle,0.6190544656544796
LN101372,43,707668.3,637,0.471,106357.26,Employed,Business,0,1,0,0,Fair,High,0.15029253111945243
LN101373,41,254324.99,538,0.149,82263.52,Contract,Vehicle,10,0,3,0,Poor,Lower-Middle,0.32345826495461577
LN101374,64,508327.61,706,0.48,69367.95,Employed,Vehicle,11,3,1,0,Good,High,0.13646307742363237
LN101375,68,590737.14,681,0.343,93271.99,Employed,Home,6,2,0,0,Good,High,0.15789085141997336
LN101376,68,289662.84,629,0.079,298318.02,Contract,Vehicle,11,0,5,0,Fair,Lower-Middle,1.0298801876001769
LN101377,57,267170.5,642,0.264,96693.57,Employed,Personal,11,1,0,0,Fair,Lower-Middle,0.36191709039733055
LN101378,45,250335.73,707,0.469,138951.22,Self-employed,Business,9,0,0,0,Good,Lower-Middle,0.5550594795237579
LN101379,47,260624.26,565,0.357,89083.08,Unemployed,Home,5,0,0,0,Poor,Lower-Middle,0.3418065532349137
LN101380,69,479917.59,665,0.45,84253.51,Self-employed,Home,15,0,3,0,Fair,High,0.17555828699673207
LN101381,34,340644.01,702,0.32,62111.67,Employed,Home,9,1,1,0,Good,Upper-Middle,0.1823360111337346
LN101382,37,341446.78,516,0.576,117408.4,Contract,Education,7,0,1,0,Poor,Upper-Middle,0.3438556368872478
LN101383,64,161565.32,701,0.197,78600.2,Employed,Home,12,0,2,0,Good,Low,0.48649177930016163
LN101384,39,176207.62,524,0.334,251731.32,Employed,Home,3,1,1,0,Poor,Low,1.4286063224734549
LN101385,32,975234.77,641,0.422,102575.99,Employed,Personal,15,2,2,0,Fair,High,0.10518081712775684
LN101386,48,272047.95,563,0.587,106861.69,Self-employed,Personal,11,1,1,0,Poor,Lower-Middle,0.3928046140395471
LN101387,36,195910.49,757,0.192,97842.82,Employed,Vehicle,10,0,1,0,Very Good,Low,0.4994261409891834
LN101388,64,659107.74,563,0.135,140004.15,Employed,Education,4,0,4,0,Poor,High,0.21241466531708458
LN101389,65,350295.53,526,0.358,289910.34,Employed,Personal,5,1,2,0,Poor,Upper-Middle,0.8276164414658674
LN101390,35,412306.78,660,0.11,55959.37,Employed,Home,15,1,2,1,Fair,Upper-Middle,0.13572265292363128
LN101391,46,278065.47,619,0.056,131769.83,Contract,Personal,11,2,1,0,Fair,Lower-Middle,0.4738805936601909
LN101392,69,251769.07,537,0.205,39677.06,Employed,Vehicle,1,2,1,0,Poor,Lower-Middle,0.15759306732951747
LN101393,57,273283.57,689,0.432,243609.3,Employed,Vehicle,12,1,1,0,Good,Lower-Middle,0.8914158286207985
LN101394,31,140228.96,501,0.098,102533.63,Employed,Vehicle,1,2,2,0,Poor,Low,0.7311872668812491
LN101395,49,285837.19,572,0.232,41628.59,Contract,Personal,6,0,5,1,Poor,Lower-Middle,0.14563741688056756
LN101396,51,353046.81,607,0.205,48001.29,Employed,Education,6,0,0,0,Fair,Upper-Middle,0.1359629619652986
LN101397,53,830092.59,710,0.801,186701.09,Employed,Personal,5,0,0,0,Good,High,0.22491598196292778
LN101398,22,314530.79,747,0.08,37280.47,Employed,Vehicle,7,1,1,0,Very Good,Upper-Middle,0.11852725133841428
LN101399,35,83095.05,733,0.684,131810.86,Unemployed,Education,2,1,0,0,Good,Low,1.5862660892556173
LN101400,62,284886.39,639,0.245,83256.41,Self-employed,Business,10,0,1,0,Fair,Lower-Middle,0.2922442521736472
LN101401,32,1353582.08,468,0.193,96920.14,Employed,Vehicle,10,0,0,0,Poor,High,0.0716027062060396
LN101402,35,483129.1,679,0.307,70985.84,Employed,Education,13,1,2,0,Good,High,0.1469293404185341
LN101403,36,192057.26,760,0.65,59212.22,Employed,Personal,7,0,1,0,Very Good,Low,0.308305033613413
LN101404,29,415254.28,743,0.273,80129.7,Employed,Business,8,1,0,0,Very Good,Upper-Middle,0.1929653801521323
LN101405,28,199472.24,685,0.482,159534.62,Self-employed,Personal,2,0,1,1,Good,Low,0.7997835688815647
LN101406,38,142478.11,561,0.074,90949.19,Employed,Personal,5,0,1,0,Poor,Low,0.638337987498571
LN101407,63,247690.34,611,0.062,144644.88,Employed,Personal,8,2,1,0,Fair,Lower-Middle,0.5839746515750271
LN101408,21,315488.43,795,0.469,93974.59,Contract,Business,6,3,1,0,Very Good,Upper-Middle,0.29787016278219774
LN101409,34,107135.77,544,0.196,163659.72,Employed,Business,15,2,2,0,Poor,Low,1.527591765103289
LN101410,23,159452.31,564,0.274,144054.66,Employed,Home,4,1,2,0,Poor,Low,0.9034341365139207
LN101411,48,301710.22,721,0.658,77401.94,Employed,Personal,0,0,1,0,Good,Upper-Middle,0.2565439778606108
LN101412,33,239675.81,618,0.229,59180.37,Contract,Vehicle,13,0,2,0,Fair,Lower-Middle,0.24691841033102174
LN101413,59,372757.72,561,0.444,204722.33,Contract,Vehicle,8,0,0,0,Poor,Upper-Middle,0.5492101679342818
LN101414,49,153809.51,765,0.197,64830.61,Self-employed,Personal,1,1,2,0,Very Good,Low,0.4214993598250199
LN101415,59,444320.01,685,0.306,152321.07,Contract,Home,14,1,0,1,Good,High,0.3428183889354882
LN101416,52,156446.64,621,0.073,112245.76,Employed,Personal,3,1,0,0,Fair,Low,0.7174699309617643
LN101417,42,740470.9,564,0.508,81409.31,Employed,Vehicle,15,1,0,0,Poor,High,0.10994261894694309
LN101418,63,116759.4,804,0.5,145421.15,Employed,Personal,5,0,0,0,Excellent,Low,1.2454770236914543
LN101419,44,164494.58,648,0.51,267628.86,Employed,Vehicle,5,0,1,0,Fair,Low,1.6269767672588362
LN101420,67,377411.62,755,0.078,165184.51,Contract,Home,3,2,1,0,Very Good,Upper-Middle,0.43767732959573424
LN101421,69,749278.51,717,0.432,119643.76,Employed,Education,2,1,1,0,Good,High,0.15967862203868624
LN101422,49,356757.45,611,0.46,315589.65,Employed,Personal,12,0,0,0,Fair,Upper-Middle,0.8846056333231443
LN101423,54,408852.45,612,0.135,37047.71,Employed,Personal,6,0,0,1,Fair,Upper-Middle,0.09061388772404323
LN101424,33,302907.59,758,0.378,53385.9,Contract,Personal,8,1,2,0,Very Good,Upper-Middle,0.17624484087704767
LN101425,60,170590.05,760,0.393,81335.91,Contract,Personal,5,0,1,0,Very Good,Low,0.4767916417165011
LN101426,53,229110.95,509,0.024,276729.52,Self-employed,Home,6,1,1,0,Poor,Lower-Middle,1.2078406553680652
LN101427,65,154043.05,691,0.199,203024.14,Employed,Home,7,1,0,0,Good,Low,1.3179701388670246
LN101428,34,148486.2,641,0.277,36049.55,Contract,Vehicle,4,0,3,0,Fair,Low,0.24278047387568677
LN101429,59,374182.77,573,0.133,82833.83,Contract,Vehicle,9,1,0,1,Poor,Upper-Middle,0.22137264631399248
LN101430,44,161747.19,670,0.061,46525.15,Self-employed,Education,7,0,1,0,Good,Low,0.2876411639670525
LN101431,30,357643.68,549,0.334,107145.47,Self-employed,Vehicle,12,0,0,0,Poor,Upper-Middle,0.29958720366595043
LN101432,29,146610.58,615,0.083,197684.32,Employed,Vehicle,12,0,0,0,Fair,Low,1.3483632627331534
LN101433,48,353114.77,590,0.224,207401.25,Self-employed,Vehicle,10,1,2,0,Fair,Upper-Middle,0.5873479888705873
LN101434,36,229294.47,613,0.673,130933.05,Contract,Personal,1,1,1,1,Fair,Lower-Middle,0.5710257643806238
LN101435,25,650291.69,645,0.062,83447.45,Employed,Business,14,1,1,1,Fair,High,0.12832310681995646
LN101436,41,358463.87,574,0.392,103386.11,Employed,Personal,11,0,3,0,Poor,Upper-Middle,0.28841431076442936
LN101437,52,591974.21,768,0.205,171504.99,Employed,Vehicle,11,1,1,0,Very Good,High,0.28971699628603753
LN101438,36,197982.13,687,0.175,505843.64,Unemployed,Vehicle,10,2,0,0,Good,Low,2.5549964534677954
LN101439,67,309408.16,785,0.36,50915.41,Employed,Home,8,1,2,1,Very Good,Upper-Middle,0.16455742472984555
LN101440,59,174894.78,638,0.182,308966.37,Unemployed,Vehicle,9,0,3,0,Fair,Low,1.7665842857059542
LN101441,46,238960.82,609,0.319,128910.31,Self-employed,Education,1,0,0,0,Fair,Lower-Middle,0.5394621176810491
LN101442,66,259725.46,782,0.525,187474.9,Employed,Business,14,1,1,0,Very Good,Lower-Middle,0.7218194935529232
LN101443,42,201252.52,607,0.625,124069.05,Employed,Vehicle,12,0,2,0,Fair,Low,0.6164844544555269
LN101444,27,153738.93,637,0.385,274021.42,Employed,Vehicle,14,1,3,1,Fair,Low,1.782381469677199
LN101445,22,137875.06,704,0.362,136288.41,Employed,Home,11,0,2,0,Good,Low,0.9884921174286343
LN101446,66,82840.83,557,0.244,72152.74,Employed,Education,4,0,1,0,Poor,Low,0.8709804090567418
LN101447,68,167803.21,703,0.201,147385.93,Employed,Business,5,0,0,0,Good,Low,0.8783260463253355
LN101448,57,423648.51,694,0.175,228808.21,Employed,Vehicle,13,0,1,0,Good,Upper-Middle,0.5400897314615836
LN101449,26,124537.68,745,0.139,110015.31,Employed,Education,3,1,2,0,Very Good,Low,0.8833897499937369
LN101450,35,141360.72,717,0.259,28569.16,Contract,Home,9,4,0,0,Good,Low,0.20210112116010728
LN101451,23,803338.92,747,0.11,102081.69,Employed,Education,10,0,1,0,Very Good,High,0.12707175945116664
LN101452,23,211391.03,642,0.284,117238.82,Contract,Home,2,0,2,0,Fair,Lower-Middle,0.5546064087960592
LN101453,33,357937.28,585,0.292,106834.1,Employed,Home,1,0,3,0,Fair,Upper-Middle,0.2984715646271883
LN101454,49,427116.54,808,0.141,79711.97,Self-employed,Personal,0,1,4,0,Excellent,Upper-Middle,0.186628150715025
LN101455,24,431890.4,535,0.204,259937.53,Employed,Home,12,1,1,0,Poor,Upper-Middle,0.6018599394661238
LN101456,69,129866.84,543,0.174,23524.71,Employed,Home,4,1,0,0,Poor,Low,0.18114485576148615
LN101457,43,264198.22,692,0.331,116928.85,Self-employed,Vehicle,3,0,1,0,Good,Lower-Middle,0.44258000678430015
LN101458,33,123193.65,772,0.439,117998.1,Contract,Home,14,2,2,0,Very Good,Low,0.9578261541889538
LN101459,46,1152002.83,664,0.215,429290.99,Employed,Personal,9,0,3,0,Fair,High,0.37264751337459817
LN101460,59,124786.1,725,0.263,108972.69,Employed,Vehicle,0,1,3,0,Good,Low,0.8732758696681762
LN101461,36,168590.1,500,0.34,146956.87,Contract,Personal,4,0,1,0,Poor,Low,0.8716814925668825
LN101462,23,169262.71,613,0.08,119311.59,Contract,Education,7,1,0,0,Fair,Low,0.7048899902406147
LN101463,23,131712.2,509,0.398,116963.12,Self-employed,Vehicle,7,0,1,0,Poor,Low,0.8880203959845784
LN101464,62,631254.51,709,0.12,345987.86,Employed,Home,12,0,1,0,Good,High,0.5480956642986994
LN101465,26,1136977.63,534,0.073,53405.06,Employed,Personal,12,0,0,0,Poor,High,0.04697107365252209
LN101466,52,230931.35,554,0.261,71292.94,Contract,Education,0,0,0,0,Poor,Lower-Middle,0.3087191929549626
LN101467,39,145118.37,689,0.523,179592.76,Employed,Personal,4,3,0,1,Good,Low,1.237560482521958
LN101468,59,87660.68,730,0.25,129985.98,Employed,Education,9,2,0,0,Good,Low,1.4828310708974652
LN101469,23,262308.86,638,0.218,91503.91,Self-employed,Personal,0,0,2,0,Fair,Lower-Middle,0.3488403327283722
LN101470,64,252088.82,693,0.489,105069.06,Employed,Education,9,0,1,0,Good,Lower-Middle,0.4167938110067713
LN101471,55,209677.28,690,0.191,199244.23,Employed,Personal,1,0,0,0,Good,Lower-Middle,0.9502423438533733
LN101472,43,338843.67,634,0.175,150775.0,Self-employed,Education,9,1,2,0,Fair,Upper-Middle,0.4449692095472818
LN101473,31,372831.92,568,0.122,69203.72,Contract,Business,1,0,3,0,Poor,Upper-Middle,0.18561640323071052
LN101474,68,358338.57,692,0.375,128385.18,Contract,Business,11,2,2,1,Good,Upper-Middle,0.35827898738335645
LN101475,35,252122.18,696,0.526,106496.14,Employed,Vehicle,7,1,4,0,Good,Lower-Middle,0.42239893372332415
LN101476,45,163676.26,717,0.676,149344.31,Contract,Personal,15,0,1,0,Good,Low,0.9124372098922592
LN101477,40,432676.65,673,0.309,89280.2,Self-employed,Home,1,1,3,1,Good,Upper-Middle,0.206343929121204
LN101478,32,302071.89,562,0.135,50153.09,Employed,Business,13,0,1,0,Poor,Upper-Middle,0.16603031152617342
LN101479,41,489008.13,702,0.316,170293.18,Employed,Vehicle,6,0,1,0,Good,High,0.348242022070267
LN101480,28,463276.48,650,0.175,157131.47,Unemployed,Education,7,2,1,0,Fair,High,0.33917428745789124
LN101481,21,137251.27,614,0.55,276006.58,Employed,Home,11,0,2,0,Fair,Low,2.0109582956864447
LN101482,35,136313.89,628,0.235,46755.48,Employed,Business,9,0,1,0,Fair,Low,0.34299864819351866
LN101483,26,197993.67,598,0.255,105081.05,Self-employed,Business,14,0,0,0,Fair,Low,0.5307293409935782
LN101484,41,167810.69,717,0.435,94700.59,Self-employed,Education,13,0,0,0,Good,Low,0.5643299005563948
LN101485,63,454487.75,544,0.277,85024.57,Employed,Home,3,1,1,0,Poor,High,0.18707780352715778
LN101486,28,363945.01,575,0.546,40399.5,Self-employed,Personal,4,0,3,0,Poor,Upper-Middle,0.11100440695697407
LN101487,21,549129.16,625,0.272,55003.42,Self-employed,Vehicle,14,1,2,0,Fair,High,0.10016481368427055
LN101488,26,373101.4,771,0.538,131147.05,Contract,Business,12,0,1,0,Very Good,Upper-Middle,0.351505113623267
LN101489,45,336480.35,729,0.347,79490.95,Self-employed,Vehicle,15,1,0,0,Good,Upper-Middle,0.2362424730002807
LN101490,34,580351.44,527,0.382,64284.21,Employed,Education,14,1,1,0,Poor,High,0.11076772722404205
LN101491,44,388437.59,751,0.699,278728.36,Contract,Home,10,0,0,0,Very Good,Upper-Middle,0.7175627878856935
LN101492,22,311449.75,751,0.086,514604.72,Employed,Business,15,0,3,0,Very Good,Upper-Middle,1.652288113893172
LN101493,37,677244.01,562,0.151,106038.35,Employed,Education,11,1,1,0,Poor,High,0.1565733301945336
LN101494,41,319619.73,461,0.236,41432.46,Employed,Business,14,2,1,0,Poor,Upper-Middle,0.12963048307437092
LN101495,42,253761.57,645,0.361,142329.28,Employed,Vehicle,7,0,0,0,Fair,Lower-Middle,0.5608779926763536
LN101496,48,189233.12,734,0.355,28360.28,Employed,Education,15,0,1,0,Good,Low,0.1498695365800659
LN101497,59,441618.54,769,0.06,45735.33,Employed,Home,1,1,2,0,Very Good,High,0.10356297541312465
LN101498,43,592387.08,585,0.169,143933.61,Employed,Personal,14,0,2,0,Fair,High,0.24297223025188192
LN101499,62,291768.13,781,0.331,44748.29,Self-employed,Home,15,0,2,0,Very Good,Lower-Middle,0.1533693553164974
LN101500,46,615931.69,483,0.425,90745.45,Employed,Vehicle,12,0,1,0,Poor,High,0.14733038009458485
LN101501,33,101521.87,622,0.428,41935.07,Self-employed,Personal,15,0,0,1,Fair,Low,0.41306439686345414
LN101502,32,290988.32,619,0.183,114097.01,Self-employed,Home,6,0,2,0,Fair,Lower-Middle,0.39210168298163994
LN101503,36,293456.75,736,0.083,228283.14,Employed,Personal,5,1,2,0,Good,Lower-Middle,0.7779106801939298
LN101504,50,201126.8,747,0.348,73856.85,Contract,Personal,2,1,1,0,Very Good,Low,0.3672153586692575
LN101505,32,1113102.06,722,0.183,108620.45,Employed,Education,3,0,0,0,Good,High,0.09758354952644684
LN101506,65,289274.63,549,0.395,64727.13,Self-employed,Personal,13,2,1,1,Poor,Lower-Middle,0.22375667717559605
LN101507,44,239734.14,715,0.079,67742.74,Employed,Home,1,0,1,0,Good,Lower-Middle,0.28257443850091607
LN101508,63,304314.48,688,0.624,64077.25,Contract,Vehicle,3,1,0,0,Good,Upper-Middle,0.21056260615663114
LN101509,54,99706.9,525,0.1,183338.64,Contract,Business,7,2,0,0,Poor,Low,1.8387758520222774
LN101510,37,197523.02,495,0.207,43890.77,Employed,Home,5,1,2,1,Poor,Low,0.2222058471969495
LN101511,32,515204.78,728,0.148,88657.02,Unemployed,Business,14,0,0,0,Good,High,0.172081128595119
LN101512,57,212270.74,636,0.448,143575.54,Employed,Education,0,1,0,1,Fair,Lower-Middle,0.6763793257610541
LN101513,37,190166.72,554,0.295,198710.56,Contract,Home,0,0,2,0,Poor,Low,1.0449281556730852
LN101514,33,616477.35,634,0.209,146477.99,Employed,Vehicle,4,0,1,0,Fair,High,0.23760482035552483
LN101515,66,626984.86,677,0.291,104927.39,Employed,Education,9,0,0,1,Good,High,0.16735235042198626
LN101516,44,398667.3,644,0.242,75997.66,Self-employed,Business,5,2,1,0,Fair,Upper-Middle,0.1906292791006436
LN101517,23,233566.76,534,0.239,200725.04,Employed,Personal,13,1,3,0,Poor,Lower-Middle,0.8593904372351614
LN101518,45,262978.79,791,0.165,62601.21,Contract,Education,1,1,1,0,Very Good,Lower-Middle,0.2380466120480667
LN101519,43,192770.43,725,0.466,63215.41,Contract,Business,6,3,0,0,Good,Low,0.3279310524959663
LN101520,63,173583.24,625,0.092,264966.87,Self-employed,Vehicle,10,0,1,0,Fair,Low,1.5264542244977108
LN101521,55,168907.87,628,0.308,139024.54,Employed,Vehicle,9,1,1,1,Fair,Low,0.8230791140756201
LN101522,30,213546.06,677,0.112,142255.48,Unemployed,Personal,8,1,1,0,Good,Lower-Middle,0.6661582985890726
LN101523,28,169810.98,565,0.729,162314.75,Contract,Education,7,0,3,0,Poor,Low,0.9558554458610391
LN101524,50,126943.82,674,0.27,103422.72,Self-employed,Home,1,1,1,1,Good,Low,0.8147125240125908
LN101525,23,338476.26,550,0.381,43206.02,Employed,Personal,1,0,0,1,Poor,Upper-Middle,0.12764859786621371
LN101526,36,341316.45,645,0.086,129507.48,Employed,Vehicle,0,0,1,0,Fair,Upper-Middle,0.37943521327495344
LN101527,27,764497.3,562,0.09,108703.94,Employed,Education,8,0,0,0,Poor,High,0.14219009014158715
LN101528,22,207721.11,566,0.367,62933.79,Contract,Business,14,0,0,0,Poor,Low,0.30297252888741066
LN101529,66,353059.92,773,0.165,54195.43,Employed,Vehicle,1,1,0,0,Very Good,Upper-Middle,0.15350207409552463
LN101530,25,356300.47,654,0.425,106722.41,Employed,Personal,1,1,1,0,Fair,Upper-Middle,0.2995292428326014
LN101531,21,260909.03,666,0.238,45509.02,Employed,Business,10,2,4,0,Fair,Lower-Middle,0.17442485605040192
LN101532,66,451766.72,499,0.114,100209.72,Employed,Vehicle,8,0,0,0,Poor,High,0.22181740168908415
LN101533,30,459509.0,605,0.432,92652.37,Self-employed,Home,4,0,0,0,Fair,High,0.20163341740858176
LN101534,61,359192.54,685,0.468,101802.33,Contract,Business,0,0,1,0,Good,Upper-Middle,0.2834199451915121
LN101535,22,260650.55,665,0.384,142908.81,Contract,Education,12,0,1,0,Fair,Lower-Middle,0.548277415873475
LN101536,28,246445.51,488,0.427,164803.0,Employed,Vehicle,10,1,1,0,Poor,Lower-Middle,0.6687198318200238
LN101537,26,141389.41,666,0.182,69269.68,Employed,Home,9,1,4,0,Fair,Low,0.489921274867757
LN101538,55,192583.09,677,0.134,193609.81,Employed,Home,3,0,0,0,Good,Low,1.0053313092026928
LN101539,51,213082.27,746,0.156,95381.95,Contract,Education,14,1,0,0,Very Good,Lower-Middle,0.44762968781963886
LN101540,44,161676.59,601,0.22,343822.75,Contract,Personal,1,0,0,0,Fair,Low,2.126608125517739
LN101541,32,382122.28,482,0.555,75185.38,Employed,Education,11,1,1,1,Poor,Upper-Middle,0.1967573835265507
LN101542,25,579362.18,575,0.289,38594.73,Employed,Vehicle,11,2,0,0,Poor,High,0.0666158947413516
LN101543,48,182062.15,568,0.379,189113.57,Contract,Business,11,0,0,0,Poor,Low,1.0387308399906297
LN101544,32,350610.27,705,0.375,145058.04,Employed,Vehicle,9,0,0,0,Good,Upper-Middle,0.41373015114474543
LN101545,49,169867.95,446,0.085,240221.24,Employed,Home,4,0,1,0,Poor,Low,1.4141645907894924
LN101546,54,253680.42,616,0.331,134524.84,Employed,Business,7,0,0,0,Fair,Lower-Middle,0.530292562587211
LN101547,62,205223.82,757,0.058,503450.88,Employed,Vehicle,7,0,2,0,Very Good,Low,2.453179557811564
LN101548,45,417725.74,651,0.322,97290.68,Employed,Education,13,1,2,0,Fair,Upper-Middle,0.23290563803896785
LN101549,21,206530.68,717,0.375,217147.44,Self-employed,Personal,11,0,1,0,Good,Low,1.0514052440053943
LN101550,34,523321.35,527,0.199,78173.68,Self-employed,Vehicle,7,2,1,0,Poor,High,0.14937987911251852
LN101551,62,262076.4,530,0.065,151431.76,Employed,Education,11,0,0,1,Poor,Lower-Middle,0.5778153240810695
LN101552,47,209872.55,758,0.194,170919.89,Self-employed,Business,15,0,4,0,Very Good,Lower-Middle,0.8143985004232331
LN101553,51,150575.49,658,0.402,188980.94,Employed,Vehicle,11,0,1,0,Fair,Low,1.2550577786597275
LN101554,43,344827.73,658,0.194,182197.75,Employed,Business,5,0,0,0,Fair,Upper-Middle,0.5283732546683528
LN101555,28,490856.88,566,0.02,13418.07,Employed,Home,0,1,1,0,Poor,High,0.0273360128923934
LN101556,64,348664.16,658,0.312,105197.56,Employed,Business,14,1,0,1,Fair,Upper-Middle,0.3017160123369147
LN101557,58,1027763.02,564,0.438,75691.09,Unemployed,Vehicle,0,1,1,1,Poor,High,0.0736464423481592
LN101558,69,658632.41,739,0.121,86043.67,Employed,Education,8,0,4,0,Good,High,0.13063989669138815
LN101559,62,253317.14,850,0.473,91493.14,Employed,Education,1,0,2,0,Excellent,Lower-Middle,0.36118021859870986
LN101560,35,251858.49,686,0.221,207646.78,Contract,Home,14,0,2,0,Good,Lower-Middle,0.8244581312307558
LN101561,33,388431.05,602,0.549,125481.31,Employed,Home,0,1,0,0,Fair,Upper-Middle,0.32304654841573555
LN101562,33,189212.73,460,0.434,79090.3,Employed,Personal,10,0,0,1,Poor,Low,0.4179967172399024
LN101563,66,569774.71,524,0.402,42355.92,Employed,Personal,12,1,0,0,Poor,High,0.0743380133526811
LN101564,48,366010.77,767,0.271,297962.56,Employed,Home,11,2,2,0,Very Good,Upper-Middle,0.8140813998451466
LN101565,43,345445.5,573,0.289,72220.48,Employed,Personal,8,0,0,0,Poor,Upper-Middle,0.20906475840617406
LN101566,68,437732.06,622,0.359,101040.47,Self-employed,Vehicle,9,0,0,0,Fair,High,0.23082720968621764
LN101567,50,773819.71,699,0.283,441750.45,Employed,Education,8,3,5,1,Good,High,0.5708699898584905
LN101568,65,329576.31,761,0.165,73509.19,Employed,Education,12,0,3,0,Very Good,Upper-Middle,0.2230414862039083
LN101569,69,281916.31,635,0.427,91954.04,Contract,Personal,1,2,1,0,Fair,Lower-Middle,0.32617495596476836
LN101570,24,687855.14,620,0.472,127918.96,Employed,Education,14,3,1,0,Fair,High,0.18596787689919714
LN101571,38,510778.08,655,0.066,38730.03,Employed,Home,12,2,0,0,Fair,High,0.07582555226332344
LN101572,56,251449.85,603,0.311,35920.6,Employed,Vehicle,15,1,3,0,Fair,Lower-Middle,0.14285393290153084
LN101573,60,300856.99,607,0.446,80433.58,Employed,Vehicle,1,2,3,0,Fair,Upper-Middle,0.2673482175036053
LN101574,28,334033.73,681,0.371,82263.57,Employed,Education,3,0,2,1,Good,Upper-Middle,0.24627324312427973
LN101575,36,366053.54,664,0.31,120028.28,Employed,Home,3,0,1,0,Fair,Upper-Middle,0.32789815391486177
LN101576,47,142259.46,810,0.359,58252.33,Employed,Vehicle,6,0,2,0,Excellent,Low,0.40947948206748436
LN101577,60,128434.1,683,0.161,145848.39,Employed,Home,13,1,0,0,Good,Low,1.1355893022180248
LN101578,26,184143.98,736,0.741,27075.1,Contract,Vehicle,12,0,0,0,Good,Low,0.14703222988880765
LN101579,50,176474.49,570,0.109,105087.25,Employed,Education,11,1,1,0,Poor,Low,0.5954812505762165
LN101580,35,210540.76,689,0.191,139016.82,Employed,Business,6,0,2,0,Good,Lower-Middle,0.6602845928740829
LN101581,31,425333.4,596,0.358,136178.85,Employed,Home,1,0,2,0,Fair,Upper-Middle,0.3201696598480157
LN101582,46,273382.37,680,0.289,98956.03,Employed,Home,11,1,4,0,Good,Lower-Middle,0.3619693179190743
LN101583,41,334220.02,702,0.634,71611.83,Employed,Vehicle,1,1,0,0,Good,Upper-Middle,0.21426553083205488
LN101584,52,152996.58,654,0.173,97102.26,Employed,Personal,3,1,1,0,Fair,Low,0.634669480847219
LN101585,36,232730.07,831,0.178,245317.64,Employed,Personal,6,1,2,0,Excellent,Lower-Middle,1.0540865647485949
LN101586,61,414376.17,757,0.132,74502.04,Contract,Vehicle,12,1,1,0,Very Good,Upper-Middle,0.1797932540377503
LN101587,24,416133.59,738,0.551,207732.74,Contract,Home,9,0,3,0,Good,Upper-Middle,0.49919724096293205
LN101588,63,201394.74,707,0.142,230370.62,Employed,Business,1,1,0,0,Good,Low,1.1438760515791029
LN101589,22,327896.1,782,0.513,35593.06,Contract,Education,3,0,2,1,Very Good,Upper-Middle,0.10854981196787641
LN101590,57,1005408.09,542,0.407,101208.45,Employed,Personal,13,0,0,0,Poor,High,0.1006640497591381
LN101591,37,297110.35,753,0.231,58261.89,Contract,Vehicle,9,1,1,0,Very Good,Lower-Middle,0.1960951208869028
LN101592,39,204901.56,576,0.222,41441.73,Self-employed,Personal,10,0,1,0,Poor,Low,0.20225190086400516
LN101593,21,272656.61,608,0.28,184067.11,Self-employed,Personal,5,0,1,0,Fair,Lower-Middle,0.6750876496263927
LN101594,55,315601.36,692,0.386,149626.21,Employed,Home,13,1,0,0,Good,Upper-Middle,0.4740987491308656
LN101595,29,276065.97,742,0.483,130546.43,Self-employed,Home,9,0,1,0,Very Good,Lower-Middle,0.4728812826876127
LN101596,53,294870.83,563,0.472,54320.81,Employed,Home,1,0,1,0,Poor,Lower-Middle,0.18421900192704715
LN101597,56,135624.05,612,0.178,126126.09,Self-employed,Personal,11,1,0,0,Fair,Low,0.9299684679818956
LN101598,62,176679.21,657,0.609,46931.04,Employed,Vehicle,4,1,2,0,Fair,Low,0.2656285366003165
LN101599,55,276344.45,636,0.234,115665.29,Employed,Vehicle,13,0,0,0,Fair,Lower-Middle,0.41855477828485427
LN101600,35,273933.42,714,0.474,71555.42,Employed,Education,10,0,3,0,Good,Lower-Middle,0.2612146411343311
LN101601,57,219725.35,850,0.233,217781.96,Employed,Personal,3,1,3,0,Excellent,Lower-Middle,0.9911553673711294
LN101602,61,272169.49,681,0.409,86872.03,Employed,Vehicle,0,0,2,0,Good,Lower-Middle,0.3191835719720091
LN101603,36,310238.28,595,0.583,127841.06,Employed,Vehicle,1,0,1,1,Fair,Upper-Middle,0.4120737776137748
LN101604,27,489292.21,553,0.381,128017.83,Employed,Vehicle,3,0,0,0,Poor,High,0.261638806798089
LN101605,64,284068.67,626,0.631,104711.67,Employed,Home,1,0,0,0,Fair,Lower-Middle,0.36861393408854276
LN101606,28,373638.68,579,0.096,117795.05,Employed,Home,10,0,0,1,Poor,Upper-Middle,0.31526460269049233
LN101607,50,222717.09,685,0.24,134013.1,Employed,Business,2,1,1,0,Good,Lower-Middle,0.6017189789970766
LN101608,32,410935.03,684,0.218,61425.45,Unemployed,Business,7,0,3,0,Good,Upper-Middle,0.14947727868320204
LN101609,27,368866.26,615,0.516,142935.14,Employed,Personal,5,3,1,0,Fair,Upper-Middle,0.3874985475765661
LN101610,59,482983.18,799,0.367,192865.31,Self-employed,Vehicle,10,0,0,0,Very Good,High,0.3993209660013419
LN101611,28,444160.39,595,0.216,142416.6,Employed,Home,0,0,2,0,Fair,High,0.32064227969540465
LN101612,53,414713.15,641,0.242,87380.11,Employed,Education,6,2,0,0,Fair,Upper-Middle,0.21070011886529277
LN101613,54,284192.81,698,0.698,123203.99,Employed,Home,13,0,0,1,Good,Lower-Middle,0.4335225440784375
LN101614,23,343263.73,717,0.225,86837.24,Employed,Business,3,1,1,0,Good,Upper-Middle,0.2529752852129178
LN101615,29,538459.55,746,0.281,101829.46,Contract,Personal,13,1,0,0,Very Good,High,0.18911255265135515
LN101616,59,209587.53,682,0.084,50829.84,Employed,Business,2,1,1,0,Good,Lower-Middle,0.24252320736830096
LN101617,45,212333.51,729,0.542,269757.46,Employed,Business,11,1,3,1,Good,Lower-Middle,1.2704422396634427
LN101618,26,331480.75,600,0.328,387047.44,Self-employed,Vehicle,4,1,2,0,Fair,Upper-Middle,1.1676317252208461
LN101619,69,376977.8,719,0.229,69611.19,Self-employed,Vehicle,5,1,1,0,Good,Upper-Middle,0.1846559399519017
LN101620,33,190666.13,718,0.184,183367.34,Self-employed,Personal,8,0,2,0,Good,Low,0.9617195251196423
LN101621,21,287914.36,763,0.29,283750.32,Employed,Education,11,3,1,0,Very Good,Lower-Middle,0.985537227111562
LN101622,66,284884.3,525,0.346,59028.64,Contract,Business,8,0,0,0,Poor,Lower-Middle,0.20720215189113617
LN101623,21,88710.51,582,0.033,27044.92,Employed,Vehicle,9,0,1,0,Fair,Low,0.3048671459559865
LN101624,48,265869.55,712,0.229,294830.3,Employed,Education,4,0,3,1,Good,Lower-Middle,1.1089284199713731
LN101625,69,275133.84,451,0.367,109264.26,Contract,Education,10,0,3,0,Poor,Lower-Middle,0.3971313016239659
LN101626,49,274684.0,687,0.365,78477.46,Contract,Home,1,0,3,0,Good,Lower-Middle,0.2857008780999258
LN101627,49,653626.0,729,0.373,113437.38,Unemployed,Education,1,0,2,0,Good,High,0.1735508991380392
LN101628,40,153713.95,607,0.476,86537.59,Employed,Home,2,1,1,0,Fair,Low,0.5629781161696774
LN101629,27,190612.02,618,0.311,753047.18,Contract,Vehicle,13,1,2,0,Fair,Low,3.950680445021254
LN101630,49,71312.73,569,0.073,77907.36,Employed,Education,9,1,4,0,Poor,Low,1.0924747937710422
LN101631,64,230275.94,611,0.434,136079.86,Contract,Home,5,2,1,0,Fair,Lower-Middle,0.5909425882704028
LN101632,25,241333.19,613,0.14,254790.13,Self-employed,Personal,10,0,1,0,Fair,Lower-Middle,1.0557608342225948
LN101633,64,226624.63,599,0.375,253993.34,Employed,Home,4,1,1,1,Fair,Lower-Middle,1.1207667057194974
LN101634,41,551700.33,595,0.141,224274.89,Employed,Personal,11,1,3,0,Fair,High,0.406515780043126
LN101635,47,481603.96,630,0.329,83411.91,Self-employed,Home,6,1,2,0,Fair,High,0.1731960634210732
LN101636,29,313125.38,629,0.266,99645.24,Employed,Personal,9,0,1,0,Fair,Upper-Middle,0.318227925184474
LN101637,51,244678.55,791,0.523,26764.55,Unemployed,Vehicle,3,1,0,0,Very Good,Lower-Middle,0.10938658088336718
LN101638,29,527520.01,620,0.243,104800.48,Contract,Personal,0,0,2,0,Fair,High,0.19866635959458676
LN101639,34,296757.6,676,0.385,112370.87,Contract,Education,15,1,1,0,Good,Lower-Middle,0.3786621471530974
LN101640,56,191279.16,607,0.678,178145.47,Employed,Vehicle,10,0,2,1,Fair,Low,0.9313375801106613
LN101641,23,116727.91,606,0.426,353381.13,Self-employed,Personal,10,1,1,0,Fair,Low,3.02739190652861
LN101642,42,235346.64,522,0.176,174658.32,Self-employed,Vehicle,9,0,2,0,Poor,Lower-Middle,0.742132201250037
LN101643,50,454335.75,532,0.135,220610.72,Employed,Vehicle,14,1,1,1,Poor,High,0.4855676006125426
LN101644,27,1049300.21,559,0.234,108758.24,Employed,Vehicle,0,0,2,0,Poor,High,0.10364835436371447
LN101645,35,310339.91,664,0.565,253477.18,Self-employed,Personal,15,2,2,0,Fair,Upper-Middle,0.8167727444401206
LN101646,37,196927.76,731,0.129,110798.85,Employed,Personal,7,0,1,0,Good,Low,0.5626370299443816
LN101647,53,156342.89,516,0.203,230874.53,Employed,Business,9,3,1,0,Poor,Low,1.4767190884088173
LN101648,68,406408.04,609,0.438,185564.98,Employed,Home,15,2,0,0,Fair,Upper-Middle,0.45659770904138614
LN101649,61,113663.65,547,0.181,141989.36,Employed,Home,12,1,0,0,Poor,Low,1.2492064085571772
LN101650,30,406048.37,630,0.272,40407.14,Employed,Education,5,0,2,0,Fair,Upper-Middle,0.0995131195822803
LN101651,21,470371.99,731,0.163,223890.24,Employed,Personal,14,1,0,0,Good,High,0.47598548544525365
LN101652,23,381357.09,616,0.624,140649.15,Employed,Home,1,3,1,0,Fair,Upper-Middle,0.3688122069528063
LN101653,50,265859.65,646,0.568,173669.51,Contract,Vehicle,2,2,0,0,Fair,Lower-Middle,0.6532375635039014
LN101654,28,409321.06,759,0.352,134866.07,Employed,Business,3,1,1,0,Very Good,Upper-Middle,0.3294872489580673
LN101655,32,329573.23,684,0.152,150857.4,Employed,Vehicle,4,1,1,0,Good,Upper-Middle,0.457735599459944
LN101656,62,195549.66,593,0.542,256186.44,Employed,Vehicle,10,1,2,0,Fair,Low,1.310083791503396
LN101657,63,830069.35,662,0.052,80836.62,Employed,Vehicle,6,1,0,0,Fair,High,0.09738538111303591
LN101658,62,247239.82,588,0.118,149074.39,Self-employed,Home,13,2,0,0,Fair,Lower-Middle,0.6029546130554536
LN101659,33,459641.23,682,0.278,66363.53,Contract,Vehicle,9,2,2,0,Good,High,0.14438115136015975
LN101660,51,79324.31,689,0.157,160023.78,Contract,Home,9,1,0,0,Good,Low,2.0173359213587867
LN101661,50,605370.98,547,0.478,129517.63,Employed,Vehicle,12,2,0,0,Poor,High,0.21394753676497677
LN101662,30,672903.91,663,0.065,72992.06,Employed,Vehicle,6,1,3,1,Fair,High,0.10847322911231114
LN101663,48,304963.18,641,0.125,116905.03,Self-employed,Vehicle,5,0,1,0,Fair,Upper-Middle,0.3833414578113987
LN101664,46,407934.47,691,0.344,76006.53,Unemployed,Vehicle,1,1,1,0,Good,Upper-Middle,0.18632044014324164
LN101665,40,407877.07,712,0.193,86037.2,Unemployed,Business,13,1,2,0,Good,Upper-Middle,0.21093904592381227
LN101666,57,210661.27,686,0.066,138532.49,Unemployed,Vehicle,3,1,1,0,Good,Lower-Middle,0.6576077795410613
LN101667,54,405329.27,627,0.34,130966.25,Employed,Home,10,1,1,0,Fair,Upper-Middle,0.3231107637501728
LN101668,47,192295.97,720,0.15,31568.81,Contract,Personal,12,1,1,0,Good,Low,0.1641678190135758
LN101669,56,214640.85,585,0.492,139951.8,Employed,Personal,5,1,1,0,Fair,Lower-Middle,0.6520277943364461
LN101670,58,557577.33,551,0.434,90315.93,Employed,Education,2,0,2,0,Poor,High,0.1619792002662662
LN101671,48,512778.62,410,0.223,84030.53,Self-employed,Vehicle,10,0,0,0,Poor,High,0.16387292044274387
LN101672,34,203420.64,645,0.27,52869.66,Employed,Personal,5,4,1,1,Fair,Low,0.259903124874644
LN101673,58,200400.02,588,0.26,106801.93,Employed,Personal,13,0,1,0,Fair,Low,0.5329437092870549
LN101674,56,210335.6,680,0.394,78297.75,Employed,Vehicle,7,1,1,0,Good,Lower-Middle,0.3722515351657066
LN101675,69,448870.41,502,0.41,251708.12,Employed,Vehicle,5,1,2,0,Poor,High,0.5607589950070445
LN101676,28,173086.39,601,0.327,35281.19,Employed,Home,11,0,1,0,Fair,Low,0.20383572619430101
LN101677,41,365028.13,685,0.239,58787.55,Employed,Home,6,0,2,0,Good,Upper-Middle,0.1610493689897269
LN101678,66,452391.62,573,0.503,56256.39,Employed,Home,12,0,0,0,Poor,High,0.12435329814464734
LN101679,46,285787.2,681,0.481,130139.62,Employed,Vehicle,11,0,1,0,Good,Lower-Middle,0.45537245894847633
LN101680,67,522861.97,608,0.403,235806.97,Self-employed,Business,14,0,0,0,Fair,High,0.45099277348474975
LN101681,21,253765.82,648,0.045,152552.61,Employed,Personal,6,0,3,0,Fair,Lower-Middle,0.6011550728147707
LN101682,22,266709.99,695,0.315,53998.69,Contract,Home,1,0,2,0,Good,Lower-Middle,0.20246219498564716
LN101683,60,175264.64,721,0.206,83219.37,Employed,Home,2,0,1,0,Good,Low,0.4748212189292717
LN101684,38,524911.68,657,0.276,65008.34,Contract,Education,0,2,0,0,Fair,High,0.1238462440005145
LN101685,46,196801.62,589,0.129,153010.37,Unemployed,Vehicle,13,1,1,0,Fair,Low,0.7774853174480982
LN101686,41,363637.31,616,0.494,82126.42,Contract,Personal,3,2,1,0,Fair,Upper-Middle,0.22584706723300751
LN101687,40,288460.64,698,0.087,43910.86,Employed,Business,3,1,2,0,Good,Lower-Middle,0.15222478879614215
LN101688,67,168132.4,573,0.212,160860.83,Self-employed,Education,9,1,1,0,Poor,Low,0.9567509296245101
LN101689,25,214599.98,637,0.14,250034.38,Employed,Home,3,1,3,0,Fair,Lower-Middle,1.165118375127528
LN101690,58,641854.86,621,0.125,97938.85,Contract,Business,15,2,1,1,Fair,High,0.15258722197725513
LN101691,64,335188.86,642,0.516,118954.45,Employed,Vehicle,13,0,1,0,Fair,Upper-Middle,0.3548878384562065
LN101692,53,172216.05,574,0.376,41321.57,Employed,Vehicle,7,1,1,0,Poor,Low,0.23994029592479912
LN101693,40,354856.34,511,0.513,28846.13,Employed,Personal,10,0,1,1,Poor,Upper-Middle,0.08128960018017432
LN101694,28,276834.47,689,0.135,33068.33,Contract,Vehicle,6,1,1,0,Good,Lower-Middle,0.11945163476210172
LN101695,54,1800000.0,722,0.309,106848.42,Self-employed,Vehicle,6,1,2,0,Good,High,0.05936023333333333
LN101696,43,350934.85,516,0.468,90045.77,Employed,Personal,7,2,0,1,Poor,Upper-Middle,0.25658828127215066
LN101697,28,243334.93,678,0.096,156887.9,Employed,Home,6,0,1,0,Good,Lower-Middle,0.6447405639626008
LN101698,38,655106.51,731,0.127,96737.95,Contract,Home,6,1,1,0,Good,High,0.14766751440158943
LN101699,68,108985.25,695,0.265,209039.99,Unemployed,Education,2,1,2,0,Good,Low,1.9180576270642127
LN101700,34,315973.57,619,0.292,193921.54,Employed,Home,10,1,2,1,Fair,Upper-Middle,0.6137270911614539
LN101701,29,898492.31,579,0.022,89200.03,Self-employed,Personal,1,1,0,0,Poor,High,0.09927745514037843
LN101702,54,281426.94,656,0.045,57296.82,Employed,Business,14,0,1,0,Fair,Lower-Middle,0.20359394164609826
LN101703,30,115638.26,669,0.569,31657.51,Employed,Business,14,0,1,0,Fair,Low,0.27376328561152685
LN101704,66,241296.77,657,0.053,279303.85,Employed,Home,3,2,1,0,Fair,Lower-Middle,1.157511764455032
LN101705,63,667652.21,636,0.133,59610.9,Self-employed,Business,0,1,1,0,Fair,High,0.08928435959194983
LN101706,69,368935.1,569,0.331,41587.44,Employed,Home,7,1,2,1,Poor,Upper-Middle,0.11272291522275871
LN101707,65,189125.65,682,0.201,119687.92,Contract,Vehicle,0,0,1,0,Good,Low,0.6328486908042352
LN101708,32,205798.79,685,0.145,41828.52,Employed,Home,6,0,2,0,Good,Low,0.20324959150634458
LN101709,31,220510.94,665,0.099,119609.67,Employed,Personal,12,1,0,0,Fair,Lower-Middle,0.5424205710610095
LN101710,37,365929.73,658,0.332,88400.56,Employed,Vehicle,4,0,3,0,Fair,Upper-Middle,0.24157796634889436
LN101711,44,626275.49,776,0.659,200511.52,Self-employed,Personal,14,0,0,0,Very Good,High,0.3201650443002328
LN101712,64,535186.42,603,0.012,189489.38,Employed,Personal,0,2,0,0,Fair,High,0.3540623844678271
LN101713,56,385518.5,746,0.236,225346.69,Employed,Vehicle,11,0,1,0,Very Good,Upper-Middle,0.5845288617796552
LN101714,52,144225.47,595,0.672,125782.03,Employed,Personal,8,1,0,1,Fair,Low,0.872120784213773
LN101715,64,144520.24,733,0.444,62963.76,Employed,Vehicle,3,1,0,0,Good,Low,0.43567433876389916
LN101716,52,402248.91,743,0.253,56064.6,Employed,Home,6,1,1,0,Very Good,Upper-Middle,0.1393778792340295
LN101717,39,143132.87,628,0.175,77907.92,Employed,Vehicle,4,2,0,0,Fair,Low,0.5443048825891635
LN101718,41,264997.56,775,0.329,402123.4,Employed,Personal,9,0,1,0,Very Good,Lower-Middle,1.5174607645443983
LN101719,46,354626.53,685,0.069,93551.13,Employed,Home,15,1,2,0,Good,Upper-Middle,0.2638018368225299
LN101720,25,160469.8,584,0.414,122136.64,Employed,Personal,8,2,2,0,Fair,Low,0.7611191638551305
LN101721,57,170790.59,622,0.546,295174.76,Employed,Vehicle,11,0,2,0,Fair,Low,1.7282846789158584
LN101722,52,284865.14,735,0.621,129797.94,Employed,Personal,9,0,1,0,Good,Lower-Middle,0.45564697737322296
LN101723,56,395752.94,719,0.169,67616.84,Employed,Home,13,0,0,0,Good,Upper-Middle,0.17085619123890777
LN101724,47,537870.49,571,0.568,176811.26,Employed,Vehicle,9,0,2,1,Poor,High,0.3287245968820487
LN101725,59,418912.41,640,0.591,83260.24,Employed,Education,7,0,0,0,Fair,Upper-Middle,0.19875333843654813
LN101726,67,312402.87,665,0.41,132742.58,Self-employed,Education,1,0,1,0,Fair,Upper-Middle,0.4249083243057274
LN101727,48,199014.04,612,0.217,153451.16,Self-employed,Vehicle,12,1,1,0,Fair,Low,0.7710569565845706
LN101728,42,166464.76,827,0.324,79772.75,Employed,Education,14,0,1,0,Excellent,Low,0.47921704269420146
LN101729,26,226512.49,668,0.135,124166.31,Employed,Vehicle,15,1,0,0,Fair,Lower-Middle,0.5481654013869169
LN101730,59,375871.39,645,0.3,311223.22,Employed,Home,11,1,2,0,Fair,Upper-Middle,0.8280045469808169
LN101731,65,361017.17,739,0.11,73202.74,Employed,Home,5,1,1,0,Good,Upper-Middle,0.20276802901091937
LN101732,55,94522.36,623,0.31,258904.83,Employed,Business,11,0,2,0,Fair,Low,2.7390855454730496
LN101733,63,194738.98,726,0.196,74937.73,Contract,Home,5,0,1,0,Good,Low,0.38481114566790886
LN101734,63,581878.48,525,0.211,354896.11,Employed,Vehicle,14,1,0,0,Poor,High,0.6099144790506774
LN101735,60,313359.39,616,0.279,63080.68,Contract,Vehicle,0,1,0,0,Fair,Upper-Middle,0.2013045787458292
LN101736,45,137610.55,729,0.278,85155.09,Employed,Personal,14,0,1,0,Good,Low,0.6188122204293203
LN101737,25,1096067.58,768,0.31,293197.55,Employed,Vehicle,11,0,0,0,Very Good,High,0.2674995185972018
LN101738,21,295262.42,592,0.235,301699.55,Employed,Vehicle,14,0,0,0,Fair,Lower-Middle,1.0218013860348365
LN101739,31,370615.88,583,0.048,187252.45,Employed,Business,3,0,1,0,Fair,Upper-Middle,0.5052466990890947
LN101740,42,373725.32,693,0.293,54449.75,Employed,Business,8,0,3,0,Good,Upper-Middle,0.14569457054716015
LN101741,57,245084.97,603,0.12,116052.93,Contract,Home,4,0,1,0,Fair,Lower-Middle,0.47352120368703143
LN101742,43,201062.73,630,0.362,110089.31,Employed,Personal,11,0,2,0,Fair,Low,0.5475371293327211
LN101743,22,963626.45,716,0.252,63067.27,Contract,Business,10,1,2,0,Good,High,0.06544784029122488
LN101744,31,520893.55,609,0.509,173023.0,Contract,Business,11,0,3,0,Fair,High,0.33216575632391687
LN101745,68,471466.45,503,0.323,66395.54,Self-employed,Vehicle,11,0,1,0,Poor,High,0.14082770894938546
LN101746,69,411883.91,552,0.504,47541.23,Contract,Personal,0,1,2,1,Poor,Upper-Middle,0.11542385814488361
LN101747,39,172769.43,651,0.274,38356.21,Employed,Vehicle,6,1,2,0,Fair,Low,0.22200808325871077
LN101748,60,605723.78,510,0.119,334779.57,Contract,Personal,4,0,0,0,Poor,High,0.5526934570737837
LN101749,56,188681.33,628,0.361,78938.28,Self-employed,Education,15,0,2,0,Fair,Low,0.4183682614490793
LN101750,66,350580.45,546,0.602,80022.03,Employed,Personal,8,0,0,0,Poor,Upper-Middle,0.22825582544605666
LN101751,64,121768.05,773,0.564,56291.58,Self-employed,Business,2,0,1,0,Very Good,Low,0.46228530390361017
LN101752,51,97642.23,812,0.54,267636.96,Contract,Home,6,0,0,0,Excellent,Low,2.740995980939805
LN101753,40,357395.37,571,0.534,44849.74,Contract,Vehicle,8,4,4,1,Poor,Upper-Middle,0.1254905456665541
LN101754,51,192246.4,669,0.109,50289.35,Employed,Education,5,1,1,0,Fair,Low,0.26158799332523264
LN101755,36,100458.06,578,0.021,89236.67,Employed,Vehicle,9,1,3,0,Poor,Low,0.8882977632655856
LN101756,38,403879.96,627,0.59,108468.73,Employed,Education,12,1,2,0,Fair,Upper-Middle,0.2685667543395815
LN101757,50,962781.89,785,0.115,168779.53,Contract,Personal,9,0,1,0,Very Good,High,0.17530401407945054
LN101758,48,644220.22,615,0.473,70905.18,Employed,Personal,9,1,2,1,Fair,High,0.1100635742231127
LN101759,49,260410.08,629,0.114,300154.5,Self-employed,Personal,10,0,0,0,Fair,Lower-Middle,1.1526224330486747
LN101760,39,301463.03,579,0.115,71219.62,Employed,Home,4,0,2,0,Poor,Upper-Middle,0.23624661372241892
LN101761,41,488833.0,736,0.13,57105.63,Contract,Home,10,1,0,0,Good,High,0.11682032514171506
LN101762,21,556102.64,405,0.085,53679.25,Contract,Business,0,2,0,0,Poor,High,0.09652759425849876
LN101763,50,248349.7,617,0.515,66516.57,Employed,Vehicle,12,0,1,0,Fair,Lower-Middle,0.2678343078328663
LN101764,49,305692.66,647,0.443,51466.33,Employed,Personal,6,0,0,1,Fair,Upper-Middle,0.16835971789443688
LN101765,66,353937.6,600,0.394,179211.82,Contract,Home,13,1,1,0,Fair,Upper-Middle,0.506337331778257
LN101766,45,406837.75,715,0.105,57393.63,Employed,Personal,4,0,4,0,Good,Upper-Middle,0.14107252829905778
LN101767,43,278826.7,740,0.235,100901.18,Employed,Home,15,2,1,0,Very Good,Lower-Middle,0.36187775417490503
LN101768,24,280826.09,544,0.278,56332.59,Contract,Personal,8,1,1,1,Poor,Lower-Middle,0.20059599875495895
LN101769,30,640782.61,807,0.111,51268.71,Self-employed,Home,15,2,2,0,Excellent,High,0.08000952148186419
LN101770,37,583485.07,543,0.307,225817.94,Contract,Home,4,0,2,0,Poor,High,0.3870157980220471
LN101771,39,390082.51,747,0.271,311775.85,Employed,Vehicle,8,0,1,0,Very Good,Upper-Middle,0.7992561624975187
LN101772,38,772237.75,661,0.195,250969.43,Self-employed,Home,11,1,0,0,Fair,High,0.3249898493048287
LN101773,40,242557.14,612,0.251,42271.46,Contract,Business,11,0,2,0,Fair,Lower-Middle,0.17427423492872648
LN101774,58,732466.69,619,0.053,46260.97,Self-employed,Vehicle,4,0,3,0,Fair,High,0.06315777991214865
LN101775,27,404303.55,647,0.41,397989.95,Contract,Education,6,1,2,0,Fair,Upper-Middle,0.9843840104792551
LN101776,37,1800000.0,666,0.472,93238.81,Contract,Home,3,1,2,0,Fair,High,0.051799338888888886
LN101777,28,155697.87,581,0.244,45009.04,Employed,Education,10,1,4,0,Fair,Low,0.28907935606312407
LN101778,36,205334.96,632,0.133,222279.24,Employed,Home,6,0,2,0,Fair,Low,1.0825201904244655
LN101779,54,377707.95,592,0.406,114925.1,Self-employed,Personal,0,0,2,0,Fair,Upper-Middle,0.30426974068192103
LN101780,23,373254.77,559,0.038,159278.37,Contract,Business,4,0,0,0,Poor,Upper-Middle,0.426728290706104
LN101781,37,876870.15,589,0.258,25683.57,Contract,Vehicle,5,0,1,0,Fair,High,0.029290049387586062
LN101782,22,207716.96,564,0.1,88979.12,Employed,Personal,8,0,2,0,Poor,Low,0.4283671395922605
LN101783,67,493482.63,618,0.074,203812.93,Self-employed,Business,14,0,0,0,Fair,High,0.41300932922400935
LN101784,56,568577.22,682,0.259,72547.75,Self-employed,Business,15,1,1,0,Good,High,0.12759524554993604
LN101785,32,442012.77,659,0.52,245483.71,Employed,Personal,10,1,0,0,Fair,High,0.5553769634302647
LN101786,30,176838.08,798,0.264,46739.5,Employed,Business,14,0,1,0,Very Good,Low,0.26430676017292204
LN101787,25,650700.72,484,0.187,102237.98,Unemployed,Vehicle,0,2,1,0,Poor,High,0.15711981999958444
LN101788,44,589875.32,685,0.091,320434.96,Employed,Education,13,2,2,0,Good,High,0.5432248970850315
LN101789,57,417195.09,650,0.535,52061.31,Employed,Personal,8,1,1,0,Fair,Upper-Middle,0.12478888473975087
LN101790,49,335685.16,711,0.056,131228.56,Employed,Home,5,0,1,0,Good,Upper-Middle,0.39092749885041095
LN101791,64,339726.84,704,0.56,160901.96,Employed,Vehicle,5,0,4,0,Good,Upper-Middle,0.4736215719664657
LN101792,37,287285.87,638,0.176,116733.42,Self-employed,Vehicle,5,0,1,0,Fair,Lower-Middle,0.40633192297275184
LN101793,34,426756.8,663,0.36,93498.85,Contract,Home,12,1,3,0,Fair,Upper-Middle,0.2190916465771606
LN101794,44,305181.49,594,0.219,62232.25,Self-employed,Vehicle,7,0,1,0,Fair,Upper-Middle,0.20391882220641888
LN101795,30,188122.57,696,0.32,124990.21,Contract,Personal,1,0,0,0,Good,Low,0.6644083695007994
LN101796,68,168520.44,509,0.384,102899.57,Self-employed,Personal,14,1,0,1,Poor,Low,0.6106058707181159
LN101797,30,198375.67,708,0.322,43245.31,Employed,Personal,9,3,0,0,Good,Low,0.21799704570626022
LN101798,44,338984.78,648,0.288,224838.24,Employed,Personal,6,0,1,1,Fair,Upper-Middle,0.6632694246626647
LN101799,46,295585.09,613,0.084,60882.6,Employed,Home,11,1,2,0,Fair,Lower-Middle,0.20597317679318666
LN101800,23,337721.49,633,0.606,43981.77,Employed,Home,5,0,1,0,Fair,Upper-Middle,0.13023088936389568
LN101801,43,395135.88,638,0.336,74685.59,Employed,Home,9,1,2,0,Fair,Upper-Middle,0.18901242276454366
LN101802,43,212460.47,747,0.629,61572.34,Self-employed,Business,0,0,1,0,Very Good,Lower-Middle,0.28980609898867304
LN101803,33,671756.26,850,0.08,93002.26,Employed,Business,4,3,0,0,Excellent,High,0.1384464359141216
LN101804,27,258925.8,741,0.117,49052.3,Employed,Education,5,0,3,0,Very Good,Lower-Middle,0.18944539323620901
LN101805,23,236369.82,608,0.071,147180.8,Employed,Vehicle,12,1,1,0,Fair,Lower-Middle,0.6226717099501111
LN101806,21,391151.48,697,0.395,269930.19,Unemployed,Business,12,1,1,0,Good,Upper-Middle,0.690091189224185
LN101807,44,109256.89,700,0.641,117835.85,Employed,Home,12,0,4,0,Good,Low,1.0785209976231247
LN101808,25,194219.42,581,0.417,43021.27,Contract,Home,7,2,0,0,Fair,Low,0.22150859064454004
LN101809,68,514591.05,555,0.434,60757.32,Employed,Personal,5,0,3,1,Poor,High,0.11806913470415002
LN101810,32,115376.47,645,0.149,127015.92,Employed,Education,8,0,1,0,Fair,Low,1.1008823549550442
LN101811,52,554711.57,711,0.362,30629.4,Employed,Business,4,1,1,0,Good,High,0.05521680393289796
LN101812,54,688770.13,529,0.226,49361.56,Employed,Personal,8,0,2,0,Poor,High,0.07166623209981536
LN101813,45,244834.39,596,0.305,37697.84,Employed,Business,10,1,0,0,Fair,Lower-Middle,0.15397281403155821
LN101814,64,352228.28,693,0.158,118570.7,Employed,Personal,15,3,2,0,Good,Upper-Middle,0.3366302671665091
LN101815,26,555173.33,653,0.129,448494.71,Self-employed,Business,5,2,1,0,Fair,High,0.8078462810884667
LN101816,32,232072.17,756,0.204,48464.82,Employed,Personal,1,5,0,0,Very Good,Lower-Middle,0.2088351222811421
LN101817,33,483503.72,544,0.323,186997.39,Employed,Education,5,0,4,0,Poor,High,0.3867548113176875
LN101818,27,207400.28,826,0.598,76245.68,Employed,Education,13,1,0,0,Excellent,Low,0.36762573319573144
LN101819,35,230696.09,535,0.036,46635.78,Contract,Business,7,0,2,0,Poor,Lower-Middle,0.20215245087162076
LN101820,36,193281.45,498,0.176,304041.47,Employed,Home,6,0,1,0,Poor,Low,1.5730504401741603
LN101821,58,362215.17,646,0.529,447814.55,Employed,Education,7,0,0,0,Fair,Upper-Middle,1.2363219077765297
LN101822,35,567173.61,565,0.132,143766.58,Self-employed,Vehicle,4,2,1,0,Poor,High,0.25347896563805217
LN101823,63,271108.84,647,0.473,139227.92,Employed,Personal,13,0,0,0,Fair,Lower-Middle,0.5135499085902179
LN101824,58,149096.75,644,0.545,114543.68,Employed,Personal,10,1,1,0,Fair,Low,0.7682506828619671
LN101825,65,165387.92,635,0.196,99895.06,Employed,Vehicle,15,3,1,1,Fair,Low,0.6040045730062993
LN101826,26,372714.29,587,0.538,137212.6,Contract,Personal,1,2,2,0,Fair,Upper-Middle,0.36814418894429835
LN101827,69,827200.0,682,0.256,170708.49,Contract,Education,11,2,1,0,Good,High,0.20636906431334623
LN101828,51,372535.09,626,0.298,324294.41,Employed,Home,1,0,0,0,Fair,Upper-Middle,0.8705070172047416
LN101829,69,242497.01,733,0.281,78312.23,Employed,Personal,1,0,0,0,Good,Lower-Middle,0.3229410127572294
LN101830,38,457228.68,636,0.424,119495.85,Employed,Home,13,0,0,0,Fair,High,0.2613481070347556
LN101831,67,262974.8,578,0.368,103854.04,Employed,Personal,5,0,0,0,Poor,Lower-Middle,0.394920121623821
LN101832,49,243648.25,523,0.4,214030.96,Unemployed,Business,5,0,3,1,Poor,Lower-Middle,0.8784424267360836
LN101833,24,177085.02,637,0.447,523497.82,Employed,Home,3,3,1,1,Fair,Low,2.9561948266431575
LN101834,41,650947.72,555,0.434,218885.17,Employed,Vehicle,1,1,1,0,Poor,High,0.33625614358093153
LN101835,27,74233.69,549,0.569,184811.97,Employed,Home,10,0,1,1,Poor,Low,2.489596974096263
LN101836,67,465264.02,690,0.211,198462.22,Contract,Personal,8,2,1,1,Good,High,0.42655827974834587
LN101837,35,232461.07,517,0.159,250712.06,Employed,Home,9,2,1,0,Poor,Lower-Middle,1.0785120278419091
LN101838,31,239390.25,756,0.143,528409.26,Employed,Education,2,3,2,0,Very Good,Lower-Middle,2.207313205111737
LN101839,48,760940.99,662,0.337,36780.95,Employed,Vehicle,15,2,1,0,Fair,High,0.048336139705130086
LN101840,41,202554.78,647,0.221,162425.12,Employed,Personal,0,1,1,0,Fair,Low,0.801882433976626
LN101841,25,206385.22,572,0.265,20546.57,Employed,Personal,7,2,0,0,Poor,Low,0.09955446421987
LN101842,61,279238.33,707,0.314,204151.05,Contract,Education,8,1,1,0,Good,Lower-Middle,0.7310996667255529
LN101843,62,376680.95,650,0.41,157378.71,Self-employed,Education,1,2,0,0,Fair,Upper-Middle,0.41780374080504995
LN101844,57,235276.59,599,0.258,77095.34,Self-employed,Personal,9,1,2,0,Fair,Lower-Middle,0.3276796046729511
LN101845,51,126236.87,665,0.289,19393.94,Employed,Education,9,1,0,0,Fair,Low,0.1536313439964093
LN101846,40,186354.07,524,0.258,108975.57,Employed,Vehicle,8,0,0,0,Poor,Low,0.5847769785763198
LN101847,47,606992.29,527,0.046,127144.96,Self-employed,Home,5,0,0,1,Poor,High,0.20946717461600706
LN101848,46,312595.4,566,0.237,105579.08,Employed,Vehicle,14,1,1,0,Poor,Upper-Middle,0.33774994769596733
LN101849,29,384475.66,676,0.516,73446.13,Self-employed,Vehicle,2,0,0,1,Good,Upper-Middle,0.19102933590126359
LN101850,25,259823.05,650,0.06,61409.7,Employed,Education,11,1,2,1,Fair,Lower-Middle,0.23635200956958977
LN101851,33,208733.59,729,0.194,106358.97,Employed,Personal,5,0,2,0,Good,Lower-Middle,0.5095441035628238
LN101852,43,754794.61,581,0.634,65317.54,Employed,Business,6,0,1,0,Fair,High,0.08653683947213137
LN101853,28,270501.31,693,0.282,186144.93,Contract,Vehicle,3,0,1,0,Good,Lower-Middle,0.6881479797639427
LN101854,26,235080.74,641,0.423,104514.27,Contract,Education,10,1,1,1,Fair,Lower-Middle,0.4445888250989852
LN101855,62,548211.29,579,0.078,35853.73,Employed,Personal,3,1,0,0,Poor,High,0.06540129810168631
LN101856,39,201640.07,679,0.428,123388.14,Employed,Vehicle,5,0,0,0,Good,Low,0.6119227195269273
LN101857,49,216303.48,645,0.111,143984.38,Self-employed,Education,7,1,2,1,Fair,Lower-Middle,0.6656591008152065
LN101858,46,301695.48,603,0.569,314873.98,Self-employed,Vehicle,0,1,2,0,Fair,Upper-Middle,1.0436814631760476
LN101859,57,300044.57,653,0.215,201093.66,Employed,Vehicle,12,1,1,1,Fair,Upper-Middle,0.6702126287437896
LN101860,57,346044.96,640,0.525,61333.81,Contract,Home,5,0,1,0,Fair,Upper-Middle,0.17724231556500633
LN101861,35,947853.99,638,0.122,277901.73,Contract,Home,14,1,2,1,Fair,High,0.29319044170505626
LN101862,62,360942.62,619,0.35,44681.5,Employed,Vehicle,10,3,1,1,Fair,Upper-Middle,0.12379114442068383
LN101863,39,81113.77,552,0.456,112032.49,Employed,Business,4,1,0,0,Poor,Low,1.3811772033281156
LN101864,61,358972.9,656,0.273,179580.69,Employed,Home,10,0,2,0,Fair,Upper-Middle,0.5002625267812696
LN101865,40,306315.76,590,0.486,283902.94,Contract,Home,7,0,0,1,Fair,Upper-Middle,0.9268309929596832
LN101866,26,307255.6,573,0.13,375502.84,Employed,Personal,7,0,1,0,Poor,Upper-Middle,1.2221187831889804
LN101867,58,343454.11,632,0.274,251904.7,Contract,Business,13,0,2,0,Fair,Upper-Middle,0.7334450008474204
LN101868,22,295305.21,705,0.212,100653.19,Self-employed,Home,10,1,0,0,Good,Lower-Middle,0.34084461293452967
LN101869,58,291443.4,664,0.214,160335.28,Self-employed,Personal,15,0,2,0,Fair,Lower-Middle,0.5501420859075895
LN101870,23,420294.98,610,0.198,127274.09,Employed,Home,14,0,2,1,Fair,Upper-Middle,0.3028208664305246
LN101871,31,222658.24,607,0.4,69362.59,Employed,Home,13,1,3,0,Fair,Lower-Middle,0.3115204270005907
LN101872,50,178137.37,698,0.34,102035.82,Contract,Business,7,0,2,0,Good,Low,0.5727928957298517
LN101873,67,1582660.03,470,0.214,353917.44,Employed,Personal,7,2,2,0,Poor,High,0.22362189812805217
LN101874,41,202362.55,710,0.448,167416.61,Unemployed,Education,14,3,0,0,Good,Low,0.8273102409512036
LN101875,26,316987.1,509,0.639,419502.42,Employed,Home,13,0,0,1,Poor,Upper-Middle,1.3234053373149886
LN101876,32,131784.67,544,0.275,54426.78,Self-employed,Education,5,1,1,0,Poor,Low,0.4129978092292525
LN101877,64,319846.15,611,0.092,85838.53,Employed,Home,11,0,1,0,Fair,Upper-Middle,0.2683744356466382
LN101878,56,179559.82,813,0.205,144084.28,Employed,Vehicle,9,0,0,0,Excellent,Low,0.8024305214830355
LN101879,25,235196.74,776,0.514,178218.97,Employed,Personal,1,1,5,0,Very Good,Lower-Middle,0.7577442187336441
LN101880,39,533024.85,703,0.046,101958.99,Contract,Education,1,0,1,0,Good,High,0.19128374596418912
LN101881,33,388925.47,677,0.142,185083.29,Employed,Personal,1,1,0,0,Good,Upper-Middle,0.47588369566025085
LN101882,29,410102.74,510,0.408,184178.08,Employed,Home,4,0,3,1,Poor,Upper-Middle,0.4491022908064452
LN101883,62,113252.5,662,0.5,44626.62,Self-employed,Personal,14,2,2,0,Fair,Low,0.39404534116244677
LN101884,51,823921.14,609,0.261,179507.57,Contract,Business,5,0,3,0,Fair,High,0.217869843708586
LN101885,29,155749.31,589,0.432,220986.63,Contract,Business,14,2,1,1,Fair,Low,1.418861053060203
LN101886,52,695402.58,662,0.341,133350.52,Employed,Home,7,0,2,0,Fair,High,0.19176017437266338
LN101887,41,526173.81,615,0.267,33264.99,Employed,Home,7,1,0,0,Fair,High,0.06322053543485943
LN101888,24,412120.38,715,0.483,91884.91,Employed,Education,4,1,0,0,Good,Upper-Middle,0.22295648179301397
LN101889,43,187455.38,505,0.14,146224.27,Unemployed,Education,10,0,0,0,Poor,Low,0.7800484040522069
LN101890,30,326084.61,656,0.08,62663.07,Contract,Business,9,2,1,1,Fair,Upper-Middle,0.19216813084186954
LN101891,33,231545.34,584,0.194,199812.71,Self-employed,Vehicle,4,0,1,0,Fair,Lower-Middle,0.8629528454340735
LN101892,64,304830.0,619,0.098,176746.06,Employed,Education,12,2,0,1,Fair,Upper-Middle,0.5798184561886953
LN101893,55,261478.68,673,0.23,120048.61,Contract,Home,11,1,1,0,Good,Lower-Middle,0.4591143339105123
LN101894,27,97763.05,566,0.103,111254.06,Employed,Business,11,1,1,0,Poor,Low,1.1379970244381696
LN101895,62,555997.48,662,0.186,124693.22,Employed,Home,7,0,1,0,Fair,High,0.22426939776777408
LN101896,49,286911.42,634,0.245,109710.13,Employed,Business,10,0,2,0,Fair,Lower-Middle,0.3823832805260941
LN101897,63,229784.58,600,0.096,47699.15,Self-employed,Business,5,0,3,0,Fair,Lower-Middle,0.20758203183172694
LN101898,57,220434.92,615,0.054,83172.01,Employed,Home,15,0,0,0,Fair,Lower-Middle,0.3773086859377815
LN101899,37,365379.03,638,0.479,115306.0,Employed,Personal,7,0,1,0,Fair,Upper-Middle,0.3155791398318617
LN101900,47,183500.33,592,0.173,276599.94,Contract,Vehicle,4,1,6,0,Fair,Low,1.507353910480706
LN101901,47,86785.18,651,0.285,172484.77,Self-employed,Vehicle,7,1,0,0,Fair,Low,1.9874910670231944
LN101902,56,375291.8,629,0.432,286427.96,Employed,Vehicle,15,0,0,0,Fair,Upper-Middle,0.7632140110708522
LN101903,33,399130.78,604,0.544,44135.28,Employed,Business,15,0,1,0,Fair,Upper-Middle,0.11057849259332993
LN101904,37,268804.67,769,0.08,87266.37,Self-employed,Vehicle,5,1,3,0,Very Good,Lower-Middle,0.3246460338654087
LN101905,32,159562.53,681,0.371,423472.32,Employed,Vehicle,14,3,2,0,Good,Low,2.6539584199373123
LN101906,35,315039.18,621,0.537,67867.08,Employed,Education,4,1,3,0,Fair,Upper-Middle,0.21542425294530035
LN101907,28,134060.3,661,0.478,66992.28,Unemployed,Vehicle,3,1,1,0,Fair,Low,0.4997175151778715
LN101908,22,170512.0,573,0.111,92188.91,Self-employed,Home,3,1,3,0,Poor,Low,0.5406593670826687
LN101909,67,198521.74,617,0.262,408402.41,Employed,Home,4,1,2,0,Fair,Low,2.0572175621672466
LN101910,24,477206.33,626,0.486,71093.05,Employed,Home,4,0,1,0,Fair,High,0.14897759214551912
LN101911,64,245757.79,556,0.41,158039.54,Self-employed,Education,4,1,1,0,Poor,Lower-Middle,0.6430703173234101
LN101912,21,234500.08,679,0.22,141925.53,Employed,Personal,6,1,1,0,Good,Lower-Middle,0.6052259342512805
LN101913,59,879068.97,612,0.296,31404.86,Self-employed,Personal,0,1,1,1,Fair,High,0.03572513769880878
LN101914,37,364175.85,623,0.457,108884.77,Self-employed,Home,6,0,1,0,Fair,Upper-Middle,0.2989895403552982
LN101915,46,361488.22,607,0.454,76790.35,Employed,Personal,8,0,1,1,Fair,Upper-Middle,0.2124283607360705
LN101916,34,244801.35,850,0.382,170914.29,Employed,Vehicle,6,1,2,0,Excellent,Lower-Middle,0.698175438983486
LN101917,45,216107.95,600,0.161,340656.97,Employed,Home,7,0,3,1,Fair,Lower-Middle,1.5763278028411263
LN101918,43,90130.53,495,0.441,87928.5,Contract,Business,3,0,0,0,Poor,Low,0.9755684339146791
LN101919,46,511112.52,530,0.088,87926.08,Self-employed,Personal,1,0,1,0,Poor,High,0.1720288127553596
LN101920,40,383888.76,707,0.052,565137.31,Contract,Education,14,2,0,0,Good,Upper-Middle,1.472138204827878
LN101921,47,271847.48,750,0.207,69267.68,Employed,Home,15,0,0,1,Very Good,Lower-Middle,0.2548034655314811
LN101922,61,278190.96,599,0.099,45948.87,Employed,Home,6,1,1,0,Fair,Lower-Middle,0.16517024852281326
LN101923,42,449736.48,746,0.395,269320.5,Self-employed,Education,12,0,0,0,Very Good,High,0.5988406811028538
LN101924,38,127573.41,706,0.37,106438.63,Employed,Business,2,1,1,0,Good,Low,0.8343324051618594
LN101925,27,216880.77,636,0.318,132242.59,Unemployed,Personal,2,0,0,0,Fair,Lower-Middle,0.6097478812897981
LN101926,38,160583.8,630,0.1,469167.26,Employed,Home,8,1,2,0,Fair,Low,2.9216350590781888
LN101927,27,794817.54,664,0.222,44192.01,Employed,Personal,11,1,1,0,Fair,High,0.05560019473148516
LN101928,29,485603.78,716,0.163,96875.8,Contract,Vehicle,11,3,1,0,Good,High,0.19949556405841815
LN101929,67,89326.8,680,0.178,49249.82,Self-employed,Home,5,1,1,0,Good,Low,0.5513442774173036
LN101930,25,130479.17,599,0.129,136776.69,Employed,Personal,14,0,1,0,Fair,Low,1.0482645620753106
LN101931,44,278938.79,637,0.144,76786.43,Employed,Education,10,1,1,0,Fair,Lower-Middle,0.27528057320389177
LN101932,61,231352.0,799,0.504,51319.51,Self-employed,Personal,5,1,1,0,Very Good,Lower-Middle,0.2218243628756181
LN101933,67,144802.72,669,0.337,177055.05,Employed,Home,7,0,0,0,Fair,Low,1.222732901702399
LN101934,28,874280.89,715,0.32,110741.02,Employed,Home,4,0,1,1,Good,High,0.126665264295094
LN101935,29,356266.64,690,0.145,48760.46,Contract,Education,2,0,4,0,Good,Upper-Middle,0.13686507386714625
LN101936,39,389526.33,671,0.345,50741.52,Employed,Education,0,0,2,1,Good,Upper-Middle,0.13026467299399247
LN101937,48,205033.68,658,0.6,125908.53,Self-employed,Education,7,0,1,1,Fair,Low,0.6140870612086756
LN101938,68,446318.69,717,0.083,37131.93,Employed,Personal,0,1,1,0,Good,High,0.08319600059768952
LN101939,31,243360.64,704,0.33,127529.17,Self-employed,Personal,15,0,1,0,Good,Lower-Middle,0.524033672824003
LN101940,29,256709.15,670,0.479,262747.19,Employed,Personal,14,0,0,0,Good,Lower-Middle,1.023520937995393
LN101941,33,419823.15,598,0.208,169706.34,Employed,Home,11,0,1,1,Fair,Upper-Middle,0.4042329252210127
LN101942,63,122466.05,679,0.418,73355.61,Employed,Vehicle,12,2,0,0,Good,Low,0.598987311177261
LN101943,22,722088.56,645,0.598,131473.0,Employed,Education,10,0,2,0,Fair,High,0.18207323489517682
LN101944,39,331655.42,627,0.361,48762.22,Self-employed,Education,11,0,0,0,Fair,Upper-Middle,0.14702675445497018
LN101945,26,606862.23,850,0.602,120188.92,Employed,Vehicle,13,1,3,0,Excellent,High,0.1980497616402985
LN101946,28,166052.1,535,0.189,88945.89,Employed,Business,8,1,0,1,Poor,Low,0.5356504976450163
LN101947,65,180556.12,722,0.258,55974.82,Unemployed,Home,13,1,1,1,Good,Low,0.31001341854266695
LN101948,21,158338.85,585,0.101,164991.87,Employed,Business,3,0,1,0,Fair,Low,1.0420176097022302
LN101949,36,344276.87,660,0.25,30420.67,Employed,Personal,14,0,2,0,Fair,Upper-Middle,0.08836106242048732
LN101950,65,311087.21,843,0.143,50891.81,Employed,Education,11,1,0,0,Excellent,Upper-Middle,0.16359338591901607
LN101951,50,232375.82,578,0.415,55028.58,Contract,Home,1,1,0,0,Poor,Lower-Middle,0.2368085457428402
LN101952,24,171750.77,596,0.171,79230.03,Employed,Education,2,1,0,0,Fair,Low,0.46130815017597887
LN101953,43,149478.79,649,0.396,255967.3,Employed,Home,2,1,0,1,Fair,Low,1.7123987958425404
LN101954,68,292105.88,586,0.392,179603.08,Contract,Business,3,0,0,0,Fair,Lower-Middle,0.6148560925921792
LN101955,40,232225.7,716,0.237,117793.51,Employed,Vehicle,12,3,0,0,Good,Lower-Middle,0.5072371834814148
LN101956,46,205757.57,610,0.204,114238.35,Contract,Vehicle,13,1,0,0,Fair,Low,0.5552084912355837
LN101957,47,702525.49,699,0.67,109162.58,Employed,Personal,15,0,3,1,Good,High,0.1553859348220945
LN101958,53,286719.2,550,0.413,268316.32,Employed,Home,2,1,1,0,Poor,Lower-Middle,0.9358156691285411
LN101959,30,603234.55,514,0.208,33793.99,Employed,Education,9,0,1,1,Poor,High,0.05602131045047071
LN101960,62,223742.04,633,0.28,181633.89,Employed,Personal,13,1,1,0,Fair,Lower-Middle,0.8118004555603409
LN101961,69,343232.97,532,0.117,79055.82,Employed,Home,15,1,1,0,Poor,Upper-Middle,0.23032699918076055
LN101962,27,290984.69,764,0.096,152539.58,Employed,Home,1,0,0,0,Very Good,Lower-Middle,0.5242185765855928
LN101963,61,117929.88,535,0.32,153014.81,Employed,Education,10,2,1,0,Poor,Low,1.2975067048317186
LN101964,61,658107.67,572,0.11,177166.43,Contract,Education,1,0,3,0,Poor,High,0.2692058428676268
LN101965,57,278508.34,681,0.232,307923.46,Contract,Vehicle,1,0,1,0,Good,Lower-Middle,1.1056166576555662
LN101966,39,452284.99,606,0.218,45119.18,Employed,Vehicle,13,1,1,0,Fair,High,0.09975829620169355
LN101967,43,198376.49,536,0.248,211456.53,Employed,Vehicle,14,0,0,0,Poor,Low,1.0659354341837584
LN101968,62,273997.25,803,0.089,105527.83,Contract,Vehicle,2,1,3,0,Excellent,Lower-Middle,0.38514193116901724
LN101969,28,186235.81,575,0.225,81526.16,Employed,Vehicle,13,1,0,1,Poor,Low,0.4377577008417447
LN101970,61,592044.4,635,0.521,412578.19,Employed,Education,14,2,2,0,Fair,High,0.6968703529667707
LN101971,66,356045.17,634,0.391,173594.6,Contract,Vehicle,8,1,1,0,Fair,Upper-Middle,0.4875634178663342
LN101972,54,367110.14,703,0.273,83872.47,Employed,Vehicle,2,0,0,0,Good,Upper-Middle,0.22846677566574433
LN101973,37,633198.37,685,0.27,204943.3,Employed,Home,11,0,2,0,Good,High,0.32366365693581933
LN101974,48,566666.07,588,0.061,106755.63,Contract,Personal,8,0,0,0,Fair,High,0.18839248660150062
LN101975,23,457017.13,626,0.28,83021.97,Employed,Home,5,0,0,0,Fair,High,0.18166052112751221
LN101976,66,137253.89,633,0.236,74182.16,Self-employed,Home,13,0,1,0,Fair,Low,0.540474007694791
LN101977,37,204620.89,706,0.165,134081.31,Contract,Personal,9,0,1,0,Good,Low,0.6552669671214898
LN101978,23,172715.2,562,0.238,73807.74,Employed,Business,4,1,1,0,Poor,Low,0.42733783708671846
LN101979,59,447611.65,801,0.402,121693.93,Contract,Business,6,1,1,0,Excellent,High,0.2718739112353309
LN101980,53,329521.32,593,0.377,195789.61,Employed,Education,4,0,2,0,Fair,Upper-Middle,0.5941637099535775
LN101981,51,139630.64,649,0.101,118192.26,Contract,Vehicle,8,0,3,0,Fair,Low,0.846463641504472
LN101982,23,270419.15,563,0.275,397504.42,Employed,Personal,4,1,2,0,Poor,Lower-Middle,1.4699566210455137
LN101983,57,131896.92,553,0.417,110948.31,Employed,Personal,10,0,3,0,Poor,Low,0.8411743807209447
LN101984,52,291356.15,584,0.628,264371.54,Self-employed,Business,7,0,0,0,Fair,Lower-Middle,0.9073827341554312
LN101985,59,120702.35,577,0.211,207487.77,Contract,Education,0,0,3,0,Poor,Low,1.7190035653821154
LN101986,61,401271.24,619,0.343,296464.11,Self-employed,Education,0,0,0,1,Fair,Upper-Middle,0.7388122557699376
LN101987,31,369319.42,577,0.102,396369.96,Self-employed,Home,1,0,1,0,Poor,Upper-Middle,1.073244293516978
LN101988,31,856756.84,702,0.361,35009.22,Unemployed,Home,2,1,0,0,Good,High,0.04086249255973259
LN101989,66,478240.04,591,0.463,130691.18,Employed,Personal,1,1,1,0,Fair,High,0.27327527824730025
LN101990,47,237740.47,583,0.457,102285.28,Contract,Business,10,0,2,0,Fair,Lower-Middle,0.43023924365927263
LN101991,42,470464.75,621,0.434,118263.11,Employed,Education,9,1,2,0,Fair,High,0.25137507113976126
LN101992,35,139082.51,724,0.281,84959.14,Employed,Home,0,1,1,0,Good,Low,0.6108542332173901
LN101993,52,176694.55,666,0.273,77264.42,Employed,Vehicle,6,0,2,1,Fair,Low,0.4372767581116679
LN101994,57,360326.61,643,0.331,53825.55,Contract,Home,4,1,2,0,Fair,Upper-Middle,0.14937989175986754
LN101995,21,91537.17,543,0.452,117188.0,Employed,Business,8,0,1,0,Poor,Low,1.2802231049965822
LN101996,48,293930.71,564,0.372,201863.23,Employed,Home,9,0,0,0,Poor,Lower-Middle,0.6867714843406462
LN101997,69,171166.65,554,0.608,79804.38,Employed,Home,8,0,2,0,Poor,Low,0.46623790323640735
LN101998,34,317190.12,748,0.495,88850.08,Employed,Vehicle,6,0,2,0,Very Good,Upper-Middle,0.2801161650306132
LN101999,34,165840.66,690,0.389,69876.76,Employed,Education,0,1,1,0,Good,Low,0.42134878141464216
LN102000,64,378841.89,585,0.493,57636.29,Employed,Personal,12,1,2,0,Fair,Upper-Middle,0.1521381122874242
LN102001,24,303206.03,608,0.126,94347.7,Contract,Vehicle,12,3,2,1,Fair,Upper-Middle,0.3111669645884021
LN102002,40,648060.29,588,0.461,137492.74,Contract,Business,13,0,0,0,Fair,High,0.21216041488979365
LN102003,43,301113.26,584,0.342,249075.32,Self-employed,Education,11,1,0,0,Fair,Upper-Middle,0.8271815063873308
LN102004,60,196572.03,685,0.552,50684.15,Employed,Home,5,0,1,0,Good,Low,0.25784009047472317
LN102005,27,261908.51,628,0.268,107848.81,Contract,Home,11,1,0,0,Fair,Lower-Middle,0.4117804725016381
LN102006,42,143230.1,806,0.236,236575.92,Employed,Education,14,0,2,0,Excellent,Low,1.651719296432803
LN102007,28,375086.99,744,0.537,51123.06,Employed,Vehicle,0,0,0,0,Very Good,Upper-Middle,0.13629654283663636
LN102008,59,414967.46,748,0.127,250645.87,Employed,Vehicle,8,0,1,0,Very Good,Upper-Middle,0.6040133122727261
LN102009,51,1166590.06,700,0.232,82695.1,Employed,Home,10,0,0,0,Good,High,0.07088616887409448
LN102010,45,213102.37,618,0.471,174661.6,Employed,Home,15,1,4,0,Fair,Lower-Middle,0.8196135969768896
LN102011,40,258913.87,695,0.28,95462.84,Employed,Home,8,1,1,1,Good,Lower-Middle,0.36870500603154244
LN102012,28,218571.96,624,0.312,148215.44,Contract,Personal,14,0,0,0,Fair,Lower-Middle,0.6781082074754694
LN102013,66,337122.04,772,0.6,313047.97,Self-employed,Personal,12,0,0,0,Very Good,Upper-Middle,0.9285894508706698
LN102014,52,370077.44,680,0.352,101652.61,Employed,Home,12,0,3,0,Good,Upper-Middle,0.27467929414989467
LN102015,36,291321.16,670,0.344,210230.68,Employed,Vehicle,1,1,0,0,Good,Lower-Middle,0.7216457603011055
LN102016,41,545259.45,660,0.241,131498.38,Self-employed,Business,8,0,1,1,Fair,High,0.24116662260507363
LN102017,56,213672.35,781,0.036,65994.25,Employed,Home,11,1,0,0,Very Good,Lower-Middle,0.30885722930458714
LN102018,56,516036.86,542,0.034,100067.87,Employed,Home,1,0,1,0,Poor,High,0.19391612839439415
LN102019,43,403411.16,788,0.448,96083.01,Self-employed,Vehicle,15,0,2,0,Very Good,Upper-Middle,0.2381763806435102
LN102020,35,298021.62,636,0.163,43939.1,Employed,Vehicle,10,0,2,0,Fair,Lower-Middle,0.1474359477678163
LN102021,53,252287.0,545,0.071,148243.36,Employed,Home,13,0,1,0,Poor,Lower-Middle,0.5875980926484519
LN102022,53,1139619.53,594,0.256,168706.7,Employed,Business,10,0,2,0,Fair,High,0.1480377402798634
LN102023,50,191411.91,526,0.438,186519.24,Employed,Personal,14,0,0,0,Poor,Low,0.9744390513631047
LN102024,24,353415.96,699,0.249,278618.59,Employed,Personal,14,0,2,0,Good,Upper-Middle,0.788358822278428
LN102025,44,198574.03,572,0.256,204492.62,Contract,Business,1,0,1,0,Poor,Low,1.0298054584479148
LN102026,51,801010.36,663,0.669,74329.89,Employed,Home,14,1,1,0,Fair,High,0.09279516684403433
LN102027,67,488596.48,735,0.14,85357.63,Employed,Business,8,0,1,0,Good,High,0.17469964171661656
LN102028,46,206580.47,600,0.093,189743.48,Contract,Business,7,2,0,0,Fair,Low,0.9184967000994818
LN102029,37,397704.68,630,0.375,141711.11,Employed,Education,3,2,2,0,Fair,Upper-Middle,0.3563224601732119
LN102030,48,345680.56,552,0.126,108732.8,Unemployed,Business,6,1,1,0,Poor,Upper-Middle,0.31454704887078405
LN102031,29,225797.56,621,0.071,62296.92,Employed,Personal,8,1,2,0,Fair,Lower-Middle,0.2758972240444051
LN102032,25,455216.35,843,0.423,77906.86,Employed,Vehicle,8,1,0,0,Excellent,High,0.17114249081782762
LN102033,54,371630.63,708,0.268,160662.6,Self-employed,Vehicle,11,0,1,0,Good,Upper-Middle,0.4323179712070558
LN102034,69,337787.42,630,0.443,30951.75,Contract,Personal,10,0,0,0,Fair,Upper-Middle,0.09163085469553603
LN102035,62,293162.37,604,0.215,24034.74,Contract,Education,11,1,0,0,Fair,Lower-Middle,0.08198439656494795
LN102036,49,380262.74,647,0.099,172634.33,Self-employed,Vehicle,9,2,1,0,Fair,Upper-Middle,0.4539869722708041
LN102037,22,340340.19,660,0.129,77767.08,Contract,Home,15,0,0,0,Fair,Upper-Middle,0.2284980801121372
LN102038,69,309910.58,619,0.506,149161.5,Employed,Home,14,0,0,0,Fair,Upper-Middle,0.48130496222491015
LN102039,43,210866.18,690,0.341,306530.52,Self-employed,Home,15,1,3,0,Good,Lower-Middle,1.4536732253602735
LN102040,35,761548.54,578,0.351,56939.4,Employed,Vehicle,11,1,0,0,Poor,High,0.07476791958658341
LN102041,64,168351.07,578,0.275,37160.44,Employed,Home,3,0,0,1,Poor,Low,0.22073183140445737
LN102042,57,379548.5,678,0.14,91911.11,Employed,Home,15,1,1,0,Good,Upper-Middle,0.24215906531049392
LN102043,57,251552.09,562,0.307,70482.21,Employed,Business,14,0,2,0,Poor,Lower-Middle,0.28018932380963324
LN102044,34,789605.52,705,0.706,108201.69,Employed,Vehicle,4,1,1,0,Good,High,0.13703259065362158
LN102045,69,182521.34,649,0.179,156053.91,Employed,Business,14,0,1,0,Fair,Low,0.8549899425458963
LN102046,43,200214.18,513,0.59,136024.04,Employed,Home,8,0,0,0,Poor,Low,0.6793926384235123
LN102047,47,175982.14,658,0.436,113357.22,Self-employed,Vehicle,11,1,0,0,Fair,Low,0.6441404792554517
LN102048,57,358413.82,524,0.565,218827.45,Employed,Personal,5,0,3,1,Poor,Upper-Middle,0.6105441190855866
LN102049,53,140978.11,702,0.662,170108.27,Employed,Business,4,0,1,0,Good,Low,1.206628958212023
LN102050,29,230578.6,631,0.167,97765.4,Self-employed,Personal,6,1,1,0,Fair,Lower-Middle,0.4240003191970113
LN102051,35,91833.88,789,0.101,166233.26,Employed,Business,3,0,2,0,Very Good,Low,1.8101517653397634
LN102052,38,342411.84,730,0.432,40279.03,Employed,Home,2,2,1,0,Good,Upper-Middle,0.11763328627888567
LN102053,67,227844.71,570,0.413,219623.99,Contract,Vehicle,6,0,1,0,Poor,Lower-Middle,0.9639196363172092
LN102054,56,132336.94,498,0.135,111598.08,Self-employed,Business,15,0,3,0,Poor,Low,0.843287444911451
LN102055,38,545044.61,593,0.498,50402.39,Employed,Education,0,1,4,1,Fair,High,0.09247388025725087
LN102056,57,146140.09,558,0.386,83903.34,Employed,Home,5,1,2,0,Poor,Low,0.5741295218854731
LN102057,57,465029.81,787,0.332,215914.31,Employed,Home,4,0,3,0,Very Good,High,0.46430208420402125
LN102058,40,204018.37,649,0.11,66786.56,Employed,Personal,3,1,2,0,Fair,Low,0.32735561998657275
LN102059,40,723895.27,720,0.55,143648.46,Employed,Home,1,1,5,0,Good,High,0.19843818015277265
LN102060,64,453064.85,629,0.692,194743.91,Employed,Education,2,0,0,0,Fair,High,0.42983672204983464
LN102061,48,172320.51,637,0.299,111761.27,Unemployed,Home,8,0,1,0,Fair,Low,0.6485662675905497
LN102062,28,181161.17,648,0.327,62708.36,Contract,Home,6,0,1,0,Fair,Low,0.34614680397570846
LN102063,56,418560.46,733,0.261,105524.52,Self-employed,Vehicle,9,0,4,0,Good,Upper-Middle,0.25211296833914987
LN102064,49,259686.34,673,0.413,44008.17,Self-employed,Home,13,1,2,0,Good,Lower-Middle,0.16946663424807018
LN102065,45,273320.23,571,0.049,80066.24,Self-employed,Personal,1,2,1,0,Poor,Lower-Middle,0.29293931151748265
LN102066,56,603963.55,772,0.273,53558.87,Employed,Home,5,0,1,0,Very Good,High,0.08867897739855327
LN102067,65,198741.22,628,0.468,106696.59,Contract,Personal,13,1,0,1,Fair,Low,0.5368619051447908
LN102068,37,315448.06,616,0.197,48203.28,Self-employed,Education,3,0,1,0,Fair,Upper-Middle,0.1528089283541639
LN102069,41,507160.62,438,0.537,116129.13,Self-employed,Vehicle,1,0,1,1,Poor,High,0.22897899683141804
LN102070,30,468153.9,698,0.667,229716.5,Employed,Personal,3,0,1,0,Good,High,0.4906858620637359
LN102071,52,274786.8,658,0.527,239286.73,Employed,Vehicle,6,1,3,1,Fair,Lower-Middle,0.8708086778549771
LN102072,40,255924.95,657,0.299,48957.0,Employed,Home,4,2,1,1,Fair,Lower-Middle,0.19129436188226273
LN102073,37,115288.07,620,0.419,71344.27,Employed,Vehicle,8,0,2,1,Fair,Low,0.6188348022479689
LN102074,55,167812.57,607,0.212,191478.93,Self-employed,Education,3,1,0,0,Fair,Low,1.141028529626833
LN102075,40,357408.74,622,0.777,173835.37,Contract,Home,9,0,0,0,Fair,Upper-Middle,0.48637694198524634
LN102076,43,278090.69,685,0.112,73743.99,Self-employed,Personal,13,0,1,0,Good,Lower-Middle,0.2651796433746128
LN102077,42,312621.24,698,0.684,80180.08,Employed,Vehicle,5,0,1,1,Good,Upper-Middle,0.2564767512277797
LN102078,33,531323.98,633,0.518,116042.03,Employed,Home,8,0,3,0,Fair,High,0.2184016426286651
LN102079,27,156140.27,721,0.149,33409.5,Employed,Home,11,0,2,0,Good,Low,0.21397106588838358
LN102080,61,263455.19,644,0.468,154770.79,Employed,Home,1,0,1,0,Fair,Lower-Middle,0.5874653294930345
LN102081,25,332810.58,612,0.326,222399.83,Employed,Vehicle,5,3,1,0,Fair,Upper-Middle,0.6682474757863767
LN102082,36,203668.67,665,0.262,85418.08,Employed,Vehicle,10,2,4,0,Fair,Low,0.4193972494640437
LN102083,53,659244.77,548,0.253,43727.97,Employed,Home,4,0,1,0,Poor,High,0.06633040107394406
LN102084,27,494479.26,667,0.262,275525.23,Employed,Education,6,0,0,0,Fair,High,0.5572028036120261
LN102085,53,351903.08,534,0.346,126863.2,Employed,Home,7,0,3,0,Poor,Upper-Middle,0.360506080253688
LN102086,56,804813.0,573,0.633,174391.73,Contract,Business,14,1,0,0,Poor,High,0.21668602520088517
LN102087,53,131550.4,499,0.061,46606.69,Unemployed,Education,1,0,1,0,Poor,Low,0.35428771026161837
LN102088,35,298727.87,637,0.119,46717.43,Contract,Personal,10,2,1,0,Fair,Lower-Middle,0.15638791921222484
LN102089,21,366965.49,771,0.092,143977.8,Employed,Vehicle,15,0,1,0,Very Good,Upper-Middle,0.39234697518832085
LN102090,64,181413.18,641,0.518,214518.84,Employed,Home,14,1,0,0,Fair,Low,1.1824876230051202
LN102091,37,353957.01,698,0.334,52798.12,Employed,Vehicle,8,2,2,0,Good,Upper-Middle,0.14916534637921142
LN102092,60,163230.3,826,0.147,102956.74,Contract,Vehicle,6,0,2,0,Excellent,Low,0.6307452721706693
LN102093,30,438600.51,680,0.28,39204.26,Self-employed,Personal,2,1,2,0,Good,High,0.08938489378409524
LN102094,28,536781.76,593,0.386,69718.51,Contract,Business,4,1,0,1,Fair,High,0.1298824125469539
LN102095,59,348474.77,603,0.143,93075.86,Employed,Vehicle,12,0,0,0,Fair,Upper-Middle,0.26709497505371765
LN102096,67,108282.51,650,0.325,151139.58,Unemployed,Home,0,0,1,0,Fair,Low,1.3957894031085907
LN102097,63,176275.13,603,0.368,27986.61,Contract,Personal,11,1,3,1,Fair,Low,0.15876663940057795
LN102098,57,409269.14,608,0.038,259495.51,Employed,Home,14,0,0,0,Fair,Upper-Middle,0.634046119382468
LN102099,33,303518.25,724,0.444,98457.35,Employed,Personal,6,1,0,0,Good,Upper-Middle,0.3243869190732353
LN102100,65,68175.21,727,0.563,255145.04,Employed,Personal,12,3,1,0,Good,Low,3.742489975461755
LN102101,53,594273.22,526,0.41,173232.33,Employed,Personal,15,0,1,0,Poor,High,0.2915028377014869
LN102102,29,323417.34,589,0.223,191421.07,Employed,Home,12,2,1,1,Fair,Upper-Middle,0.591870151427255
LN102103,27,191194.53,615,0.299,408982.74,Self-employed,Home,8,2,1,0,Fair,Low,2.1390922637797223
LN102104,63,518535.27,695,0.182,66183.48,Employed,Education,9,1,6,0,Good,High,0.12763544512603742
LN102105,34,206672.51,736,0.395,120123.28,Contract,Vehicle,3,1,1,0,Good,Low,0.5812252437443179
LN102106,58,205435.85,850,0.518,57772.91,Employed,Business,2,0,2,0,Excellent,Low,0.28122116952810333
LN102107,27,365357.54,615,0.193,102929.51,Contract,Vehicle,12,0,1,0,Fair,Upper-Middle,0.28172269279019124
LN102108,34,798994.15,619,0.334,175658.52,Employed,Vehicle,8,1,3,0,Fair,High,0.21984956961199276
LN102109,34,732713.98,694,0.285,228891.7,Contract,Home,14,2,0,0,Good,High,0.3123888805833895
LN102110,34,365630.7,599,0.402,85799.37,Employed,Education,11,0,2,0,Fair,Upper-Middle,0.2346612852804756
LN102111,54,386872.27,639,0.452,50268.03,Employed,Vehicle,4,0,1,0,Fair,Upper-Middle,0.12993443546625866
LN102112,65,463639.3,619,0.305,115368.26,Contract,Vehicle,15,0,0,0,Fair,High,0.2488319260252528
LN102113,65,150271.17,453,0.145,63216.87,Employed,Vehicle,0,1,1,1,Poor,Low,0.42068528514152115
LN102114,57,427546.93,659,0.202,75554.79,Contract,Personal,1,0,2,0,Fair,Upper-Middle,0.17671695128298545
LN102115,30,200345.24,636,0.302,170222.54,Employed,Personal,9,1,0,0,Fair,Low,0.849646041004019
LN102116,68,357432.1,745,0.415,150827.93,Employed,Home,9,0,1,1,Very Good,Upper-Middle,0.42197645370966963
LN102117,47,264720.69,650,0.593,189182.45,Self-employed,Vehicle,11,1,1,0,Fair,Lower-Middle,0.71464927807494
LN102118,47,395221.77,556,0.676,88348.41,Employed,Personal,10,0,0,0,Poor,Upper-Middle,0.22354135502201714
LN102119,55,320133.91,631,0.117,211942.14,Self-employed,Personal,4,0,0,0,Fair,Upper-Middle,0.6620421435517406
LN102120,58,60000.0,493,0.519,111030.73,Employed,Vehicle,2,0,0,0,Poor,Low,1.8505121666666666
LN102121,67,331018.05,559,0.307,91448.81,Self-employed,Vehicle,15,0,0,0,Poor,Upper-Middle,0.27626532752519084
LN102122,49,427077.97,698,0.737,53853.03,Self-employed,Personal,5,0,3,0,Good,Upper-Middle,0.12609648303798016
LN102123,50,383386.29,631,0.26,28276.26,Employed,Education,2,0,0,0,Fair,Upper-Middle,0.07375396757145385
LN102124,57,283541.98,719,0.04,39802.41,Employed,Vehicle,1,1,1,0,Good,Lower-Middle,0.14037572143638133
LN102125,33,740237.74,502,0.287,126536.5,Self-employed,Home,12,0,3,0,Poor,High,0.17094035221711337
LN102126,36,356038.08,632,0.416,60982.83,Employed,Personal,13,1,0,0,Fair,Upper-Middle,0.17128176289457578
LN102127,51,381649.55,614,0.329,37752.78,Self-employed,Vehicle,14,1,0,0,Fair,Upper-Middle,0.09892001706801436
LN102128,24,532856.96,722,0.463,83754.21,Unemployed,Education,13,1,1,0,Good,High,0.15717953651201255
LN102129,36,366210.62,700,0.058,131938.7,Employed,Personal,2,1,1,0,Good,Upper-Middle,0.36028092249208943
LN102130,56,183070.75,698,0.185,144066.57,Employed,Education,0,1,0,0,Good,Low,0.7869447740832438
LN102131,68,78468.47,766,0.253,107955.03,Contract,Vehicle,8,2,4,0,Very Good,Low,1.3757759008172328
LN102132,46,230757.18,622,0.211,105733.37,Contract,Home,8,0,2,0,Fair,Lower-Middle,0.45820186396800305
LN102133,40,455913.23,750,0.159,77518.31,Employed,Personal,0,0,2,0,Very Good,High,0.17002864777580592
LN102134,42,247047.22,572,0.135,166088.22,Contract,Business,14,0,3,0,Poor,Lower-Middle,0.6722934182380195
LN102135,54,466114.16,569,0.501,98057.19,Employed,Business,10,0,2,0,Poor,High,0.21037161797444645
LN102136,47,325571.78,706,0.364,104675.42,Self-employed,Personal,10,1,1,0,Good,Upper-Middle,0.32151257089911167
LN102137,22,609243.98,537,0.069,215957.1,Employed,Personal,8,0,0,0,Poor,High,0.354467351487002
LN102138,47,255038.19,693,0.311,184051.47,Employed,Business,15,0,1,0,Good,Lower-Middle,0.721662391032496
LN102139,40,387986.53,658,0.218,97545.4,Employed,Vehicle,12,0,2,0,Fair,Upper-Middle,0.25141439832975643
LN102140,55,396239.67,730,0.363,88933.92,Employed,Business,9,0,0,0,Good,Upper-Middle,0.22444476596702193
LN102141,63,685167.62,646,0.738,88485.23,Employed,Vehicle,8,1,1,1,Fair,High,0.12914391663750835
LN102142,68,117346.6,654,0.142,29566.95,Employed,Education,13,3,3,0,Fair,Low,0.25196256218757085
LN102143,50,233144.38,688,0.201,224407.37,Unemployed,Home,5,0,2,0,Good,Lower-Middle,0.9625253244362999
LN102144,38,478409.15,600,0.195,70481.88,Employed,Education,13,0,4,0,Fair,High,0.14732552669613447
LN102145,42,702064.68,597,0.205,191709.61,Self-employed,Vehicle,2,0,3,0,Fair,High,0.2730654531716365
LN102146,29,342345.96,686,0.09,113014.12,Employed,Vehicle,0,3,4,0,Good,Upper-Middle,0.33011670416674405
LN102147,66,255390.87,648,0.343,271799.31,Unemployed,Education,0,0,1,0,Fair,Lower-Middle,1.0642483421588251
LN102148,62,454954.57,619,0.192,155189.29,Employed,Business,5,0,1,0,Fair,High,0.34110942110110026
LN102149,62,483750.34,644,0.281,199011.06,Employed,Personal,8,0,0,1,Fair,High,0.4113920829492337
LN102150,37,246156.76,770,0.199,74860.76,Self-employed,Vehicle,14,1,1,0,Very Good,Lower-Middle,0.30411823750036354
LN102151,36,359765.16,617,0.729,47701.57,Employed,Personal,14,0,0,0,Fair,Upper-Middle,0.13259085454522612
LN102152,62,574254.38,615,0.375,121070.41,Employed,Education,0,3,0,1,Fair,High,0.21083062527098184
LN102153,47,848555.02,522,0.365,31636.46,Employed,Vehicle,12,1,0,0,Poor,High,0.03728274449428158
LN102154,55,451337.41,647,0.443,81150.95,Employed,Business,3,0,1,1,Fair,High,0.17980107166388
LN102155,45,307372.04,699,0.333,50772.2,Employed,Home,6,0,0,0,Good,Upper-Middle,0.1651815825538328
LN102156,42,291208.97,713,0.768,63732.96,Self-employed,Personal,13,0,1,0,Good,Lower-Middle,0.21885644525304287
LN102157,51,407626.2,658,0.366,162013.67,Employed,Home,15,0,0,0,Fair,Upper-Middle,0.397456468696075
LN102158,60,281508.43,722,0.193,155237.87,Employed,Business,12,3,0,0,Good,Lower-Middle,0.5514501643876171
LN102159,37,332980.77,705,0.241,99008.56,Employed,Personal,2,1,0,0,Good,Upper-Middle,0.2973401737283507
LN102160,60,167662.08,733,0.554,135434.2,Employed,Education,0,0,2,0,Good,Low,0.8077807456522073
LN102161,32,612264.23,724,0.152,77403.53,Employed,Home,15,3,1,0,Good,High,0.1264217738148773
LN102162,40,160241.31,768,0.039,532621.04,Employed,Home,3,1,2,0,Very Good,Low,3.323868483102142
LN102163,65,236540.87,637,0.192,133757.0,Employed,Home,3,1,1,0,Fair,Lower-Middle,0.5654709902774941
LN102164,67,316542.9,550,0.538,74946.24,Unemployed,Personal,8,0,0,0,Poor,Upper-Middle,0.23676487452411663
LN102165,66,896793.17,700,0.434,194312.69,Employed,Personal,2,1,1,0,Good,High,0.216675033330149
LN102166,36,237770.72,709,0.438,246312.57,Employed,Home,10,1,3,0,Good,Lower-Middle,1.0359247345509994
LN102167,62,207986.63,768,0.104,66502.4,Employed,Vehicle,13,2,0,0,Very Good,Low,0.3197436296746574
LN102168,66,221590.96,746,0.094,43746.7,Employed,Vehicle,5,0,3,0,Very Good,Lower-Middle,0.19742095977200513
LN102169,68,747082.72,796,0.156,49758.7,Employed,Personal,7,1,0,0,Very Good,High,0.06660400336926545
LN102170,22,63879.06,696,0.4,71165.56,Contract,Vehicle,14,0,1,0,Good,Low,1.114067113698918
LN102171,57,172824.49,667,0.39,106187.43,Self-employed,Personal,14,0,1,0,Fair,Low,0.6144235113900813
LN102172,69,1347479.74,546,0.066,38150.77,Employed,Personal,1,0,0,0,Poor,High,0.02831268542857646
LN102173,58,415203.02,673,0.36,83815.66,Employed,Vehicle,11,0,1,0,Good,Upper-Middle,0.2018666916247382
LN102174,32,163283.96,609,0.498,96093.44,Contract,Vehicle,0,0,0,0,Fair,Low,0.5885050803520444
LN102175,58,293162.65,666,0.715,135861.95,Employed,Education,2,0,0,0,Fair,Lower-Middle,0.46343540010980255
LN102176,26,311339.04,654,0.25,163716.92,Contract,Business,10,1,1,0,Fair,Upper-Middle,0.5258477060891561
LN102177,44,477780.47,685,0.12,142805.51,Employed,Home,1,0,2,1,Good,High,0.2988935692578644
LN102178,51,825103.29,643,0.23,352620.71,Employed,Vehicle,2,2,0,0,Fair,High,0.4273655362591028
LN102179,43,371476.61,720,0.291,224003.25,Employed,Education,7,0,1,0,Good,Upper-Middle,0.6030076833101282
LN102180,55,222939.16,446,0.706,127072.23,Self-employed,Vehicle,6,0,3,1,Poor,Lower-Middle,0.5699861343336899
LN102181,32,462514.97,664,0.128,58537.26,Contract,Vehicle,8,2,0,0,Fair,High,0.12656295211374458
LN102182,50,204331.46,740,0.579,70909.68,Self-employed,Vehicle,14,0,0,0,Very Good,Low,0.34703261064155266
LN102183,52,169940.24,790,0.264,43460.3,Employed,Home,6,2,1,0,Very Good,Low,0.2557387232123481
LN102184,52,113958.3,705,0.366,121529.19,Self-employed,Personal,4,2,2,0,Good,Low,1.0664356172389373
LN102185,35,126844.49,776,0.288,136437.38,Contract,Business,3,1,3,0,Very Good,Low,1.0756271715074104
LN102186,35,183229.17,663,0.917,196541.52,Employed,Business,14,1,1,1,Fair,Low,1.072654097598106
LN102187,33,156961.12,650,0.304,130874.29,Employed,Education,3,2,2,0,Fair,Low,0.8338006889859093
LN102188,43,356403.16,690,0.081,218235.13,Employed,Vehicle,0,0,3,0,Good,Upper-Middle,0.6123265854320709
LN102189,49,155106.42,650,0.353,221164.05,Self-employed,Vehicle,8,0,1,0,Fair,Low,1.4258858530807428
LN102190,38,60000.0,591,0.276,56385.83,Employed,Vehicle,11,0,1,0,Fair,Low,0.9397638333333334
LN102191,41,168954.76,611,0.214,78550.3,Employed,Education,0,0,0,0,Fair,Low,0.4649191298309678
LN102192,35,231425.88,567,0.2,109213.57,Employed,Home,10,1,1,0,Poor,Lower-Middle,0.4719159758623366
LN102193,31,215031.66,690,0.389,69514.25,Contract,Vehicle,7,0,1,0,Good,Lower-Middle,0.32327448897525135
LN102194,53,691955.09,651,0.603,93908.44,Employed,Home,12,1,1,0,Fair,High,0.1357146458739107
LN102195,60,214076.64,623,0.156,133793.62,Employed,Home,0,2,2,0,Fair,Lower-Middle,0.6249800071600525
LN102196,35,487012.79,607,0.175,101542.84,Contract,Personal,14,1,0,0,Fair,High,0.20850138247909258
LN102197,63,296884.16,688,0.429,110022.12,Employed,Business,13,0,3,0,Good,Lower-Middle,0.3705893908250275
LN102198,48,293100.3,709,0.464,59606.53,Employed,Personal,10,0,3,0,Good,Lower-Middle,0.20336563968034152
LN102199,29,189487.55,565,0.525,152882.21,Employed,Vehicle,9,0,4,1,Poor,Low,0.8068192870718947
LN102200,38,290455.98,553,0.166,145780.27,Self-employed,Vehicle,11,3,0,0,Poor,Lower-Middle,0.5019014240987567
LN102201,21,196955.85,722,0.402,67010.89,Self-employed,Personal,2,0,0,0,Good,Low,0.3402330522297256
LN102202,22,329407.59,547,0.382,47459.78,Contract,Business,14,0,1,0,Poor,Upper-Middle,0.14407615805088156
LN102203,37,263445.15,691,0.286,244726.05,Employed,Personal,12,0,2,0,Good,Lower-Middle,0.928944981526515
LN102204,43,178437.27,771,0.542,342679.07,Employed,Home,12,1,2,0,Very Good,Low,1.9204455997337329
LN102205,60,517662.95,771,0.329,128129.52,Employed,Personal,7,0,0,0,Very Good,High,0.24751533792402952
LN102206,27,379382.43,705,0.125,86954.51,Employed,Home,2,1,2,0,Good,Upper-Middle,0.2292001503601524
LN102207,62,234474.77,703,0.617,217144.08,Self-employed,Vehicle,8,2,1,0,Good,Lower-Middle,0.926087186267418
LN102208,32,324993.0,819,0.102,149337.36,Unemployed,Business,8,4,2,0,Excellent,Upper-Middle,0.4595094663577369
LN102209,27,286483.26,475,0.308,95920.6,Employed,Business,4,0,0,0,Poor,Lower-Middle,0.33482095952133467
LN102210,55,186160.18,615,0.537,206382.0,Self-employed,Vehicle,14,1,1,0,Fair,Low,1.1086259155959133
LN102211,58,311860.32,714,0.249,64989.05,Employed,Personal,6,1,1,0,Good,Upper-Middle,0.20839153246556022
LN102212,50,213199.0,625,0.143,70207.64,Employed,Vehicle,15,0,2,0,Fair,Lower-Middle,0.32930567216544165
LN102213,26,178407.25,743,0.242,139329.41,Self-employed,Home,14,1,5,1,Very Good,Low,0.7809627131184411
LN102214,26,122886.41,647,0.534,118479.18,Self-employed,Business,1,0,1,0,Fair,Low,0.9641357412914902
LN102215,40,246299.54,660,0.156,166452.79,Unemployed,Personal,2,1,0,1,Fair,Lower-Middle,0.6758144574691451
LN102216,43,409778.32,629,0.421,238923.99,Unemployed,Vehicle,6,2,1,0,Fair,Upper-Middle,0.5830566878208686
LN102217,69,204735.69,611,0.44,40100.49,Employed,Personal,9,1,1,0,Fair,Low,0.19586467801485904
LN102218,35,1200114.51,609,0.239,112820.61,Contract,Home,1,1,0,0,Fair,High,0.0940082042671078
LN102219,30,488290.05,670,0.271,378487.34,Self-employed,Education,3,0,0,0,Good,High,0.7751281026512828
LN102220,67,614718.26,592,0.579,74643.28,Employed,Business,13,1,5,0,Fair,High,0.12142681429375467
LN102221,28,464595.03,721,0.616,69123.47,Employed,Personal,7,1,2,0,Good,High,0.148782198552576
LN102222,22,831189.84,699,0.365,25631.92,Unemployed,Education,8,2,0,0,Good,High,0.030837624290499025
LN102223,41,194597.12,732,0.497,117520.97,Unemployed,Vehicle,8,0,0,0,Good,Low,0.6039193694130726
LN102224,40,73359.86,565,0.269,160432.91,Employed,Personal,15,1,1,0,Poor,Low,2.1869304276207724
LN102225,51,234724.71,523,0.025,160218.84,Employed,Business,1,2,0,1,Poor,Lower-Middle,0.6825819062679852
LN102226,64,407810.53,650,0.048,56058.57,Employed,Home,8,1,1,0,Fair,Upper-Middle,0.13746229161861023
LN102227,66,326071.54,850,0.62,109378.73,Employed,Home,1,3,1,0,Excellent,Upper-Middle,0.3354439642294449
LN102228,35,349076.96,745,0.329,127037.89,Contract,Vehicle,0,1,1,0,Very Good,Upper-Middle,0.36392516423885435
LN102229,69,620349.47,608,0.658,113789.51,Employed,Education,7,1,1,1,Fair,High,0.18342807643569034
LN102230,52,370152.15,682,0.719,53993.16,Employed,Vehicle,14,1,3,0,Good,Upper-Middle,0.14586747638775027
LN102231,24,465533.74,705,0.35,115668.72,Employed,Personal,6,1,2,0,Good,High,0.24846474070816008
LN102232,66,178935.06,547,0.15,64781.06,Self-employed,Vehicle,11,0,0,0,Poor,Low,0.36203670761895407
LN102233,27,164237.89,753,0.072,32581.36,Self-employed,Business,14,1,2,0,Very Good,Low,0.19837907074914318
LN102234,49,728906.26,637,0.411,171285.13,Contract,Vehicle,0,1,0,0,Fair,High,0.23498924264966528
LN102235,59,317119.39,643,0.236,120482.4,Employed,Personal,11,0,2,0,Fair,Upper-Middle,0.3799275723884307
LN102236,33,212939.15,652,0.246,161614.24,Employed,Business,14,1,3,0,Fair,Lower-Middle,0.7589691233387567
LN102237,34,213154.13,736,0.199,77717.84,Employed,Education,14,0,2,0,Good,Lower-Middle,0.36460865196466047
LN102238,44,209928.03,593,0.487,165295.15,Contract,Home,11,2,0,0,Fair,Lower-Middle,0.787389611573071
LN102239,64,203131.8,522,0.327,213762.09,Contract,Business,14,0,0,1,Poor,Low,1.0523319834708302
LN102240,31,148124.21,674,0.169,343976.44,Employed,Vehicle,9,2,0,0,Good,Low,2.3222161994990556
LN102241,53,131440.1,497,0.21,186696.86,Employed,Education,0,1,1,0,Poor,Low,1.42039499361306
LN102242,43,269489.67,627,0.287,141258.8,Self-employed,Home,15,0,2,0,Fair,Lower-Middle,0.5241714830850474
LN102243,26,216517.9,739,0.298,44860.42,Self-employed,Vehicle,14,0,1,0,Good,Lower-Middle,0.20719035239118797
LN102244,55,551543.15,693,0.509,102641.15,Self-employed,Education,3,1,1,0,Good,High,0.1860981321225728
LN102245,61,352473.22,728,0.246,43630.24,Employed,Personal,15,1,2,0,Good,Upper-Middle,0.12378313450309786
LN102246,49,347132.72,697,0.142,64599.78,Unemployed,Business,10,0,0,0,Good,Upper-Middle,0.186095335524695
LN102247,29,199350.83,831,0.126,392002.52,Employed,Education,7,1,2,0,Excellent,Low,1.9663952239376181
LN102248,28,280680.45,606,0.119,56571.68,Self-employed,Vehicle,13,0,4,0,Fair,Lower-Middle,0.20155190715990373
LN102249,41,365890.12,680,0.389,23993.79,Employed,Education,10,1,2,0,Good,Upper-Middle,0.06557649055951552
LN102250,45,444829.09,617,0.798,186613.27,Employed,Home,12,2,2,1,Fair,High,0.419516785649068
LN102251,48,284901.06,722,0.4,71021.79,Employed,Home,5,1,0,0,Good,Lower-Middle,0.24928580469303974
LN102252,32,543103.85,645,0.45,181215.19,Employed,Vehicle,6,0,2,0,Fair,High,0.333665817320205
LN102253,45,301321.14,779,0.291,51413.25,Contract,Home,1,2,1,0,Very Good,Upper-Middle,0.17062609679493446
LN102254,35,463983.22,610,0.178,83399.01,Self-employed,Home,14,0,0,0,Fair,High,0.17974574597762394
LN102255,54,229147.01,756,0.147,239320.42,Unemployed,Home,4,1,1,0,Very Good,Lower-Middle,1.0443968699395205
LN102256,60,110703.88,694,0.247,46579.81,Self-employed,Home,2,1,0,0,Good,Low,0.4207604105655556
LN102257,52,347713.87,648,0.583,98539.5,Employed,Personal,1,1,2,0,Fair,Upper-Middle,0.28339249164837743
LN102258,21,447068.0,691,0.284,132930.74,Self-employed,Vehicle,6,3,0,0,Good,High,0.29733897304213225
LN102259,69,411670.6,670,0.374,68922.15,Self-employed,Business,7,0,0,0,Good,Upper-Middle,0.16742062707417046
LN102260,22,378412.6,677,0.378,128735.64,Contract,Business,13,0,1,0,Good,Upper-Middle,0.34019913713232597
LN102261,69,247660.69,634,0.072,111124.52,Employed,Business,10,1,0,0,Fair,Lower-Middle,0.44869664216795974
LN102262,22,192495.36,597,0.201,155700.33,Employed,Home,12,1,2,0,Fair,Low,0.8088523796106046
LN102263,46,406357.38,625,0.248,364274.34,Self-employed,Vehicle,0,2,2,0,Fair,Upper-Middle,0.8964383518763706
LN102264,26,379300.42,524,0.363,626010.72,Self-employed,Education,0,1,0,0,Poor,Upper-Middle,1.6504350825659513
LN102265,25,220365.6,713,0.249,148657.39,Employed,Vehicle,3,2,0,0,Good,Lower-Middle,0.6745943559248813
LN102266,54,552230.64,557,0.562,102383.35,Employed,Home,6,0,3,0,Poor,High,0.18539961853619713
LN102267,56,184602.79,634,0.238,146507.64,Employed,Vehicle,1,1,1,1,Fair,Low,0.7936371925906429
LN102268,26,217640.5,699,0.157,94587.27,Contract,Personal,13,1,1,0,Good,Lower-Middle,0.4346032562873179
LN102269,68,737905.92,713,0.401,39200.2,Employed,Personal,15,0,1,0,Good,High,0.05312357434400309
LN102270,36,483718.22,517,0.401,106718.72,Self-employed,Vehicle,7,0,2,0,Poor,High,0.22062166688697402
LN102271,36,246380.57,643,0.617,222261.91,Employed,Vehicle,12,0,1,1,Fair,Lower-Middle,0.9021081086061291
LN102272,35,351370.73,684,0.598,42452.88,Employed,Education,3,2,2,0,Good,Upper-Middle,0.12082076386954599
LN102273,43,326659.46,654,0.091,58003.13,Employed,Personal,0,0,1,0,Fair,Upper-Middle,0.1775645193315387
LN102274,29,66267.19,751,0.408,75355.1,Employed,Personal,14,1,1,0,Very Good,Low,1.1371404159433953
LN102275,41,182221.29,588,0.561,140120.65,Employed,Personal,13,1,2,1,Fair,Low,0.7689587204656492
LN102276,31,291726.53,496,0.203,515702.42,Self-employed,Education,12,1,1,1,Poor,Lower-Middle,1.767759757742979
LN102277,23,246570.06,711,0.601,65002.44,Employed,Vehicle,13,1,1,0,Good,Lower-Middle,0.26362665442836003
LN102278,39,343672.4,610,0.266,116719.1,Employed,Vehicle,11,1,0,1,Fair,Upper-Middle,0.3396231411076362
LN102279,53,558356.56,518,0.141,110413.95,Self-employed,Home,12,1,0,0,Poor,High,0.1977481020371642
LN102280,58,251372.98,638,0.282,90438.54,Employed,Vehicle,15,0,0,0,Fair,Lower-Middle,0.3597782864331719
LN102281,38,167682.5,742,0.247,106641.59,Employed,Business,14,0,4,0,Very Good,Low,0.6359732828410836
LN102282,36,358687.27,555,0.269,81320.75,Contract,Personal,14,1,2,0,Poor,Upper-Middle,0.22671769198834404
LN102283,59,250670.58,825,0.511,654201.74,Employed,Education,7,1,2,0,Excellent,Lower-Middle,2.60980662349766
LN102284,54,275323.71,587,0.093,179068.65,Employed,Vehicle,13,2,1,0,Fair,Lower-Middle,0.6503931317793152
LN102285,61,255521.6,657,0.387,81776.24,Employed,Education,3,0,1,1,Fair,Lower-Middle,0.32003650572006437
LN102286,65,1029463.7,559,0.175,237414.75,Employed,Home,5,0,1,0,Poor,High,0.23061983632837177
LN102287,61,87478.68,653,0.098,129973.45,Employed,Vehicle,13,3,1,0,Fair,Low,1.4857728763168352
LN102288,66,242305.38,640,0.296,114222.26,Contract,Education,5,1,0,0,Fair,Lower-Middle,0.4713979524515716
LN102289,41,299391.93,538,0.473,97726.26,Employed,Home,13,1,2,0,Poor,Lower-Middle,0.32641581220976795
LN102290,40,195225.27,850,0.114,93499.72,Self-employed,Vehicle,7,0,1,0,Excellent,Low,0.47893246606855766
LN102291,36,492102.33,613,0.417,49774.33,Self-employed,Home,4,0,1,0,Fair,High,0.10114630020142355
LN102292,32,469221.15,613,0.135,37062.29,Employed,Home,6,0,1,0,Fair,High,0.07898682742668356
LN102293,57,292223.07,723,0.377,139974.64,Employed,Vehicle,9,3,0,0,Good,Lower-Middle,0.4789992795572232
LN102294,56,258504.19,786,0.362,97088.88,Employed,Personal,1,0,0,0,Very Good,Lower-Middle,0.3755795215543702
LN102295,60,282084.37,734,0.269,194573.7,Employed,Vehicle,8,0,1,0,Good,Lower-Middle,0.6897712907666597
LN102296,29,283199.0,560,0.357,61685.19,Contract,Home,1,1,1,0,Poor,Lower-Middle,0.2178157055639321
LN102297,45,287343.2,666,0.061,53883.11,Employed,Vehicle,7,0,0,0,Fair,Lower-Middle,0.18752178579482653
LN102298,31,270529.99,509,0.074,182180.28,Employed,Vehicle,5,0,2,0,Poor,Lower-Middle,0.6734199043884193
LN102299,64,344684.53,718,0.098,90786.48,Employed,Personal,9,1,0,0,Good,Upper-Middle,0.26339006279161986
LN102300,34,453978.17,527,0.239,191848.76,Self-employed,Personal,13,0,2,0,Poor,High,0.42259468114953636
LN102301,28,152496.16,590,0.568,112418.7,Employed,Personal,1,3,1,0,Fair,Low,0.7371903659738055
LN102302,48,168328.48,650,0.327,372735.94,Employed,Personal,1,1,2,0,Fair,Low,2.2143367539468066
LN102303,64,114674.49,683,0.447,179776.1,Employed,Personal,7,0,1,0,Good,Low,1.5677078659778647
LN102304,65,483137.38,630,0.232,143569.09,Contract,Vehicle,12,2,3,0,Fair,High,0.29715997135224764
LN102305,25,344281.72,764,0.071,185014.18,Employed,Personal,4,0,1,0,Very Good,Upper-Middle,0.5373918196992858
LN102306,36,396105.11,704,0.247,92120.43,Employed,Vehicle,12,0,0,0,Good,Upper-Middle,0.2325656187571021
LN102307,28,136668.52,698,0.317,37810.47,Self-employed,Vehicle,0,1,1,0,Good,Low,0.2766582238543302
LN102308,36,800714.09,558,0.42,139084.77,Contract,Personal,4,0,1,0,Poor,High,0.17370091489210587
LN102309,47,214629.76,777,0.27,388585.55,Employed,Personal,8,0,0,0,Very Good,Lower-Middle,1.8104924032902052
LN102310,34,329078.28,590,0.188,24821.07,Unemployed,Vehicle,10,3,0,0,Fair,Upper-Middle,0.07542603541017656
LN102311,24,479955.81,780,0.095,149220.43,Employed,Business,5,1,2,0,Very Good,High,0.31090451848056594
LN102312,45,174328.88,802,0.382,40552.89,Contract,Education,14,1,3,0,Excellent,Low,0.2326229021835051
LN102313,23,222139.17,688,0.184,108346.28,Contract,Education,6,1,0,0,Good,Lower-Middle,0.48774054571285197
LN102314,32,331069.05,727,0.19,115830.62,Employed,Education,10,3,1,0,Good,Upper-Middle,0.34986846399565286
LN102315,21,1444318.22,419,0.322,178740.54,Employed,Personal,1,0,0,0,Poor,High,0.12375426517848678
LN102316,25,354036.88,635,0.44,126101.39,Employed,Business,14,0,0,0,Fair,Upper-Middle,0.356181508547923
LN102317,42,725804.8,733,0.226,268611.87,Employed,Personal,8,0,0,0,Good,High,0.37008830748983745
LN102318,62,582251.63,719,0.099,234778.05,Employed,Vehicle,7,0,1,0,Good,High,0.4032243756878791
LN102319,58,367303.32,559,0.185,96799.54,Contract,Education,4,3,0,0,Poor,Upper-Middle,0.26354115176524945
LN102320,25,174116.53,628,0.287,224042.49,Employed,Vehicle,9,0,2,0,Fair,Low,1.2867387720166488
LN102321,22,537348.55,460,0.276,89763.0,Employed,Personal,0,1,1,0,Poor,High,0.1670479989198817
LN102322,37,131607.21,681,0.178,80264.14,Employed,Business,7,0,1,0,Good,Low,0.6098764649748293
LN102323,52,723618.12,509,0.12,50281.2,Employed,Business,12,0,1,0,Poor,High,0.06948582216266226
LN102324,57,334884.4,735,0.324,258076.72,Employed,Education,12,0,0,0,Good,Upper-Middle,0.7706441984159309
LN102325,61,69836.69,739,0.238,90510.33,Unemployed,Vehicle,10,1,2,0,Good,Low,1.296028348422584
LN102326,37,248763.87,614,0.477,22794.12,Employed,Vehicle,5,3,0,0,Fair,Lower-Middle,0.09162954411345989
LN102327,29,429857.51,689,0.068,156463.58,Employed,Vehicle,8,1,3,0,Good,Upper-Middle,0.3639894066291874
LN102328,22,263332.99,634,0.234,82960.9,Employed,Business,2,0,3,0,Fair,Lower-Middle,0.3150418031557687
LN102329,28,444538.06,668,0.316,90593.4,Employed,Home,9,0,0,0,Fair,High,0.20379222422485038
LN102330,24,187967.52,564,0.258,94478.25,Employed,Personal,3,1,1,1,Poor,Low,0.5026307204563852
LN102331,63,146275.55,697,0.35,88386.68,Employed,Vehicle,5,2,1,0,Good,Low,0.604247804913398
LN102332,34,288440.12,527,0.201,647765.98,Employed,Personal,11,0,0,1,Poor,Lower-Middle,2.2457554795081904
LN102333,61,305253.81,513,0.191,324160.6,Employed,Business,1,2,1,0,Poor,Upper-Middle,1.061937932895907
LN102334,48,247688.3,641,0.504,173285.79,Employed,Education,5,0,3,1,Fair,Lower-Middle,0.6996123353424446
LN102335,47,589215.86,634,0.321,128681.65,Contract,Personal,5,0,1,0,Fair,High,0.2183947492519974
LN102336,43,187948.58,670,0.43,229103.8,Self-employed,Home,15,0,2,1,Good,Low,1.2189706354791294
LN102337,61,356389.26,601,0.49,128877.12,Employed,Home,12,0,3,1,Fair,Upper-Middle,0.36161897808031584
LN102338,23,311427.31,791,0.273,186941.08,Employed,Education,5,0,4,0,Very Good,Upper-Middle,0.6002719543125489
LN102339,25,127432.74,662,0.356,158115.31,Employed,Vehicle,9,1,3,0,Fair,Low,1.2407746235386603
LN102340,41,145229.59,667,0.227,119570.31,Employed,Personal,3,0,1,0,Fair,Low,0.8233192009975377
LN102341,40,301971.77,665,0.514,202691.16,Employed,Vehicle,12,0,0,0,Fair,Upper-Middle,0.671225525485379
LN102342,47,891978.9,725,0.023,83710.71,Self-employed,Home,5,0,1,0,Good,High,0.09384830739830281
LN102343,57,412559.68,693,0.13,114259.82,Employed,Personal,14,1,1,1,Good,Upper-Middle,0.27695343374321024
LN102344,49,116126.87,683,0.379,58197.72,Employed,Business,14,1,3,0,Good,Low,0.5011563645864218
LN102345,33,60000.0,705,0.433,62733.68,Employed,Business,3,0,0,0,Good,Low,1.0455613333333333
LN102346,37,448972.64,513,0.364,21253.73,Employed,Home,6,1,0,1,Poor,High,0.04733858615527218
LN102347,57,284537.5,516,0.3,148005.49,Employed,Vehicle,14,1,2,0,Poor,Lower-Middle,0.5201616307165136
LN102348,30,561987.02,644,0.301,176967.89,Self-employed,Vehicle,1,0,3,0,Fair,High,0.3148967568681569
LN102349,45,184820.97,635,0.396,222739.54,Employed,Business,10,0,2,0,Fair,Low,1.2051637863387472
LN102350,47,363725.46,693,0.307,53726.32,Self-employed,Education,8,0,0,0,Good,Upper-Middle,0.14771118854313908
LN102351,57,477793.14,652,0.433,146411.5,Unemployed,Business,8,0,2,0,Fair,High,0.3064328215344406
LN102352,56,234552.04,694,0.409,109949.18,Employed,Business,9,0,1,0,Good,Lower-Middle,0.4687624119577045
LN102353,43,237326.16,557,0.396,177666.54,Employed,Vehicle,8,0,0,0,Poor,Lower-Middle,0.7486175986667463
LN102354,36,304197.46,649,0.438,72028.16,Employed,Vehicle,5,1,2,0,Fair,Upper-Middle,0.23678093827607896
LN102355,39,404339.34,549,0.243,88401.48,Self-employed,Vehicle,7,0,2,0,Poor,Upper-Middle,0.21863190457797155
LN102356,41,297644.19,679,0.296,40073.11,Contract,Education,15,0,1,1,Good,Lower-Middle,0.1346342759117858
LN102357,31,512592.13,509,0.3,69025.93,Contract,Business,1,0,2,0,Poor,High,0.13466053409754847
LN102358,51,232692.57,676,0.393,110221.75,Employed,Home,2,0,0,0,Good,Lower-Middle,0.4736797139676613
LN102359,31,144483.47,540,0.07,123181.9,Self-employed,Personal,0,1,3,0,Poor,Low,0.8525674251871165
LN102360,52,889908.75,621,0.323,36769.05,Employed,Vehicle,10,2,0,0,Fair,High,0.041317775558449114
LN102361,57,215128.15,717,0.479,78888.65,Self-employed,Personal,5,0,0,0,Good,Lower-Middle,0.3667053800258125
LN102362,68,219453.27,667,0.416,122081.09,Contract,Home,0,0,0,0,Fair,Lower-Middle,0.5562965181607912
LN102363,26,289336.58,527,0.404,274707.96,Self-employed,Education,3,2,1,0,Poor,Lower-Middle,0.9494408207907897
LN102364,58,311292.22,600,0.345,63511.57,Employed,Personal,4,2,1,0,Fair,Upper-Middle,0.20402556157683607
LN102365,25,242525.41,537,0.394,151263.29,Employed,Vehicle,1,1,0,0,Poor,Lower-Middle,0.6237007907748718
LN102366,37,297137.15,523,0.142,76360.31,Contract,Business,12,0,1,0,Poor,Lower-Middle,0.2569867483752873
LN102367,29,293510.45,659,0.555,82329.19,Employed,Personal,0,2,0,0,Fair,Lower-Middle,0.28049832637986144
LN102368,28,330277.47,692,0.044,62181.6,Employed,Home,14,0,1,0,Good,Upper-Middle,0.1882707894062529
LN102369,29,82036.51,683,0.485,55793.61,Self-employed,Vehicle,15,0,1,1,Good,Low,0.6801070645252949
LN102370,23,844094.49,695,0.039,80790.95,Contract,Vehicle,14,0,2,0,Good,High,0.09571315884315273
LN102371,61,276655.74,649,0.554,217388.83,Contract,Vehicle,3,0,1,0,Fair,Lower-Middle,0.785773792367366
LN102372,23,412866.76,629,0.376,67339.7,Employed,Home,3,0,0,0,Fair,Upper-Middle,0.16310274045796275
LN102373,40,140587.03,570,0.292,60855.44,Self-employed,Home,15,0,1,0,Poor,Low,0.43286667340507873
LN102374,55,231535.3,617,0.331,126016.57,Contract,Business,9,0,1,1,Fair,Lower-Middle,0.5442650429545733
LN102375,69,207267.19,551,0.299,110373.39,Employed,Business,8,0,1,0,Poor,Low,0.5325174235246785
LN102376,62,673259.3,587,0.023,105227.18,Employed,Home,13,2,1,0,Fair,High,0.1562951748308564
LN102377,27,217366.53,657,0.262,129745.18,Self-employed,Personal,3,1,2,0,Fair,Lower-Middle,0.5968958514450223
LN102378,69,455195.26,641,0.384,57068.65,Employed,Vehicle,6,1,1,0,Fair,High,0.12537180198229655
LN102379,53,209778.29,850,0.627,61325.39,Employed,Education,2,0,3,0,Excellent,Lower-Middle,0.2923343020862645
LN102380,29,233887.93,549,0.288,208834.74,Employed,Home,12,0,3,1,Poor,Lower-Middle,0.892883784126868
LN102381,42,262100.99,641,0.231,100045.55,Self-employed,Vehicle,3,1,1,0,Fair,Lower-Middle,0.38170611259423326
LN102382,65,607831.25,543,0.043,162092.51,Employed,Vehicle,2,2,0,0,Poor,High,0.26667353809136995
LN102383,40,106098.03,621,0.197,243741.3,Employed,Personal,5,3,3,0,Fair,Low,2.2973216373574514
LN102384,29,145498.75,624,0.284,190606.93,Employed,Education,9,0,5,0,Fair,Low,1.310024519110989
LN102385,63,102797.87,713,0.399,45155.78,Employed,Personal,3,0,0,0,Good,Low,0.43926766186886945
LN102386,67,164952.29,616,0.146,101977.9,Employed,Home,14,1,0,0,Fair,Low,0.6182266399575295
LN102387,68,191982.16,636,0.495,216376.69,Employed,Education,13,0,1,0,Fair,Low,1.1270666503595959
LN102388,67,123447.72,618,0.342,154510.95,Employed,Home,14,0,3,0,Fair,Low,1.2516306498005796
LN102389,63,200337.05,545,0.261,123970.32,Employed,Home,5,0,0,0,Poor,Low,0.6188087525497655
LN102390,43,99056.41,601,0.543,37893.24,Employed,Vehicle,6,0,4,0,Fair,Low,0.3825420283250725
LN102391,30,171380.92,621,0.279,73680.86,Employed,Home,8,0,1,0,Fair,Low,0.42992452135278536
LN102392,51,580571.92,656,0.494,115070.28,Employed,Personal,14,0,0,0,Fair,High,0.19820159404195778
LN102393,31,374561.46,692,0.364,43538.52,Employed,Education,8,1,2,0,Good,Upper-Middle,0.11623865413168774
LN102394,44,332583.08,632,0.315,184259.22,Employed,Personal,6,0,0,0,Fair,Upper-Middle,0.5540246364908281
LN102395,53,172820.64,631,0.259,101904.56,Employed,Home,10,0,1,0,Fair,Low,0.5896550319452584
LN102396,67,128886.96,521,0.093,30377.64,Employed,Vehicle,2,0,2,0,Poor,Low,0.2356921134612842
LN102397,35,160331.99,690,0.079,76110.27,Employed,Education,15,0,1,1,Good,Low,0.47470420594168394
LN102398,33,292954.43,598,0.279,91319.88,Employed,Home,11,1,2,0,Fair,Lower-Middle,0.3117204269619681
LN102399,57,483610.44,706,0.321,101095.18,Contract,Home,7,0,1,0,Good,High,0.2090425922153376
LN102400,21,492790.71,749,0.173,276783.09,Employed,Home,1,3,3,0,Very Good,High,0.5616645857629906
LN102401,48,424375.75,636,0.399,160209.06,Self-employed,Business,5,1,1,0,Fair,Upper-Middle,0.37751699996995586
LN102402,57,199961.77,573,0.084,45283.1,Employed,Vehicle,9,1,1,0,Poor,Low,0.22645878759724922
LN102403,47,304078.19,649,0.244,41775.08,Employed,Home,15,0,1,0,Fair,Upper-Middle,0.13738269094537822
LN102404,39,251399.7,676,0.389,92485.29,Employed,Education,7,0,1,0,Good,Lower-Middle,0.3678814652523451
LN102405,61,268574.44,626,0.344,119404.52,Employed,Business,15,1,1,0,Fair,Lower-Middle,0.4445863128300668
LN102406,39,919842.83,608,0.195,209669.04,Self-employed,Home,8,1,1,0,Fair,High,0.22794007102278552
LN102407,55,113827.3,692,0.327,338631.0,Employed,Vehicle,12,0,2,0,Good,Low,2.974954163017132
LN102408,43,263673.14,687,0.136,350803.07,Contract,Business,1,1,0,0,Good,Lower-Middle,1.3304467417500319
LN102409,22,584200.57,624,0.437,82512.75,Employed,Business,12,0,3,0,Fair,High,0.14124044760860127
LN102410,46,133960.12,526,0.384,201933.56,Self-employed,Education,3,0,2,0,Poor,Low,1.5074154905206116
LN102411,23,210549.63,684,0.259,145058.78,Employed,Home,6,0,0,0,Good,Lower-Middle,0.6889529086325158
LN102412,66,224261.17,592,0.144,54134.36,Employed,Home,5,1,3,0,Fair,Lower-Middle,0.24138980457472864
LN102413,50,265329.68,666,0.25,32244.54,Self-employed,Business,8,0,1,0,Fair,Lower-Middle,0.12152632151819578
LN102414,39,124711.87,661,0.527,120801.74,Employed,Personal,9,0,1,0,Fair,Low,0.9686466893648537
LN102415,44,416209.94,508,0.14,41621.65,Self-employed,Vehicle,5,1,2,0,Poor,Upper-Middle,0.10000157612766289
LN102416,51,432784.75,656,0.269,63245.99,Employed,Home,0,0,3,0,Fair,Upper-Middle,0.14613728880234342
LN102417,33,396782.75,689,0.02,70480.71,Self-employed,Home,9,0,0,0,Good,Upper-Middle,0.177630479147594
LN102418,35,185875.47,698,0.487,126807.32,Self-employed,Personal,6,0,0,0,Good,Low,0.6822165399232077
LN102419,41,314619.32,659,0.433,252872.18,Employed,Personal,13,0,1,0,Fair,Upper-Middle,0.8037401517491043
LN102420,33,182927.58,502,0.255,110914.94,Contract,Vehicle,11,1,2,0,Poor,Low,0.6063325169446838
LN102421,58,249848.39,746,0.414,77494.48,Self-employed,Education,5,1,0,1,Very Good,Lower-Middle,0.3101660170793976
LN102422,26,980624.72,681,0.451,28673.6,Employed,Personal,0,1,1,0,Good,High,0.02924013581872584
LN102423,61,316212.65,560,0.209,148179.32,Employed,Personal,8,1,0,0,Poor,Upper-Middle,0.46860655321664074
LN102424,38,156122.8,591,0.326,112061.22,Self-employed,Vehicle,12,0,1,0,Fair,Low,0.7177761351961406
LN102425,48,331280.98,667,0.227,76952.16,Self-employed,Business,12,0,0,0,Fair,Upper-Middle,0.23228668304470726
LN102426,28,142635.83,701,0.458,234730.96,Contract,Home,5,1,1,0,Good,Low,1.6456661695732413
LN102427,39,155139.82,613,0.135,50726.97,Self-employed,Education,3,1,2,1,Fair,Low,0.32697582090787525
LN102428,57,169214.1,712,0.532,70478.49,Employed,Vehicle,1,1,2,0,Good,Low,0.4165048302712363
LN102429,34,234959.29,516,0.185,93804.45,Employed,Personal,9,1,3,0,Poor,Lower-Middle,0.39923703378572517
LN102430,27,502258.75,572,0.13,76329.63,Employed,Education,4,0,1,0,Poor,High,0.15197272322284083
LN102431,46,412361.95,495,0.527,157349.7,Employed,Home,12,0,0,0,Poor,Upper-Middle,0.38158152079744506
LN102432,28,399986.14,583,0.42,148713.9,Contract,Education,9,0,3,0,Fair,Upper-Middle,0.37179763278797606
LN102433,36,163919.26,763,0.374,217807.33,Self-employed,Education,0,0,0,0,Very Good,Low,1.3287476407592371
LN102434,43,222752.12,804,0.334,152473.16,Contract,Vehicle,11,1,0,0,Excellent,Lower-Middle,0.6844970095009646
LN102435,48,348411.09,668,0.622,102052.51,Self-employed,Home,4,1,1,1,Fair,Upper-Middle,0.2929083284920695
LN102436,52,212343.76,602,0.315,88199.27,Self-employed,Home,13,2,2,1,Fair,Lower-Middle,0.41536078102789553
LN102437,54,257412.78,633,0.039,147881.44,Employed,Business,0,1,2,0,Fair,Lower-Middle,0.5744914452188427
LN102438,62,382423.93,686,0.489,97201.04,Employed,Home,5,0,0,0,Good,Upper-Middle,0.2541709144613414
LN102439,24,247635.4,533,0.299,113429.11,Employed,Vehicle,0,1,0,0,Poor,Lower-Middle,0.4580488492356101
LN102440,38,339717.79,607,0.185,153204.63,Contract,Vehicle,10,1,3,0,Fair,Upper-Middle,0.45097617643161997
LN102441,21,720383.08,758,0.699,120366.55,Employed,Personal,7,1,2,0,Very Good,High,0.1670868643944275
LN102442,21,272942.22,572,0.197,134433.17,Contract,Education,8,0,0,0,Poor,Lower-Middle,0.49253343802948485
LN102443,31,573878.83,594,0.074,65784.3,Employed,Personal,11,0,4,0,Fair,High,0.11463099274806846
LN102444,50,408068.89,651,0.277,264486.18,Employed,Personal,14,1,1,1,Fair,Upper-Middle,0.6481410038388371
LN102445,64,133860.66,671,0.032,53578.24,Employed,Education,6,1,1,0,Good,Low,0.4002538161697395
LN102446,58,163629.89,603,0.391,146343.84,Employed,Business,9,0,2,0,Fair,Low,0.8943588484964451
LN102447,52,189673.61,656,0.301,80212.87,Employed,Personal,9,1,1,0,Fair,Low,0.42289947452363036
LN102448,59,187470.83,696,0.318,222294.99,Employed,Personal,14,0,1,0,Good,Low,1.185757752286049
LN102449,29,285466.05,797,0.44,195373.27,Employed,Personal,3,0,0,0,Very Good,Lower-Middle,0.6844010697594337
LN102450,62,420664.96,641,0.114,109853.54,Employed,Education,8,1,4,0,Fair,Upper-Middle,0.2611425967116443
LN102451,64,598316.34,647,0.05,302187.78,Employed,Personal,13,0,2,0,Fair,High,0.5050635588524961
LN102452,25,355412.39,765,0.421,97384.87,Contract,Personal,4,1,1,0,Very Good,Upper-Middle,0.27400527595563
LN102453,44,234782.3,609,0.349,195113.24,Employed,Business,5,0,3,0,Fair,Lower-Middle,0.8310389667364192
LN102454,61,95444.96,551,0.057,68609.45,Employed,Business,7,0,1,0,Poor,Low,0.7188378516791247
LN102455,44,311876.33,669,0.66,143124.28,Unemployed,Education,11,2,0,0,Fair,Upper-Middle,0.45891357000385374
LN102456,62,304282.36,731,0.221,60002.2,Employed,Personal,10,1,3,0,Good,Upper-Middle,0.19719250238495586
LN102457,66,331753.85,677,0.296,111401.04,Unemployed,Vehicle,2,2,4,1,Good,Upper-Middle,0.33579426433182313
LN102458,44,955480.77,643,0.146,106384.77,Contract,Business,3,0,1,0,Fair,High,0.11134161287202043
LN102459,23,593543.54,541,0.522,194716.29,Self-employed,Personal,13,0,1,1,Poor,High,0.3280572980374784
LN102460,37,462000.5,646,0.486,71128.84,Employed,Business,10,1,1,0,Fair,High,0.15395836151692477
LN102461,31,176732.99,742,0.113,810910.82,Contract,Personal,8,0,2,0,Very Good,Low,4.5883387136719636
LN102462,44,226248.82,557,0.261,44796.23,Employed,Personal,6,1,2,0,Poor,Lower-Middle,0.19799541937942483
LN102463,49,284751.8,632,0.317,127982.98,Employed,Home,15,0,0,0,Fair,Lower-Middle,0.4494545073990753
LN102464,43,195842.07,621,0.201,132627.48,Employed,Personal,14,0,1,0,Fair,Low,0.6772164938820346
LN102465,30,395060.12,598,0.426,156060.13,Employed,Vehicle,6,2,0,0,Fair,Upper-Middle,0.3950288123235522
LN102466,35,365067.53,669,0.405,78686.78,Employed,Education,5,0,2,1,Fair,Upper-Middle,0.21554034126234123
LN102467,54,164879.22,683,0.107,128718.93,Contract,Vehicle,13,1,0,0,Good,Low,0.7806861895634877
LN102468,22,579422.35,682,0.516,76217.34,Employed,Vehicle,5,1,3,1,Good,High,0.131540214146037
LN102469,31,317365.2,577,0.368,371675.64,Employed,Personal,6,0,0,0,Poor,Upper-Middle,1.171129159718835
LN102470,64,115907.6,527,0.172,72795.96,Employed,Education,14,1,3,0,Poor,Low,0.6280516549389341
LN102471,25,291646.92,670,0.375,99909.71,Employed,Vehicle,1,0,1,0,Good,Lower-Middle,0.3425707701627708
LN102472,41,350179.55,612,0.29,71472.55,Contract,Personal,11,0,0,0,Fair,Upper-Middle,0.20410258109018647
LN102473,31,512252.81,788,0.362,65386.0,Contract,Home,11,0,0,0,Very Good,High,0.1276440045297165
LN102474,26,249178.74,791,0.628,44246.4,Self-employed,Vehicle,6,1,2,0,Very Good,Lower-Middle,0.17756892100826902
LN102475,41,473025.13,799,0.43,170259.49,Self-employed,Vehicle,2,1,2,0,Very Good,High,0.3599375153704836
LN102476,46,332523.51,579,0.16,71033.28,Contract,Home,13,2,1,1,Poor,Upper-Middle,0.21361882051587872
LN102477,29,145547.49,693,0.406,65518.51,Employed,Business,12,0,0,0,Good,Low,0.45015211186396964
LN102478,24,137750.04,715,0.247,58816.39,Employed,Personal,13,1,1,0,Good,Low,0.42697911376287073
LN102479,27,556234.74,707,0.474,134065.68,Employed,Personal,5,1,2,0,Good,High,0.24102356497905902
LN102480,52,579157.1,623,0.152,111560.7,Employed,Education,15,2,2,0,Fair,High,0.19262597315995952
LN102481,63,358304.27,746,0.232,111893.58,Contract,Vehicle,12,0,1,0,Very Good,Upper-Middle,0.31228648210081333
LN102482,29,682949.67,650,0.189,67060.56,Self-employed,Personal,3,1,1,0,Fair,High,0.09819253591556754
LN102483,36,536420.24,660,0.181,145967.16,Employed,Personal,7,0,1,0,Fair,High,0.2721134459803381
LN102484,37,436932.31,535,0.386,71518.32,Employed,Education,5,2,1,1,Poor,Upper-Middle,0.163682836822024
LN102485,38,181737.1,698,0.485,115134.17,Self-employed,Education,8,1,1,0,Good,Low,0.6335204534462143
LN102486,32,777488.06,630,0.389,100449.36,Contract,Vehicle,3,1,0,0,Fair,High,0.12919730239973073
LN102487,23,402924.12,685,0.221,36706.92,Contract,Home,11,1,0,0,Good,Upper-Middle,0.09110132200574142
LN102488,46,242638.13,668,0.301,411245.34,Self-employed,Home,7,0,1,0,Fair,Lower-Middle,1.6948916479038147
LN102489,38,207728.92,664,0.266,159827.06,Self-employed,Personal,10,0,3,0,Fair,Low,0.7694020649604301
LN102490,37,345507.22,647,0.222,123669.7,Employed,Vehicle,10,0,3,1,Fair,Upper-Middle,0.35793665903711075
LN102491,33,119665.46,709,0.275,137030.52,Employed,Personal,10,0,0,0,Good,Low,1.1451133852658903
LN102492,66,440805.08,635,0.409,417587.86,Employed,Education,12,1,1,0,Fair,High,0.9473299627127708
LN102493,50,177561.77,541,0.295,230313.99,Employed,Vehicle,10,0,0,1,Poor,Low,1.2970922175420982
LN102494,41,367828.55,693,0.173,137989.41,Contract,Personal,8,2,0,0,Good,Upper-Middle,0.3751460021251749
LN102495,31,225178.02,589,0.248,69413.39,Contract,Home,9,0,1,0,Fair,Lower-Middle,0.30826006019592855
LN102496,60,259395.05,551,0.206,76909.43,Employed,Business,10,1,1,1,Poor,Lower-Middle,0.29649536488842015
LN102497,64,197844.63,573,0.296,34068.18,Employed,Vehicle,12,0,0,0,Poor,Low,0.1721966373310208
LN102498,22,274542.56,671,0.263,86582.42,Employed,Personal,7,1,4,0,Good,Lower-Middle,0.31536975542152734
LN102499,66,848051.38,643,0.193,169131.29,Employed,Vehicle,4,2,0,0,Fair,High,0.19943519224035697
LN102500,55,642627.52,490,0.229,166058.34,Contract,Education,4,0,2,0,Poor,High,0.25840527340005603
LN102501,25,364579.96,621,0.083,164181.95,Contract,Education,2,0,1,0,Fair,Upper-Middle,0.45033180101286974
LN102502,57,295855.34,738,0.288,78688.24,Contract,Vehicle,9,1,0,0,Good,Lower-Middle,0.2659686318320298
LN102503,26,477275.14,616,0.28,157379.28,Employed,Vehicle,11,1,1,0,Fair,High,0.32974539591565566
LN102504,23,558506.46,638,0.601,187954.51,Self-employed,Vehicle,5,2,0,0,Fair,High,0.3365305926810587
LN102505,26,190068.09,728,0.353,25866.8,Unemployed,Personal,8,0,1,1,Good,Low,0.13609228145555627
LN102506,43,287490.87,710,0.27,134069.05,Self-employed,Education,5,2,1,0,Good,Lower-Middle,0.46634193983273275
LN102507,51,110134.84,727,0.048,425456.78,Employed,Home,14,0,2,0,Good,Low,3.8630535078636337
LN102508,40,556400.65,442,0.111,91015.37,Employed,Home,14,1,2,0,Poor,High,0.16357883478389176
LN102509,26,934064.8,780,0.471,21355.25,Employed,Business,15,0,1,0,Very Good,High,0.02286270716978094
LN102510,30,313508.95,698,0.249,64861.36,Employed,Home,13,0,4,0,Good,Upper-Middle,0.20688838388824304
LN102511,62,93226.02,835,0.247,33819.24,Employed,Personal,13,1,1,0,Excellent,Low,0.36276610328318204
LN102512,68,419335.9,591,0.429,72831.35,Self-employed,Home,8,0,0,0,Fair,Upper-Middle,0.1736826014657939
LN102513,57,182460.45,518,0.36,49642.01,Employed,Vehicle,8,0,1,0,Poor,Low,0.27206997461641685
LN102514,26,208291.86,651,0.234,201449.03,Employed,Vehicle,4,2,0,0,Fair,Low,0.9671478760619835
LN102515,61,423434.78,629,0.236,182457.08,Employed,Business,12,0,3,1,Fair,Upper-Middle,0.43089771699906176
LN102516,54,345083.79,699,0.269,137472.27,Contract,Education,5,2,2,0,Good,Upper-Middle,0.39837359500427416
LN102517,46,229366.84,731,0.185,244088.48,Employed,Vehicle,5,1,1,0,Good,Lower-Middle,1.0641838201197698
LN102518,28,209872.33,643,0.21,76171.21,Employed,Personal,15,0,2,0,Fair,Lower-Middle,0.36294069828071196
LN102519,69,321498.32,632,0.159,115386.6,Self-employed,Home,0,1,3,0,Fair,Upper-Middle,0.3589026530527438
LN102520,42,239505.51,689,0.303,457990.32,Employed,Business,1,1,4,0,Good,Lower-Middle,1.9122329168961498
LN102521,23,162992.15,631,0.314,160920.94,Employed,Vehicle,12,2,1,0,Fair,Low,0.987292578200852
LN102522,31,249852.99,625,0.047,160661.2,Self-employed,Business,10,1,3,0,Fair,Lower-Middle,0.6430229231997585
LN102523,40,361607.16,728,0.626,66791.59,Employed,Personal,12,0,1,1,Good,Upper-Middle,0.18470759815707188
LN102524,24,272006.39,744,0.275,83906.84,Employed,Home,7,0,4,0,Very Good,Lower-Middle,0.30847378254606445
LN102525,36,137875.73,731,0.313,57314.78,Self-employed,Business,0,2,0,1,Good,Low,0.415698832564658
LN102526,43,516857.92,637,0.132,328019.67,Employed,Business,4,0,2,0,Fair,High,0.6346418567021281
LN102527,67,66515.58,490,0.521,39950.59,Employed,Personal,13,2,0,1,Poor,Low,0.6006200351857414
LN102528,25,234693.79,639,0.339,199271.99,Employed,Vehicle,10,1,3,0,Fair,Lower-Middle,0.8490722741321787
LN102529,49,213294.39,593,0.383,160486.39,Employed,Personal,14,2,3,0,Fair,Lower-Middle,0.752417304552642
LN102530,65,325473.44,640,0.232,38795.11,Employed,Home,0,1,2,0,Fair,Upper-Middle,0.11919593193226458
LN102531,60,408583.57,600,0.454,231144.98,Employed,Business,5,1,5,0,Fair,Upper-Middle,0.5657226500811082
LN102532,66,557522.64,648,0.199,92974.57,Employed,Vehicle,10,1,2,0,Fair,High,0.1667637568942492
LN102533,29,202747.18,572,0.753,46614.12,Contract,Personal,0,1,1,0,Poor,Low,0.22991254428298338
LN102534,60,414222.29,554,0.081,139406.47,Employed,Personal,7,0,0,1,Poor,Upper-Middle,0.33654989933062274
LN102535,68,334114.11,742,0.195,64448.47,Contract,Business,14,0,2,0,Very Good,Upper-Middle,0.19289358955836974
LN102536,36,117030.64,577,0.079,96281.12,Employed,Personal,2,0,2,0,Poor,Low,0.8227001065703818
LN102537,45,853273.06,650,0.407,79181.51,Employed,Personal,1,1,2,1,Fair,High,0.09279738657165619
LN102538,47,135972.98,722,0.314,62118.99,Employed,Personal,10,0,1,0,Good,Low,0.456848044368815
LN102539,45,377853.28,719,0.288,50806.2,Employed,Education,3,1,1,1,Good,Upper-Middle,0.1344601269572147
LN102540,35,371764.45,710,0.399,184642.74,Employed,Home,2,1,1,0,Good,Upper-Middle,0.4966659399520314
LN102541,68,349108.48,673,0.341,135863.38,Employed,Business,8,1,0,0,Good,Upper-Middle,0.38917238561492407
LN102542,67,228552.33,704,0.322,130309.28,Self-employed,Vehicle,9,0,0,0,Good,Lower-Middle,0.5701507396577405
LN102543,39,472846.79,753,0.466,86810.94,Employed,Personal,13,0,0,0,Very Good,High,0.18359211024780353
LN102544,60,127177.07,682,0.09,113729.53,Employed,Vehicle,1,1,2,0,Good,Low,0.8942612846796989
LN102545,40,289332.53,512,0.461,68172.78,Self-employed,Vehicle,12,1,1,0,Poor,Lower-Middle,0.23562086157405113
LN102546,59,220005.25,610,0.285,67412.75,Employed,Education,10,1,1,1,Fair,Lower-Middle,0.3064142787501662
LN102547,49,206700.03,702,0.561,334332.45,Contract,Business,10,1,2,0,Good,Low,1.6174765431819242
LN102548,44,379780.62,603,0.523,195475.08,Contract,Home,3,0,0,0,Fair,Upper-Middle,0.5147052527324854
LN102549,27,542612.63,772,0.317,76365.91,Employed,Education,13,0,1,0,Very Good,High,0.14073743547030965
LN102550,53,248387.94,645,0.122,41594.76,Employed,Home,1,0,2,0,Fair,Lower-Middle,0.1674588548864329
LN102551,36,460888.93,656,0.113,36407.48,Unemployed,Education,10,0,1,0,Fair,High,0.07899404309840986
LN102552,31,308320.5,734,0.108,72840.07,Contract,Education,2,0,3,0,Good,Upper-Middle,0.2362478978854796
LN102553,30,183603.72,636,0.501,117976.82,Contract,Home,10,1,1,1,Fair,Low,0.6425622530959613
LN102554,69,260319.27,663,0.42,118797.42,Employed,Personal,7,0,2,0,Fair,Lower-Middle,0.4563527701963823
LN102555,26,254440.05,717,0.186,121132.88,Employed,Personal,2,0,2,0,Good,Lower-Middle,0.4760763095275292
LN102556,60,204510.54,540,0.246,136691.25,Employed,Personal,3,0,3,0,Poor,Low,0.6683824217568444
LN102557,63,379725.3,629,0.194,56010.84,Employed,Personal,7,1,1,0,Fair,Upper-Middle,0.14750357692784757
LN102558,22,341325.95,712,0.264,293101.46,Employed,Home,5,1,0,0,Good,Upper-Middle,0.858714258321115
LN102559,49,125076.45,655,0.51,96754.73,Self-employed,Personal,7,0,1,0,Fair,Low,0.7735647278124699
LN102560,49,120957.98,760,0.226,133236.82,Employed,Personal,6,2,1,0,Very Good,Low,1.1015132693188163
LN102561,38,378932.82,532,0.235,71804.55,Contract,Personal,0,0,1,0,Poor,Upper-Middle,0.18949150406132675
LN102562,53,191593.31,523,0.062,134686.31,Employed,Personal,6,2,2,0,Poor,Low,0.7029802345395045
LN102563,41,354215.37,708,0.518,424330.49,Unemployed,Personal,6,0,1,0,Good,Upper-Middle,1.1979448830805959
LN102564,42,460952.43,715,0.333,57824.5,Employed,Personal,6,1,3,1,Good,High,0.1254456994618729
LN102565,42,149121.05,636,0.294,53268.44,Unemployed,Business,3,0,0,0,Fair,Low,0.3572161006108796
LN102566,60,138025.3,680,0.511,62710.72,Self-employed,Education,3,0,0,1,Good,Low,0.4543422111743282
LN102567,52,753493.13,706,0.414,88582.11,Employed,Home,1,0,2,0,Good,High,0.11756193450629072
LN102568,39,363997.28,589,0.16,78380.07,Contract,Personal,9,0,3,0,Fair,Upper-Middle,0.21533147170770067
LN102569,66,238221.31,597,0.2,55927.2,Employed,Personal,8,0,0,0,Fair,Lower-Middle,0.2347699288531324
LN102570,60,179489.23,664,0.252,106505.84,Employed,Personal,12,0,1,0,Fair,Low,0.5933829010242007
LN102571,66,226566.84,718,0.083,303451.54,Employed,Vehicle,3,0,2,0,Good,Lower-Middle,1.3393466581429125
LN102572,56,155861.48,563,0.318,99793.01,Unemployed,Home,6,1,2,0,Poor,Low,0.6402673065853088
LN102573,40,487679.86,635,0.53,103316.28,Unemployed,Personal,3,1,4,0,Fair,High,0.2118526690850018
LN102574,58,195697.35,632,0.094,137468.28,Employed,Home,15,0,2,0,Fair,Low,0.7024534568301513
LN102575,37,547425.57,681,0.465,167580.27,Employed,Vehicle,12,2,1,0,Good,High,0.30612430106251703
LN102576,34,240672.38,649,0.327,268561.13,Employed,Education,2,1,2,0,Fair,Lower-Middle,1.1158784817767622
LN102577,43,169006.96,609,0.315,128574.34,Employed,Home,12,0,1,0,Fair,Low,0.7607635803874586
LN102578,68,237297.97,744,0.27,109810.23,Self-employed,Education,14,0,0,0,Very Good,Lower-Middle,0.46275250479386737
LN102579,48,70844.74,610,0.488,57741.96,Employed,Home,10,0,0,0,Fair,Low,0.8150493600512896
LN102580,39,280720.57,628,0.203,177941.56,Employed,Vehicle,15,1,0,0,Fair,Lower-Middle,0.6338743185082589
LN102581,43,273203.49,531,0.279,63532.06,Contract,Business,3,3,2,0,Poor,Lower-Middle,0.23254483315714597
LN102582,35,472194.5,596,0.391,62265.4,Unemployed,Education,4,0,0,0,Fair,High,0.13186388236203514
LN102583,53,106305.26,689,0.124,124713.31,Employed,Business,10,0,1,0,Good,Low,1.173162174665675
LN102584,38,568390.67,674,0.35,299607.01,Employed,Education,8,1,1,0,Good,High,0.527114581243918
LN102585,48,471119.65,695,0.635,176386.46,Employed,Personal,11,1,1,0,Good,High,0.37439843572646564
LN102586,39,597292.2,691,0.182,107348.87,Employed,Home,15,1,0,0,Good,High,0.17972588625801578
LN102587,36,291425.88,807,0.413,58116.35,Employed,Vehicle,3,1,0,0,Excellent,Lower-Middle,0.19942068974793864
LN102588,68,523965.44,594,0.254,295850.42,Employed,Vehicle,13,0,3,1,Fair,High,0.5646372783670617
LN102589,37,133566.34,529,0.109,106028.03,Employed,Home,2,2,2,0,Poor,Low,0.7938229796519093
LN102590,24,444059.53,571,0.499,91089.85,Contract,Business,7,2,2,0,Poor,High,0.20512981671624073
LN102591,39,196299.78,597,0.249,157801.65,Employed,Education,6,0,0,0,Fair,Low,0.8038809315018081
LN102592,47,120966.24,577,0.114,82207.57,Self-employed,Education,12,2,0,0,Poor,Low,0.6795910164687272
LN102593,25,161661.59,657,0.492,67425.81,Employed,Education,6,0,4,0,Fair,Low,0.41707996315018303
LN102594,35,300914.03,744,0.637,71763.02,Self-employed,Vehicle,13,1,2,1,Very Good,Upper-Middle,0.23848346320043634
LN102595,29,190645.92,765,0.557,71638.65,Self-employed,Business,2,0,2,0,Very Good,Low,0.375768073085435
LN102596,45,368935.9,688,0.263,52862.37,Contract,Personal,15,0,1,0,Good,Upper-Middle,0.14328334542667168
LN102597,56,110969.1,811,0.303,49164.94,Employed,Home,3,0,0,0,Excellent,Low,0.4430507231292315
LN102598,68,93119.05,623,0.451,206913.27,Employed,Education,9,1,2,0,Fair,Low,2.22202943436386
LN102599,40,638164.17,528,0.368,169902.9,Contract,Home,7,1,2,0,Poor,High,0.2662369778610416
LN102600,63,493179.17,729,0.389,64435.31,Employed,Personal,1,0,0,0,Good,High,0.13065294302677058
LN102601,31,168455.09,512,0.143,195966.14,Employed,Education,8,1,1,0,Poor,Low,1.163313854155431
LN102602,59,299505.47,593,0.214,134495.89,Employed,Business,13,0,1,0,Fair,Lower-Middle,0.44905987860589
LN102603,48,525584.7,689,0.26,89122.74,Unemployed,Business,8,1,2,0,Good,High,0.16956874886198173
LN102604,58,377791.63,642,0.073,49585.1,Employed,Home,11,0,0,0,Fair,Upper-Middle,0.13124986384690418
LN102605,58,325481.35,636,0.311,137334.7,Employed,Home,15,1,0,0,Fair,Upper-Middle,0.4219433770936492
LN102606,47,547913.39,561,0.254,369805.7,Unemployed,Business,4,0,1,0,Poor,High,0.6749345913959138
LN102607,33,200715.93,649,0.515,111046.81,Employed,Education,0,1,2,0,Fair,Low,0.5532535957659166
LN102608,46,305188.81,725,0.646,210525.08,Employed,Education,11,1,0,0,Good,Upper-Middle,0.689819131966208
LN102609,61,297069.38,651,0.177,95857.6,Employed,Education,12,1,0,0,Fair,Lower-Middle,0.32267748362352255
LN102610,68,258207.45,588,0.385,200271.33,Employed,Education,2,1,3,0,Fair,Lower-Middle,0.7756218110670314
LN102611,66,242109.34,556,0.148,99767.54,Employed,Personal,5,2,2,0,Poor,Lower-Middle,0.41207637838341965
LN102612,29,312267.44,589,0.242,23035.06,Employed,Business,5,1,1,0,Fair,Upper-Middle,0.07376708887740586
LN102613,50,305731.3,679,0.266,68810.23,Employed,Personal,12,0,0,0,Good,Upper-Middle,0.22506766562664665
LN102614,26,168535.65,676,0.19,119875.04,Self-employed,Vehicle,14,0,0,1,Good,Low,0.711274083554429
LN102615,53,466272.5,590,0.261,222335.22,Employed,Home,11,1,2,0,Fair,High,0.4768353698749122
LN102616,69,175347.66,484,0.171,99554.54,Employed,Business,4,1,0,0,Poor,Low,0.5677551670777927
LN102617,23,266068.58,682,0.199,112152.59,Contract,Education,9,0,0,0,Good,Lower-Middle,0.4215176027173144
LN102618,53,255029.24,583,0.623,75095.13,Employed,Education,4,0,0,0,Fair,Lower-Middle,0.29445694148639584
LN102619,67,365307.5,702,0.302,303409.26,Unemployed,Home,10,1,3,0,Good,Upper-Middle,0.8305585294580593
LN102620,62,93529.35,593,0.385,291759.13,Unemployed,Business,15,0,0,0,Fair,Low,3.1194392990007946
LN102621,40,489695.06,576,0.126,70875.27,Employed,Education,10,0,0,0,Poor,High,0.1447334796475178
LN102622,26,206735.0,661,0.28,41050.93,Employed,Business,12,0,1,0,Fair,Low,0.1985678767504293
LN102623,66,586845.91,827,0.129,33981.0,Contract,Home,11,1,0,0,Excellent,High,0.057904467631034524
LN102624,66,230624.71,706,0.541,162828.24,Self-employed,Vehicle,7,3,1,0,Good,Lower-Middle,0.7060311967438354
LN102625,49,292048.1,660,0.462,120105.91,Self-employed,Home,2,0,0,1,Fair,Lower-Middle,0.4112538653735464
LN102626,68,859512.01,677,0.135,66175.74,Employed,Vehicle,15,0,4,1,Good,High,0.07699222259849517
LN102627,21,257558.39,519,0.251,131259.66,Contract,Business,5,0,0,0,Poor,Lower-Middle,0.5096306899573335
LN102628,51,592973.62,566,0.271,49440.46,Employed,Vehicle,14,1,1,0,Poor,High,0.08337716608708495
LN102629,22,306512.11,462,0.13,184413.49,Self-employed,Personal,13,0,4,0,Poor,Upper-Middle,0.6016515628044843
LN102630,66,377006.65,780,0.272,85796.56,Contract,Personal,10,1,2,0,Very Good,Upper-Middle,0.2275730680082168
LN102631,54,311768.12,765,0.535,54463.57,Employed,Vehicle,8,1,0,0,Very Good,Upper-Middle,0.1746925567630199
LN102632,65,478234.34,679,0.286,86653.79,Employed,Education,4,0,0,0,Good,High,0.1811952483378755
LN102633,48,205766.1,660,0.44,84734.38,Self-employed,Business,2,0,0,0,Fair,Low,0.411799514108495
LN102634,25,174610.15,534,0.338,139458.67,Contract,Personal,13,2,1,0,Poor,Low,0.7986859297698331
LN102635,22,211149.32,634,0.307,234716.59,Employed,Vehicle,15,1,1,0,Fair,Lower-Middle,1.1116142358403047
LN102636,37,316911.7,784,0.089,226935.86,Self-employed,Business,10,0,1,0,Very Good,Upper-Middle,0.7160854585046875
LN102637,57,265690.51,660,0.144,122026.82,Employed,Education,15,1,1,0,Fair,Lower-Middle,0.4592818162756359
LN102638,28,443382.87,608,0.243,97398.07,Employed,Business,3,1,1,0,Fair,High,0.21967034946568867
LN102639,62,614854.04,518,0.214,76009.78,Employed,Personal,8,1,2,0,Poor,High,0.12362247794614799
LN102640,32,175400.41,754,0.613,34857.47,Employed,Vehicle,2,0,5,0,Very Good,Low,0.19873083534981476
LN102641,45,200358.98,645,0.381,108634.77,Employed,Vehicle,8,0,4,0,Fair,Low,0.5422006540460528
LN102642,30,136162.74,518,0.159,63264.41,Employed,Business,14,2,1,0,Poor,Low,0.4646235086044832
LN102643,43,916431.77,581,0.514,242839.45,Employed,Business,4,0,2,0,Fair,High,0.26498366594165546
LN102644,43,354727.79,554,0.422,96545.25,Employed,Vehicle,6,1,3,0,Poor,Upper-Middle,0.2721671454046496
LN102645,21,390595.99,640,0.088,178767.53,Contract,Home,8,0,1,0,Fair,Upper-Middle,0.45767886659563506
LN102646,48,143547.77,666,0.283,80386.56,Employed,Home,7,0,1,0,Fair,Low,0.5599986680392179
LN102647,59,299807.01,612,0.576,70910.38,Employed,Vehicle,15,0,4,0,Fair,Upper-Middle,0.23652008670511074
LN102648,66,396973.24,708,0.124,162974.55,Contract,Vehicle,6,1,5,0,Good,Upper-Middle,0.4105429121620389
LN102649,37,261064.04,656,0.263,131754.78,Contract,Vehicle,4,0,2,0,Fair,Lower-Middle,0.5046837549897718
LN102650,64,542083.78,730,0.577,135627.9,Self-employed,Home,5,0,1,1,Good,High,0.25019730345003127
LN102651,64,1069866.97,623,0.384,103495.06,Employed,Education,4,0,1,0,Fair,High,0.09673638209430842
LN102652,69,178198.47,850,0.219,183751.43,Employed,Business,5,1,0,0,Excellent,Low,1.0311616592443245
LN102653,39,170995.03,608,0.188,167265.56,Employed,Vehicle,14,2,4,0,Fair,Low,0.9781896000135208
LN102654,62,185122.29,582,0.605,26723.61,Self-employed,Personal,8,1,1,1,Fair,Low,0.14435652238312308
LN102655,48,725740.14,573,0.078,93049.88,Employed,Home,6,0,0,0,Poor,High,0.1282137708408963
LN102656,23,532231.16,634,0.471,212738.11,Employed,Personal,2,1,1,1,Fair,High,0.39970998691621135
LN102657,34,278451.02,521,0.273,56700.48,Employed,Business,15,3,0,0,Poor,Lower-Middle,0.2036282000331692
LN102658,53,306093.4,672,0.397,36613.72,Employed,Vehicle,2,1,1,0,Good,Upper-Middle,0.11961616944370573
LN102659,28,191460.88,507,0.351,100511.5,Employed,Personal,5,0,1,1,Poor,Low,0.5249714719790277
LN102660,42,489457.39,662,0.256,154309.25,Employed,Home,11,0,1,0,Fair,High,0.31526595195549095
LN102661,58,243431.71,549,0.545,81546.02,Employed,Vehicle,0,1,1,0,Poor,Lower-Middle,0.33498519975068164
LN102662,28,260015.27,621,0.202,254906.15,Employed,Home,5,1,3,0,Fair,Lower-Middle,0.9803506924804839
LN102663,45,419312.66,695,0.22,364612.34,Employed,Vehicle,15,1,2,0,Good,Upper-Middle,0.8695476544877039
LN102664,31,270530.61,823,0.22,31474.57,Employed,Vehicle,0,0,0,0,Excellent,Lower-Middle,0.11634383998173073
LN102665,47,263631.21,569,0.48,85702.68,Self-employed,Personal,3,1,2,1,Poor,Lower-Middle,0.3250854858952397
LN102666,32,301749.99,639,0.313,24960.22,Employed,Vehicle,1,1,0,0,Fair,Upper-Middle,0.08271821318038818
LN102667,68,464623.76,596,0.369,169040.15,Employed,Personal,11,0,1,1,Fair,High,0.363821578991139
LN102668,24,742003.28,585,0.325,70709.09,Self-employed,Vehicle,0,1,1,0,Fair,High,0.09529484829231481
LN102669,68,413972.65,596,0.243,80737.79,Employed,Vehicle,0,0,1,0,Fair,Upper-Middle,0.19503170076573897
LN102670,59,466662.03,712,0.256,232000.64,Employed,Education,7,1,2,0,Good,High,0.4971491681035202
LN102671,62,268771.81,613,0.061,46387.16,Employed,Personal,11,1,3,0,Fair,Lower-Middle,0.17258937981628358
LN102672,62,203261.57,819,0.502,39399.98,Unemployed,Business,14,1,2,0,Excellent,Low,0.19383880583033972
LN102673,30,429866.59,681,0.178,25031.15,Employed,Personal,3,0,1,0,Good,Upper-Middle,0.05823004295355915
LN102674,66,329628.06,574,0.408,251218.55,Employed,Education,9,1,1,0,Poor,Upper-Middle,0.7621273201073961
LN102675,50,137185.87,622,0.217,216009.56,Employed,Business,12,0,2,0,Fair,Low,1.5745758655756603
LN102676,68,250471.26,590,0.08,90872.11,Self-employed,Vehicle,11,0,0,0,Fair,Lower-Middle,0.36280453893193176
LN102677,64,286629.12,710,0.479,48017.75,Employed,Business,15,0,2,0,Good,Lower-Middle,0.16752572104327712
LN102678,49,226564.72,527,0.399,189169.53,Self-employed,Vehicle,1,2,1,1,Poor,Lower-Middle,0.8349469855677442
LN102679,39,677721.92,549,0.204,659195.07,Employed,Vehicle,0,0,1,1,Poor,High,0.9726630503555204
LN102680,26,390603.88,606,0.312,94375.68,Employed,Vehicle,10,1,1,0,Fair,Upper-Middle,0.24161480423594356
LN102681,25,638440.62,701,0.627,50329.57,Self-employed,Education,5,0,3,0,Good,High,0.07883202982917972
LN102682,40,346771.61,742,0.111,246553.9,Employed,Education,11,2,0,0,Very Good,Upper-Middle,0.7109979389604587
LN102683,60,313734.09,754,0.385,52686.7,Employed,Home,11,0,3,0,Very Good,Upper-Middle,0.16793425285725244
LN102684,45,179227.09,690,0.127,86672.96,Contract,Vehicle,7,1,2,0,Good,Low,0.4835929657731987
LN102685,44,301974.84,644,0.049,19792.82,Unemployed,Education,15,0,2,0,Fair,Upper-Middle,0.06554459967592001
LN102686,32,302161.65,710,0.172,90319.44,Employed,Personal,14,1,3,0,Good,Upper-Middle,0.29891099681246774
LN102687,48,141439.19,564,0.154,47922.91,Self-employed,Business,5,0,1,0,Poor,Low,0.3388234194497296
LN102688,52,222971.14,512,0.499,249316.14,Employed,Business,0,2,3,1,Poor,Lower-Middle,1.118154304633326
LN102689,69,251131.59,683,0.206,58322.44,Employed,Education,15,1,1,1,Good,Lower-Middle,0.23223856465050854
LN102690,56,376604.75,575,0.222,182610.71,Self-employed,Education,15,1,2,0,Poor,Upper-Middle,0.48488690065645745
LN102691,50,386651.99,645,0.27,102747.05,Self-employed,Personal,14,0,1,0,Fair,Upper-Middle,0.2657352157944409
LN102692,65,217904.59,659,0.376,119338.89,Employed,Personal,0,1,1,1,Fair,Lower-Middle,0.5476657926297009
LN102693,41,388254.38,669,0.455,154458.29,Employed,Personal,11,0,0,0,Fair,Upper-Middle,0.39782755316243956
LN102694,66,271412.3,720,0.105,106243.72,Employed,Personal,15,0,0,0,Good,Lower-Middle,0.3914476978383073
LN102695,39,61898.22,712,0.362,72197.65,Self-employed,Vehicle,6,0,3,0,Good,Low,1.1663929915916806
LN102696,27,229797.01,665,0.211,64888.04,Employed,Business,12,2,1,0,Fair,Lower-Middle,0.2823711239758951
LN102697,41,543063.48,617,0.126,153134.6,Employed,Personal,8,0,1,0,Fair,High,0.28198287242589026
LN102698,27,118960.24,658,0.138,31955.69,Employed,Home,7,2,0,0,Fair,Low,0.2686249624244201
LN102699,26,319182.37,605,0.514,327434.23,Self-employed,Education,11,1,3,0,Fair,Upper-Middle,1.0258531196444214
LN102700,64,717430.55,635,0.345,119840.84,Employed,Vehicle,9,0,1,1,Fair,High,0.16704172968380004
LN102701,59,197442.09,846,0.321,88338.29,Contract,Home,10,0,1,0,Excellent,Low,0.44741366949671163
LN102702,31,300354.81,664,0.264,130769.4,Employed,Personal,3,0,0,0,Fair,Upper-Middle,0.43538307244022495
LN102703,62,146433.81,684,0.46,74752.81,Contract,Personal,4,2,2,0,Good,Low,0.5104887320762875
LN102704,24,734183.94,597,0.542,97978.6,Employed,Business,10,0,3,0,Fair,High,0.1334523879669719
LN102705,34,286560.46,727,0.189,52712.91,Employed,Business,8,2,1,0,Good,Lower-Middle,0.18395039566868368
LN102706,55,307792.93,707,0.168,140370.62,Unemployed,Vehicle,6,0,1,0,Good,Upper-Middle,0.4560553746312496
LN102707,35,631847.29,708,0.104,104531.04,Employed,Home,13,1,0,0,Good,High,0.16543718973614652
LN102708,56,431641.59,666,0.385,124254.91,Employed,Home,5,1,1,0,Fair,Upper-Middle,0.28786593525429277
LN102709,63,185339.02,728,0.181,288449.86,Unemployed,Business,7,0,0,0,Good,Low,1.5563363829160206
LN102710,24,210141.19,745,0.252,65218.61,Employed,Vehicle,5,1,0,1,Very Good,Lower-Middle,0.31035614674115053
LN102711,22,393859.68,671,0.137,101160.25,Self-employed,Vehicle,9,0,4,0,Good,Upper-Middle,0.2568433763009202
LN102712,67,212834.72,641,0.241,37602.11,Employed,Personal,8,0,1,0,Fair,Lower-Middle,0.17667281917160885
LN102713,46,93625.11,717,0.176,157275.85,Contract,Home,5,0,2,0,Good,Low,1.6798468915016496
LN102714,45,291342.64,582,0.139,108756.93,Unemployed,Personal,12,0,1,0,Fair,Lower-Middle,0.37329561508744474
LN102715,43,132909.11,596,0.098,111247.29,Employed,Business,2,1,2,0,Fair,Low,0.8370177935884154
LN102716,42,729775.86,646,0.161,99304.97,Employed,Personal,12,0,3,0,Fair,High,0.13607598639944052
LN102717,54,330635.21,519,0.113,75539.6,Employed,Vehicle,1,0,2,0,Poor,Upper-Middle,0.22846810537812956
LN102718,49,182351.51,712,0.134,557185.67,Employed,Home,4,1,0,0,Good,Low,3.0555583005591784
LN102719,29,204288.79,578,0.037,112766.71,Employed,Vehicle,6,2,2,0,Poor,Low,0.551996563296498
LN102720,51,106124.59,615,0.69,133381.88,Self-employed,Vehicle,6,0,3,1,Fair,Low,1.256842358590031
LN102721,53,163870.82,634,0.435,52449.82,Employed,Vehicle,10,1,2,0,Fair,Low,0.3200680877779216
LN102722,26,524665.14,653,0.034,195546.81,Contract,Home,15,3,0,0,Fair,High,0.3727078379935819
LN102723,39,1023788.1,624,0.478,101517.16,Self-employed,Education,12,0,1,1,Fair,High,0.09915837076051187
LN102724,59,447331.78,645,0.591,146974.5,Employed,Vehicle,8,0,2,0,Fair,High,0.32855814536584005
LN102725,51,285190.98,646,0.206,197748.78,Employed,Education,1,0,3,0,Fair,Lower-Middle,0.6933907236477115
LN102726,27,236560.7,616,0.247,102815.93,Contract,Vehicle,15,1,2,0,Fair,Lower-Middle,0.43462811024823644
LN102727,22,177276.34,592,0.708,70840.74,Employed,Vehicle,5,1,3,0,Fair,Low,0.3996062869980281
LN102728,49,931367.3,731,0.297,24226.61,Unemployed,Personal,9,0,1,0,Good,High,0.026011875229031554
LN102729,43,270418.48,492,0.461,85525.38,Employed,Home,12,2,1,0,Poor,Lower-Middle,0.31627047086426935
LN102730,68,960427.87,635,0.067,70591.93,Employed,Education,11,1,1,0,Fair,High,0.07350050139632036
LN102731,46,645624.59,615,0.04,52326.12,Employed,Personal,1,2,2,0,Fair,High,0.08104728476962131
LN102732,66,115162.53,681,0.256,282869.66,Employed,Personal,4,0,0,0,Good,Low,2.45626472429878
LN102733,31,207993.88,541,0.225,208362.34,Employed,Business,15,0,1,0,Poor,Low,1.0017714944305092
LN102734,42,207640.38,613,0.405,33484.57,Employed,Personal,12,2,1,0,Fair,Low,0.16126232286802789
LN102735,27,287110.45,642,0.118,121558.08,Employed,Personal,10,1,1,0,Fair,Lower-Middle,0.4233843804709999
LN102736,49,290211.4,730,0.369,64668.35,Employed,Business,7,1,0,0,Good,Lower-Middle,0.2228318735928361
LN102737,30,1558866.1,675,0.361,139616.09,Employed,Business,15,0,2,0,Good,High,0.08956259296420647
LN102738,45,165887.05,561,0.484,65412.27,Employed,Personal,11,0,1,0,Poor,Low,0.39431812187871207
LN102739,37,340262.01,613,0.493,77488.72,Employed,Personal,11,0,0,0,Fair,Upper-Middle,0.2277325053125972
LN102740,30,421096.38,716,0.195,205707.65,Employed,Business,14,1,4,0,Good,Upper-Middle,0.48850491186839456
LN102741,25,299740.73,560,0.329,187363.76,Unemployed,Vehicle,15,1,0,0,Poor,Upper-Middle,0.6250860868991679
LN102742,46,318741.93,644,0.187,293430.99,Employed,Business,13,2,2,0,Fair,Upper-Middle,0.9205911189657413
LN102743,67,168871.42,649,0.269,95526.07,Employed,Home,10,1,1,1,Fair,Low,0.565673398139247
LN102744,30,318094.94,621,0.2,42704.32,Unemployed,Vehicle,3,1,2,0,Fair,Upper-Middle,0.13425023359378177
LN102745,40,397443.16,850,0.413,200200.88,Self-employed,Home,4,1,1,0,Excellent,Upper-Middle,0.503722041662511
LN102746,32,359229.98,619,0.756,200956.23,Employed,Personal,2,0,2,0,Fair,Upper-Middle,0.5594082932610469
LN102747,60,410507.0,684,0.07,165480.96,Contract,Vehicle,12,0,2,0,Good,Upper-Middle,0.4031136131661579
LN102748,41,652438.46,593,0.453,67832.56,Contract,Personal,5,2,1,0,Fair,High,0.10396775199303855
LN102749,68,502258.07,690,0.329,54842.14,Self-employed,Education,3,1,0,0,Good,High,0.10919115744621087
LN102750,33,311997.29,715,0.395,155844.25,Employed,Vehicle,11,3,1,0,Good,Upper-Middle,0.4995051399324655
LN102751,24,157482.66,606,0.153,61835.7,Employed,Business,9,2,2,0,Fair,Low,0.39265084803622186
LN102752,49,215676.49,646,0.063,90043.94,Unemployed,Vehicle,3,1,0,1,Fair,Lower-Middle,0.4174953885794414
LN102753,52,265864.12,583,0.189,727571.23,Employed,Personal,5,0,2,0,Fair,Lower-Middle,2.736628131693739
LN102754,69,344664.91,564,0.176,438911.14,Contract,Business,7,1,2,0,Poor,Upper-Middle,1.2734430667746248
LN102755,63,230603.42,728,0.536,184146.01,Employed,Home,12,1,1,0,Good,Lower-Middle,0.7985398048303013
LN102756,64,179312.34,608,0.372,71522.13,Self-employed,Vehicle,0,1,1,0,Fair,Low,0.39886897912324387
LN102757,52,156065.09,469,0.27,68783.87,Unemployed,Home,12,0,0,0,Poor,Low,0.4407383483391449
LN102758,38,120981.15,782,0.284,175167.78,Employed,Education,1,0,1,0,Very Good,Low,1.4478931635217553
LN102759,42,263633.42,590,0.592,291058.47,Employed,Personal,13,1,2,1,Fair,Lower-Middle,1.104027213241781
LN102760,27,133682.35,632,0.302,78879.19,Contract,Home,1,0,1,1,Fair,Low,0.5900493969473157
LN102761,42,173034.91,773,0.426,81741.34,Self-employed,Home,3,2,1,0,Very Good,Low,0.4723979687104758
LN102762,38,241564.48,639,0.608,116453.59,Self-employed,Personal,5,1,1,0,Fair,Lower-Middle,0.48208076783474124
LN102763,22,143886.95,638,0.435,44596.37,Unemployed,Personal,15,1,1,0,Fair,Low,0.3099403385783075
LN102764,31,369683.11,558,0.288,45491.56,Employed,Vehicle,6,1,1,0,Poor,Upper-Middle,0.12305555425564343
LN102765,47,450746.53,527,0.075,51217.24,Self-employed,Vehicle,12,1,0,0,Poor,High,0.1136275857742044
LN102766,39,221760.42,638,0.143,156870.11,Self-employed,Vehicle,4,0,0,0,Fair,Lower-Middle,0.7073855199228066
LN102767,69,235902.23,677,0.139,131272.71,Employed,Home,6,2,2,0,Good,Lower-Middle,0.5564708311574672
LN102768,44,403174.25,673,0.4,230326.51,Employed,Education,8,0,1,0,Good,Upper-Middle,0.5712827890174038
LN102769,67,202569.93,614,0.526,35562.91,Self-employed,Personal,2,0,1,0,Fair,Low,0.17555868237699448
LN102770,53,195054.46,652,0.255,41037.53,Self-employed,Business,0,1,1,0,Fair,Low,0.21039011361237267
LN102771,22,579320.95,512,0.135,147924.11,Self-employed,Education,5,0,1,0,Poor,High,0.2553405154776467
LN102772,30,487887.93,685,0.339,62405.97,Employed,Home,12,0,1,0,Good,High,0.12791046091261163
LN102773,55,417646.33,662,0.342,65421.45,Self-employed,Vehicle,1,2,0,0,Fair,Upper-Middle,0.15664318180408768
LN102774,47,499140.2,798,0.202,212463.21,Employed,Personal,13,0,3,0,Very Good,High,0.4256583821539519
LN102775,35,101117.09,651,0.573,76789.24,Employed,Personal,9,3,0,0,Fair,Low,0.7594091166982753
LN102776,46,631685.74,579,0.565,82858.66,Employed,Personal,4,0,2,1,Poor,High,0.13117069889847444
LN102777,65,372194.53,646,0.258,93496.27,Self-employed,Vehicle,1,2,2,0,Fair,Upper-Middle,0.2512026976860729
LN102778,40,523068.4,625,0.329,97257.01,Contract,Home,8,2,0,0,Fair,High,0.18593554877335353
LN102779,23,371192.74,683,0.235,171689.67,Employed,Business,6,0,0,0,Good,Upper-Middle,0.462535096995701
LN102780,36,308182.19,652,0.259,50097.82,Self-employed,Vehicle,1,0,0,0,Fair,Upper-Middle,0.16255910180922525
LN102781,66,257845.97,556,0.294,97339.51,Contract,Home,10,1,3,0,Poor,Lower-Middle,0.37751030198377733
LN102782,58,367128.48,527,0.133,234164.1,Employed,Education,13,1,0,0,Poor,Upper-Middle,0.637826027553079
LN102783,62,252729.85,670,0.272,439997.46,Employed,Personal,7,0,0,0,Good,Lower-Middle,1.740979389652627
LN102784,65,483530.47,754,0.436,45543.38,Contract,Education,7,0,1,0,Very Good,High,0.09418926588018331
LN102785,26,125365.23,656,0.112,136405.82,Employed,Personal,14,1,3,0,Fair,Low,1.0880674011446396
LN102786,34,222720.08,711,0.103,97213.33,Self-employed,Vehicle,6,1,1,0,Good,Lower-Middle,0.43648210794464515
LN102787,23,923744.26,726,0.382,103158.25,Employed,Personal,3,0,1,1,Good,High,0.11167403627493176
LN102788,21,212605.48,670,0.069,65841.62,Employed,Personal,13,0,0,0,Good,Lower-Middle,0.3096891952173575
LN102789,61,263092.7,589,0.378,179783.48,Contract,Personal,8,0,3,0,Fair,Lower-Middle,0.6833465162659398
LN102790,66,184631.69,665,0.271,173886.28,Employed,Home,15,1,1,0,Fair,Low,0.9418008360319943
LN102791,28,360862.71,741,0.282,566994.43,Employed,Education,14,1,1,0,Very Good,Upper-Middle,1.5712192318236484
LN102792,56,200103.91,690,0.292,46608.31,Employed,Personal,12,1,1,0,Good,Low,0.2329205361354508
LN102793,47,270885.56,706,0.03,35316.1,Contract,Vehicle,5,3,0,0,Good,Lower-Middle,0.13037276700906464
LN102794,24,478501.37,615,0.282,418240.13,Employed,Vehicle,11,1,0,0,Fair,High,0.874062554930616
LN102795,65,204274.07,635,0.144,106351.6,Self-employed,Business,7,2,0,0,Fair,Low,0.5206319137813233
LN102796,63,462903.49,641,0.357,81741.49,Employed,Business,12,2,1,0,Fair,High,0.17658430270206
LN102797,48,471542.2,646,0.304,124317.31,Employed,Business,14,1,1,0,Fair,High,0.2636398396580412
LN102798,55,535932.56,738,0.226,44426.06,Employed,Education,11,0,3,0,Good,High,0.08289487020531089
LN102799,40,324109.05,474,0.212,140441.29,Employed,Home,7,1,1,0,Poor,Upper-Middle,0.4333149290339163
LN102800,59,1783753.21,652,0.398,104408.4,Employed,Home,15,0,2,0,Fair,High,0.05853298506467719
LN102801,42,535808.06,644,0.625,221060.53,Employed,Personal,13,1,2,0,Fair,High,0.4125741034951956
LN102802,69,358692.39,547,0.428,192008.35,Employed,Personal,3,1,3,0,Poor,Upper-Middle,0.53530087437874
LN102803,24,185308.88,700,0.374,202693.86,Employed,Vehicle,15,1,3,0,Good,Low,1.093816227263367
LN102804,29,284405.19,596,0.073,124527.15,Employed,Vehicle,7,1,2,0,Fair,Lower-Middle,0.43785118689289737
LN102805,68,657380.05,623,0.263,312094.33,Employed,Business,4,0,0,0,Fair,High,0.4747547936692025
LN102806,35,768181.87,789,0.429,159979.37,Employed,Home,4,0,1,0,Very Good,High,0.20825715399922157
LN102807,36,676453.34,726,0.139,77785.26,Employed,Home,12,0,0,0,Good,High,0.11498983802785274
LN102808,59,462033.89,693,0.21,65006.32,Contract,Business,6,2,0,0,Good,High,0.14069599959431547
LN102809,30,150380.59,679,0.532,69946.8,Self-employed,Education,10,1,0,1,Good,Low,0.46513183649565415
LN102810,46,392180.22,638,0.253,161292.57,Contract,Personal,7,2,0,0,Fair,Upper-Middle,0.4112715577547486
LN102811,35,151564.48,800,0.603,46290.08,Employed,Business,15,2,1,0,Excellent,Low,0.30541509461847527
LN102812,30,132379.57,710,0.703,121668.39,Contract,Personal,2,0,2,0,Good,Low,0.9190873637072547
LN102813,68,342174.13,594,0.485,64014.68,Employed,Education,9,1,3,0,Fair,Upper-Middle,0.18708217362896487
LN102814,30,400031.05,545,0.111,48713.28,Employed,Personal,5,0,4,1,Poor,Upper-Middle,0.12177374731286483
LN102815,25,493064.44,693,0.584,54103.48,Employed,Personal,12,1,1,1,Good,High,0.10972902446584873
LN102816,54,394337.6,646,0.094,108311.99,Self-employed,Business,15,0,0,0,Fair,Upper-Middle,0.274668177723859
LN102817,63,401880.49,543,0.333,180717.32,Contract,Home,5,1,3,1,Poor,Upper-Middle,0.4496792566367181
LN102818,27,174552.15,682,0.246,70889.46,Self-employed,Personal,14,1,2,0,Good,Low,0.406121952665722
LN102819,55,283169.4,630,0.272,28533.97,Employed,Business,9,2,0,0,Fair,Lower-Middle,0.10076643168364943
LN102820,47,130956.9,690,0.399,854740.09,Self-employed,Vehicle,0,2,0,0,Good,Low,6.526880905091676
LN102821,61,99676.45,683,0.129,227476.8,Self-employed,Personal,12,0,1,0,Good,Low,2.2821519024804755
LN102822,27,450850.57,604,0.493,201635.55,Employed,Vehicle,8,3,1,0,Fair,High,0.44723365881515903
LN102823,68,198256.98,697,0.177,316904.82,Employed,Home,15,0,1,0,Good,Low,1.5984547933696962
LN102824,51,484761.32,613,0.312,116806.74,Self-employed,Home,7,1,5,1,Fair,High,0.24095721993660715
LN102825,62,551903.74,618,0.072,100758.81,Employed,Education,4,0,0,0,Fair,High,0.1825659126716554
LN102826,38,213397.78,610,0.188,265534.5,Employed,Home,2,1,2,0,Fair,Lower-Middle,1.244317068340636
LN102827,67,415072.65,735,0.138,264372.23,Contract,Education,1,3,0,1,Good,Upper-Middle,0.6369300169500447
LN102828,51,208543.21,629,0.194,164079.62,Unemployed,Vehicle,11,1,1,0,Fair,Lower-Middle,0.78678955790505
LN102829,27,108695.36,753,0.217,195215.48,Employed,Home,15,1,2,1,Very Good,Low,1.795987243613711
LN102830,66,321051.85,784,0.187,49169.74,Unemployed,Vehicle,10,1,0,0,Very Good,Upper-Middle,0.15315202201762737
LN102831,59,231551.39,595,0.286,93048.9,Contract,Personal,9,1,2,0,Fair,Lower-Middle,0.4018498874051241
LN102832,35,235505.32,431,0.048,332939.23,Employed,Vehicle,0,3,0,0,Poor,Lower-Middle,1.4137227558171508
LN102833,47,889110.2,728,0.33,185546.24,Self-employed,Personal,0,1,1,0,Good,High,0.2086875620142475
LN102834,40,129614.04,624,0.684,42528.18,Contract,Personal,7,0,0,0,Fair,Low,0.3281139913546403
LN102835,47,370317.82,585,0.183,77887.35,Self-employed,Personal,8,2,1,1,Fair,Upper-Middle,0.21032568727046408
LN102836,68,173579.98,606,0.506,299496.35,Employed,Personal,6,1,3,0,Fair,Low,1.7254083679465797
LN102837,65,494390.78,619,0.296,147875.62,Employed,Personal,14,0,0,0,Fair,High,0.2991067511412733
LN102838,31,353512.79,747,0.393,123805.08,Employed,Education,5,1,0,0,Very Good,Upper-Middle,0.35021386354932166
LN102839,68,369600.19,662,0.195,126248.86,Employed,Education,15,0,1,1,Fair,Upper-Middle,0.3415822378229838
LN102840,42,178411.59,746,0.237,104184.72,Employed,Home,4,1,2,0,Very Good,Low,0.5839571296909579
LN102841,55,196902.59,687,0.488,78235.42,Employed,Business,5,0,2,0,Good,Low,0.3973305785363209
LN102842,58,499581.25,627,0.276,63984.93,Employed,Business,4,0,0,0,Fair,High,0.12807712459184567
LN102843,44,794506.54,621,0.161,212128.31,Employed,Personal,12,1,0,0,Fair,High,0.26699378711218663
LN102844,43,390704.6,692,0.164,128365.91,Contract,Personal,5,0,1,0,Good,Upper-Middle,0.3285497790402263
LN102845,43,183130.88,712,0.355,174175.76,Employed,Education,7,0,2,0,Good,Low,0.9510998909632281
LN102846,63,361477.09,725,0.518,156934.45,Self-employed,Home,1,1,0,0,Good,Upper-Middle,0.4341477076735347
LN102847,39,1140123.76,630,0.383,274828.17,Employed,Vehicle,6,0,1,0,Fair,High,0.24105117325157752
LN102848,34,317384.83,663,0.182,147820.4,Unemployed,Vehicle,3,1,3,0,Fair,Upper-Middle,0.46574500740945934
LN102849,38,670346.64,694,0.359,187884.35,Employed,Personal,12,1,1,0,Good,High,0.28027939395653567
LN102850,30,199657.09,621,0.26,122635.23,Employed,Personal,13,2,3,0,Fair,Low,0.6142292768065487
LN102851,40,293135.55,565,0.143,59420.65,Self-employed,Vehicle,4,1,2,1,Poor,Lower-Middle,0.20270707527626725
LN102852,26,421805.09,590,0.572,94995.48,Employed,Vehicle,15,2,2,0,Fair,Upper-Middle,0.22521179154096976
LN102853,25,373274.12,632,0.201,161406.8,Contract,Business,6,0,1,0,Fair,Upper-Middle,0.43240822589039923
LN102854,56,196815.89,700,0.556,170881.04,Employed,Personal,13,0,2,0,Good,Low,0.868227865138328
LN102855,24,192202.19,744,0.42,282491.52,Employed,Personal,3,1,1,0,Very Good,Low,1.4697622331982794
LN102856,48,516636.17,548,0.562,81575.76,Employed,Vehicle,13,1,3,1,Poor,High,0.1578978877920994
LN102857,59,577746.63,605,0.476,127406.05,Self-employed,Education,2,0,1,0,Fair,High,0.22052235942942672
LN102858,56,689151.71,623,0.492,101142.42,Employed,Education,5,0,0,0,Fair,High,0.14676364947276993
LN102859,42,809117.58,710,0.123,316171.1,Employed,Home,6,1,1,0,Good,High,0.3907603886199086
LN102860,30,323055.19,610,0.396,140495.01,Self-employed,Vehicle,2,0,4,0,Fair,Upper-Middle,0.4348947620993181
LN102861,66,252806.12,618,0.515,142254.34,Employed,Education,15,1,2,1,Fair,Lower-Middle,0.5627013301734942
LN102862,61,630698.22,544,0.105,107479.65,Employed,Personal,4,2,2,0,Poor,High,0.17041375192084735
LN102863,50,444064.84,686,0.273,95029.34,Employed,Vehicle,6,1,0,0,Good,High,0.2139987935095244
LN102864,25,174763.23,638,0.141,42898.85,Contract,Home,0,0,1,0,Fair,Low,0.24546839744264282
LN102865,22,169912.37,601,0.211,48458.08,Employed,Vehicle,10,1,3,0,Fair,Low,0.2851945388084458
LN102866,36,393210.1,631,0.451,123560.3,Employed,Education,2,1,1,1,Fair,Upper-Middle,0.3142348072951331
LN102867,28,272130.41,735,0.446,113940.61,Employed,Personal,4,0,2,0,Good,Lower-Middle,0.4186985570631375
LN102868,63,295670.6,575,0.308,124009.18,Unemployed,Business,14,2,3,1,Poor,Lower-Middle,0.4194166751783911
LN102869,31,541138.81,587,0.049,202833.08,Employed,Vehicle,13,0,2,0,Fair,High,0.37482634076827714
LN102870,34,455434.95,744,0.352,116849.97,Employed,Education,1,0,2,0,Very Good,High,0.256567858922553
LN102871,68,623415.21,656,0.648,87713.69,Contract,Vehicle,9,1,2,1,Fair,High,0.14069866854868684
LN102872,61,103693.31,700,0.199,95966.18,Employed,Personal,11,0,1,1,Good,Low,0.9254809206109825
LN102873,31,344864.41,680,0.119,128897.79,Unemployed,Business,15,1,2,0,Good,Upper-Middle,0.37376367715068076
LN102874,39,439598.21,647,0.321,85925.37,Self-employed,Education,3,0,2,0,Fair,High,0.1954634210180246
LN102875,46,129562.09,624,0.523,219716.08,Self-employed,Business,5,2,1,0,Fair,Low,1.6958361817102519
LN102876,53,209262.59,712,0.297,109196.86,Employed,Home,3,1,1,0,Good,Lower-Middle,0.5218173969843344
LN102877,66,188956.27,737,0.366,129549.22,Employed,Business,8,1,2,0,Good,Low,0.6856042406002193
LN102878,63,303601.65,731,0.449,64696.81,Contract,Personal,9,2,0,0,Good,Upper-Middle,0.21309768902771112
LN102879,68,734435.49,561,0.317,219784.99,Employed,Home,3,0,1,0,Poor,High,0.2992570388993593
LN102880,22,912516.94,748,0.711,280285.31,Employed,Personal,0,0,2,0,Very Good,High,0.3071562813946227
LN102881,32,191698.59,623,0.138,45351.11,Employed,Education,2,0,0,0,Fair,Low,0.23657508383342832
LN102882,48,400770.51,593,0.176,142744.78,Employed,Business,3,0,1,0,Fair,Upper-Middle,0.3561758573503824
LN102883,23,407940.48,637,0.339,102548.74,Employed,Vehicle,9,0,3,0,Fair,Upper-Middle,0.25138162312305956
LN102884,38,371287.48,712,0.23,132304.18,Employed,Personal,3,1,1,0,Good,Upper-Middle,0.3563389209892022
LN102885,28,373613.29,691,0.442,147575.7,Employed,Education,12,0,2,0,Good,Upper-Middle,0.39499585252976416
LN102886,66,354546.98,631,0.474,25732.61,Contract,Vehicle,10,0,4,0,Fair,Upper-Middle,0.07257884413512704
LN102887,24,758957.7,713,0.414,180214.31,Employed,Personal,3,0,2,0,Good,High,0.2374497419289639
LN102888,28,550121.44,660,0.302,226679.9,Employed,Personal,15,0,3,0,Fair,High,0.4120542911397891
LN102889,30,167452.18,607,0.335,243862.26,Employed,Education,11,0,1,0,Fair,Low,1.4563098551478997
LN102890,28,464717.21,597,0.168,59529.74,Self-employed,Business,13,0,2,0,Fair,High,0.12809884962082638
LN102891,48,490089.4,681,0.614,107807.59,Self-employed,Business,10,0,1,0,Good,High,0.21997535551676897
LN102892,38,356742.59,644,0.367,77492.8,Employed,Personal,10,0,0,1,Fair,Upper-Middle,0.21722329257070203
LN102893,65,558953.27,547,0.329,31676.36,Unemployed,Home,7,0,2,0,Poor,High,0.05667085550818944
LN102894,33,332694.01,714,0.208,73488.66,Employed,Business,10,2,2,0,Good,Upper-Middle,0.22088963970225975
LN102895,47,334969.58,614,0.589,54369.87,Employed,Vehicle,12,1,4,1,Fair,Upper-Middle,0.16231285837955792
LN102896,53,320686.74,769,0.215,136718.28,Employed,Education,15,0,1,0,Very Good,Upper-Middle,0.42632969482929045
LN102897,51,98864.3,545,0.473,38093.33,Unemployed,Business,9,1,0,0,Poor,Low,0.38530925723441123
LN102898,60,287023.29,636,0.377,58193.51,Contract,Vehicle,12,0,3,0,Fair,Lower-Middle,0.2027483902090315
LN102899,30,207731.14,598,0.379,78478.81,Self-employed,Home,15,1,2,0,Fair,Low,0.3777903014444536
LN102900,45,156215.44,577,0.153,181468.94,Employed,Business,9,1,0,0,Poor,Low,1.1616581561976205
LN102901,60,660166.8,613,0.081,669167.28,Employed,Home,12,0,2,1,Fair,High,1.0136336453150931
LN102902,63,395874.25,783,0.546,133952.98,Employed,Home,3,1,2,0,Very Good,Upper-Middle,0.33837255138468847
LN102903,51,295118.03,661,0.695,56238.88,Employed,Vehicle,14,1,1,1,Fair,Lower-Middle,0.19056402619656954
LN102904,52,219892.9,591,0.26,70743.84,Contract,Personal,15,1,2,0,Fair,Lower-Middle,0.32171952800658865
LN102905,63,353073.32,513,0.191,168716.22,Self-employed,Education,5,1,1,0,Poor,Upper-Middle,0.4778503796321965
LN102906,51,517532.5,521,0.377,45859.27,Employed,Vehicle,14,0,0,1,Poor,High,0.08861138189389071
LN102907,67,190366.52,610,0.349,224381.54,Unemployed,Business,12,3,3,0,Fair,Low,1.1786817345823206
LN102908,27,299204.38,602,0.547,131393.5,Employed,Personal,3,0,2,1,Fair,Lower-Middle,0.439142969765349
LN102909,38,483581.11,633,0.136,101411.23,Employed,Personal,15,0,1,0,Fair,High,0.2097088325058851
LN102910,26,103438.98,480,0.267,36792.88,Employed,Vehicle,9,0,1,0,Poor,Low,0.35569646955142054
LN102911,25,290649.8,643,0.237,200082.94,Unemployed,Business,2,0,0,0,Fair,Lower-Middle,0.6883986846025698
LN102912,44,236908.08,727,0.061,67049.05,Employed,Vehicle,1,0,1,0,Good,Lower-Middle,0.28301715163113056
LN102913,32,278711.18,772,0.104,121556.64,Employed,Business,8,0,1,0,Very Good,Lower-Middle,0.43613837091142166
LN102914,40,227667.62,508,0.182,99317.94,Employed,Vehicle,8,1,2,0,Poor,Lower-Middle,0.4362409551257223
LN102915,42,323589.59,590,0.477,39291.58,Unemployed,Personal,13,0,1,1,Fair,Upper-Middle,0.12142411627024219
LN102916,51,864176.86,586,0.255,94683.03,Employed,Business,8,1,3,0,Fair,High,0.10956441254397856
LN102917,67,251043.22,661,0.441,50088.72,Self-employed,Vehicle,6,0,0,0,Fair,Lower-Middle,0.19952229739564367
LN102918,62,352208.57,559,0.321,72000.12,Contract,Vehicle,5,1,2,0,Poor,Upper-Middle,0.20442466803121795
LN102919,39,898649.43,776,0.536,145734.58,Self-employed,Home,8,0,2,0,Very Good,High,0.16217066982393788
LN102920,36,221688.65,653,0.02,173656.52,Employed,Vehicle,4,2,1,0,Fair,Lower-Middle,0.7833351865330047
LN102921,58,813913.35,641,0.12,108703.06,Employed,Education,11,1,2,0,Fair,High,0.1335560597451805
LN102922,27,300879.58,769,0.492,61924.59,Employed,Home,2,0,1,0,Very Good,Upper-Middle,0.20581187330825174
LN102923,47,799371.18,649,0.292,72216.1,Contract,Home,13,0,2,0,Fair,High,0.09034113539094567
LN102924,41,453227.0,680,0.393,71405.73,Contract,Vehicle,3,1,1,0,Good,High,0.15754959435338142
LN102925,29,355203.93,594,0.303,27423.18,Employed,Home,3,2,2,0,Fair,Upper-Middle,0.0772040444484947
LN102926,51,289364.05,547,0.383,115364.82,Employed,Personal,15,0,1,0,Poor,Lower-Middle,0.3986840106778987
LN102927,36,212844.04,604,0.377,37245.51,Employed,Vehicle,6,2,0,0,Fair,Lower-Middle,0.17498967788809122
LN102928,30,312769.92,814,0.368,115585.16,Employed,Home,10,1,0,0,Excellent,Upper-Middle,0.36955331254361035
LN102929,53,491435.78,697,0.14,42599.71,Employed,Home,6,1,3,0,Good,High,0.08668418485931162
LN102930,29,297844.4,671,0.091,50220.08,Unemployed,Vehicle,15,1,0,0,Good,Lower-Middle,0.16861179864385564
LN102931,53,252053.14,577,0.108,169878.0,Employed,Home,2,0,1,0,Poor,Lower-Middle,0.6739769240724396
LN102932,28,261347.8,718,0.457,111770.81,Employed,Home,7,2,1,0,Good,Lower-Middle,0.4276707513895277
LN102933,42,517828.76,548,0.471,32308.58,Employed,Home,1,0,0,0,Poor,High,0.06239240168892898
LN102934,60,588526.1,532,0.538,76497.79,Contract,Vehicle,9,1,0,0,Poor,High,0.12998198380666548
LN102935,32,207856.86,608,0.241,130418.29,Employed,Education,11,0,1,0,Fair,Low,0.6274427988568672
LN102936,58,207692.61,797,0.445,73548.24,Contract,Personal,7,0,1,0,Very Good,Low,0.35412064011329053
LN102937,56,369603.16,792,0.737,88008.35,Employed,Business,13,0,2,0,Very Good,Upper-Middle,0.23811579424807952
LN102938,65,695009.22,616,0.612,128911.67,Employed,Personal,12,1,1,0,Fair,High,0.18548195662785597
LN102939,29,563449.18,599,0.172,113243.17,Employed,Home,15,0,1,0,Fair,High,0.2009820477509613
LN102940,56,150695.88,527,0.198,57714.81,Contract,Vehicle,15,1,1,0,Poor,Low,0.38298863910546194
LN102941,66,259443.95,656,0.215,111606.23,Employed,Personal,15,0,1,0,Fair,Lower-Middle,0.43017472560065473
LN102942,58,179818.95,662,0.113,91259.44,Employed,Education,6,1,0,0,Fair,Low,0.5075073567051748
LN102943,30,258954.04,709,0.263,337362.26,Self-employed,Home,15,1,1,0,Good,Lower-Middle,1.3027881704413649
LN102944,61,725026.33,718,0.215,102871.08,Employed,Personal,10,1,2,0,Good,High,0.14188599191976933
LN102945,26,137187.98,635,0.196,120086.53,Employed,Home,1,1,2,0,Fair,Low,0.8753429418524858
LN102946,49,123150.42,692,0.792,130235.12,Employed,Vehicle,1,0,2,1,Good,Low,1.057528833438002
LN102947,45,190200.29,597,0.249,89209.03,Employed,Personal,6,1,2,0,Fair,Low,0.46902678224097344
LN102948,47,351357.18,690,0.709,68891.34,Contract,Business,8,0,2,0,Good,Upper-Middle,0.19607209962238425
LN102949,46,422081.16,612,0.293,148313.66,Employed,Business,1,1,2,0,Fair,Upper-Middle,0.3513865911475414
LN102950,22,381602.36,684,0.331,149104.16,Employed,Business,9,1,1,0,Good,Upper-Middle,0.3907317554325398
LN102951,45,572727.16,678,0.352,425878.93,Employed,Vehicle,10,0,2,0,Good,High,0.7435982781050579
LN102952,66,113759.37,655,0.272,178225.64,Unemployed,Vehicle,11,1,0,0,Fair,Low,1.5666897592699398
LN102953,42,576726.17,710,0.176,180190.01,Employed,Home,15,0,2,0,Good,High,0.3124359867352647
LN102954,34,252681.56,532,0.167,175389.35,Employed,Education,5,0,1,0,Poor,Lower-Middle,0.6941121861049141
LN102955,69,448587.76,570,0.153,70229.66,Contract,Personal,0,2,1,1,Poor,High,0.15655723642571076
LN102956,25,144878.94,630,0.619,48559.87,Contract,Home,15,3,1,0,Fair,Low,0.33517549203493624
LN102957,44,300818.97,542,0.159,57291.09,Employed,Vehicle,8,0,3,1,Poor,Upper-Middle,0.19045038948175377
LN102958,46,341631.07,619,0.595,172028.86,Employed,Business,10,3,1,1,Fair,Upper-Middle,0.503551565143065
LN102959,44,566482.14,622,0.522,277144.11,Contract,Home,8,1,1,1,Fair,High,0.48923715406102647
LN102960,66,125448.14,748,0.346,177253.72,Employed,Vehicle,7,1,3,1,Very Good,Low,1.4129641140952747
LN102961,41,305117.33,661,0.141,98688.91,Unemployed,Business,2,0,0,0,Fair,Upper-Middle,0.3234457708449402
LN102962,68,165158.08,727,0.189,327117.3,Employed,Vehicle,9,1,1,0,Good,Low,1.9806315258690341
LN102963,24,396154.9,673,0.238,82442.82,Employed,Personal,13,1,0,0,Good,Upper-Middle,0.20810753571393412
LN102964,56,460011.54,610,0.423,52152.95,Employed,Vehicle,1,1,0,0,Fair,High,0.11337313407398432
LN102965,50,608943.88,660,0.401,129661.23,Employed,Vehicle,6,0,1,0,Fair,High,0.21292804519194772
LN102966,32,223523.44,705,0.041,254726.32,Employed,Home,14,0,0,0,Good,Lower-Middle,1.139595560984566
LN102967,32,499574.65,740,0.219,63561.65,Employed,Home,6,0,0,0,Very Good,High,0.12723153586756253
LN102968,56,634145.45,640,0.208,36319.85,Contract,Vehicle,2,0,0,0,Fair,High,0.057273690128975936
LN102969,52,121510.01,526,0.208,112729.17,Employed,Personal,15,0,0,0,Poor,Low,0.9277356655636848
LN102970,50,420133.36,521,0.514,181619.59,Employed,Education,2,1,2,0,Poor,Upper-Middle,0.43229033276481543
LN102971,23,508245.03,626,0.272,16014.78,Employed,Vehicle,3,1,1,0,Fair,High,0.031509958887350066
LN102972,50,260208.43,475,0.102,207632.51,Employed,Home,7,1,2,0,Poor,Lower-Middle,0.7979468997218884
LN102973,69,154139.34,785,0.441,45243.65,Self-employed,Personal,6,0,1,0,Very Good,Low,0.293524352705805
LN102974,21,503915.27,695,0.283,176200.0,Employed,Vehicle,6,0,1,0,Good,High,0.3496619580510033
LN102975,43,155097.29,602,0.556,30042.85,Employed,Home,12,0,1,0,Fair,Low,0.19370325555011308
LN102976,45,271969.3,567,0.35,42174.96,Self-employed,Business,8,1,4,0,Poor,Lower-Middle,0.15507250266849973
LN102977,64,293452.05,727,0.298,164456.7,Employed,Business,7,3,0,0,Good,Lower-Middle,0.5604210296026216
LN102978,34,444668.21,566,0.156,242434.25,Contract,Home,11,1,2,0,Poor,High,0.5452025680000826
LN102979,44,212541.04,574,0.515,109348.34,Employed,Vehicle,9,1,0,0,Poor,Lower-Middle,0.5144810621045234
LN102980,56,205873.41,593,0.375,521888.65,Employed,Education,10,1,1,0,Fair,Low,2.5349978416348184
LN102981,23,316773.18,659,0.233,56587.78,Employed,Vehicle,7,1,4,0,Fair,Upper-Middle,0.17863816627405135
LN102982,60,521806.71,697,0.328,56119.95,Employed,Business,8,1,2,0,Good,High,0.10754930690714957
LN102983,61,1055616.23,739,0.039,90381.51,Contract,Vehicle,4,1,3,0,Good,High,0.08561966691247254
LN102984,56,130930.65,728,0.245,87628.42,Contract,Home,6,0,0,0,Good,Low,0.6692735429022921
LN102985,52,356816.12,650,0.419,132256.57,Unemployed,Education,2,0,1,1,Fair,Upper-Middle,0.3706574972005189
LN102986,57,165040.06,727,0.324,67872.06,Self-employed,Home,1,0,1,0,Good,Low,0.4112459726444598
LN102987,59,525383.6,600,0.322,159072.84,Contract,Vehicle,13,0,1,0,Fair,High,0.3027746583639078
LN102988,65,179035.3,513,0.362,156620.59,Employed,Education,12,0,2,0,Poor,Low,0.8748028461426323
LN102989,41,207001.48,600,0.436,313932.53,Self-employed,Business,4,1,1,1,Fair,Low,1.5165714274120166
LN102990,43,216953.6,590,0.358,79973.23,Employed,Vehicle,7,0,3,0,Fair,Lower-Middle,0.368619050340718
LN102991,52,287686.99,603,0.34,136935.7,Contract,Personal,15,2,0,0,Fair,Lower-Middle,0.4759885040334984
LN102992,30,358361.11,578,0.275,163086.01,Unemployed,Home,8,0,2,0,Poor,Upper-Middle,0.45508847207220676
LN102993,62,391434.52,615,0.203,109484.31,Self-employed,Business,0,1,0,0,Fair,Upper-Middle,0.2797001909795794
LN102994,58,299049.86,697,0.527,95860.81,Contract,Vehicle,9,2,2,0,Good,Lower-Middle,0.3205512619200022
LN102995,51,144364.65,779,0.241,28761.45,Contract,Vehicle,14,0,0,0,Very Good,Low,0.19922778879732678
LN102996,35,447673.81,521,0.17,116127.2,Employed,Home,3,1,0,1,Poor,High,0.2594013708329285
LN102997,38,291387.85,553,0.2,161993.21,Employed,Personal,15,0,1,0,Poor,Lower-Middle,0.5559367351795897
LN102998,42,568349.54,591,0.168,105942.87,Self-employed,Home,12,0,1,0,Fair,High,0.18640442640280835
LN102999,53,203268.17,707,0.302,66155.07,Self-employed,Personal,0,1,1,0,Good,Low,0.32545710427756597
LN103000,59,124279.29,635,0.15,36928.76,Employed,Vehicle,15,1,0,0,Fair,Low,0.29714331325838766
LN103001,53,294437.92,596,0.265,147668.22,Employed,Personal,10,1,1,0,Fair,Lower-Middle,0.5015258224891685
LN103002,66,611892.4,704,0.556,112394.5,Employed,Business,3,0,0,0,Good,High,0.18368343846074897
LN103003,68,327766.23,722,0.348,271496.34,Contract,Vehicle,12,1,0,0,Good,Upper-Middle,0.8283231008880935
LN103004,55,268799.05,649,0.283,42878.58,Self-employed,Personal,13,0,1,0,Fair,Lower-Middle,0.15951909056226204
LN103005,39,185878.2,589,0.083,81026.78,Self-employed,Vehicle,9,0,2,0,Fair,Low,0.4359133023668187
LN103006,50,788832.52,670,0.324,46601.41,Employed,Education,15,3,1,0,Good,High,0.05907643107817107
LN103007,41,170289.69,633,0.024,214205.91,Employed,Home,14,2,1,0,Fair,Low,1.2578912440324486
LN103008,51,201303.89,632,0.442,246128.6,Employed,Home,4,1,1,0,Fair,Low,1.2226718519945143
LN103009,60,410469.36,612,0.068,383814.62,Employed,Personal,2,0,0,0,Fair,Upper-Middle,0.935062777889195
LN103010,39,108090.74,719,0.07,154378.34,Employed,Vehicle,12,1,0,0,Good,Low,1.4282290971456018
LN103011,45,604745.28,669,0.348,183736.99,Employed,Home,15,1,2,0,Fair,High,0.3038254221678257
LN103012,23,422880.1,728,0.286,146047.92,Employed,Vehicle,4,0,0,0,Good,Upper-Middle,0.3453648445505003
LN103013,57,491941.38,750,0.466,159652.43,Employed,Personal,8,0,1,0,Very Good,High,0.3245354761577487
LN103014,45,407787.76,684,0.453,113565.54,Self-employed,Business,8,0,1,0,Good,Upper-Middle,0.2784917820976284
LN103015,43,274558.55,612,0.192,164468.41,Employed,Business,5,1,1,0,Fair,Lower-Middle,0.5990285496481534
LN103016,47,167176.59,728,0.282,442073.36,Employed,Personal,8,1,0,0,Good,Low,2.6443496664215966
LN103017,31,277755.43,685,0.244,126801.39,Unemployed,Business,8,0,2,0,Good,Lower-Middle,0.4565217320863898
LN103018,50,175458.49,845,0.537,111729.95,Employed,Personal,15,0,0,0,Excellent,Low,0.6367885076407531
LN103019,57,391963.18,673,0.349,125114.45,Contract,Education,5,0,2,0,Good,Upper-Middle,0.3191994972589007
LN103020,38,467552.38,702,0.231,99840.17,Employed,Education,2,2,0,0,Good,High,0.2135379355784693
LN103021,27,675887.89,672,0.249,129108.71,Employed,Business,7,1,1,0,Good,High,0.19102089549200238
LN103022,39,368063.21,643,0.047,97663.87,Employed,Home,2,1,0,0,Fair,Upper-Middle,0.2653453736927415
LN103023,30,498846.74,631,0.579,231381.8,Unemployed,Education,2,3,1,1,Fair,High,0.46383344110858576
LN103024,39,254767.88,672,0.645,216831.24,Contract,Personal,10,1,0,0,Good,Lower-Middle,0.8510933167870298
LN103025,51,230610.48,689,0.633,449590.91,Employed,Home,13,0,1,0,Good,Lower-Middle,1.949568423776751
LN103026,26,389281.22,737,0.124,108329.7,Contract,Personal,1,0,1,0,Good,Upper-Middle,0.27828134118568576
LN103027,57,242553.52,673,0.399,132700.48,Employed,Business,6,2,0,0,Good,Lower-Middle,0.5470977291939528
LN103028,32,347872.02,615,0.433,129154.95,Employed,Education,2,0,0,0,Fair,Upper-Middle,0.3712714520702182
LN103029,64,167356.58,625,0.447,125237.98,Employed,Personal,7,0,6,0,Fair,Low,0.74833018217748
LN103030,56,184728.51,551,0.218,229287.39,Employed,Home,9,0,1,0,Poor,Low,1.2412127938454114
LN103031,34,425496.87,775,0.325,38253.71,Employed,Business,14,0,1,0,Very Good,Upper-Middle,0.08990362255778755
LN103032,48,488559.87,609,0.302,148404.41,Employed,Home,14,1,1,1,Fair,High,0.3037589026704138
LN103033,26,174455.83,723,0.439,402514.21,Employed,Home,14,1,2,0,Good,Low,2.307255710514232
LN103034,25,433815.94,671,0.47,266772.25,Employed,Education,6,0,1,0,Good,Upper-Middle,0.6149434020335905
LN103035,67,223805.61,673,0.19,247658.0,Employed,Personal,12,1,2,0,Good,Lower-Middle,1.106576372236603
LN103036,60,302735.75,641,0.141,190151.29,Employed,Personal,4,0,1,0,Fair,Upper-Middle,0.6281097954238969
LN103037,28,653996.44,591,0.393,74680.76,Employed,Education,0,1,1,0,Fair,High,0.1141913861182486
LN103038,34,467734.33,577,0.042,67564.49,Employed,Personal,14,2,0,0,Poor,High,0.14445056876624815
LN103039,30,464755.78,780,0.495,67908.49,Employed,Personal,14,0,0,0,Very Good,High,0.14611650445745936
LN103040,40,857153.63,659,0.43,52482.76,Employed,Business,2,0,1,0,Fair,High,0.06122911711871302
LN103041,35,203700.1,734,0.545,203522.37,Employed,Home,3,0,5,0,Good,Low,0.9991274918372647
LN103042,37,174434.84,754,0.273,285692.62,Employed,Business,14,0,1,0,Very Good,Low,1.637818568813432
LN103043,46,201666.48,619,0.267,145890.7,Employed,Business,7,1,0,0,Fair,Low,0.7234256282947965
LN103044,30,260813.84,682,0.255,185599.44,Employed,Business,12,0,0,0,Good,Lower-Middle,0.7116165307791948
LN103045,64,82169.13,653,0.295,133117.89,Employed,Vehicle,14,0,2,1,Fair,Low,1.6200474557781006
LN103046,56,267654.49,563,0.196,159202.02,Employed,Business,8,1,4,0,Poor,Lower-Middle,0.5948042194248264
LN103047,58,222353.53,636,0.254,27782.27,Employed,Home,1,1,1,0,Fair,Lower-Middle,0.12494638605467609
LN103048,29,461670.0,694,0.533,134965.66,Contract,Home,9,0,0,0,Good,High,0.2923422791171183
LN103049,55,364167.21,613,0.613,83419.28,Employed,Vehicle,2,2,2,1,Fair,Upper-Middle,0.22906861933011485
LN103050,61,215594.5,626,0.13,107165.7,Employed,Business,11,3,0,0,Fair,Lower-Middle,0.49707065811048057
LN103051,29,414992.7,637,0.116,127386.71,Contract,Business,9,0,1,0,Fair,Upper-Middle,0.30696132727153996
LN103052,57,446561.51,808,0.693,69085.15,Employed,Education,6,2,3,0,Excellent,High,0.1547046676727692
LN103053,38,196582.52,512,0.229,54671.03,Employed,Personal,7,1,1,0,Poor,Low,0.2781072803421179
LN103054,59,228747.58,688,0.069,67735.65,Employed,Education,15,1,3,0,Good,Lower-Middle,0.2961152638204959
LN103055,44,88219.91,631,0.382,42908.2,Unemployed,Home,6,0,0,0,Fair,Low,0.48637773491267444
LN103056,60,164666.05,602,0.219,51914.38,Employed,Personal,13,0,0,0,Fair,Low,0.31527069483964665
LN103057,28,199422.21,629,0.113,56761.09,Employed,Home,12,1,1,0,Fair,Low,0.2846277252669098
LN103058,40,312490.44,700,0.305,43279.37,Employed,Personal,15,2,0,0,Good,Upper-Middle,0.13849822093757494
LN103059,34,178363.21,704,0.25,155117.74,Employed,Vehicle,14,1,3,0,Good,Low,0.8696734040612971
LN103060,33,226191.93,664,0.326,61261.87,Employed,Vehicle,9,1,1,0,Fair,Lower-Middle,0.2708402107891294
LN103061,36,152910.17,732,0.147,32766.83,Unemployed,Personal,15,0,0,0,Good,Low,0.21428810130810788
LN103062,39,329605.05,745,0.549,84746.62,Employed,Education,11,0,2,0,Very Good,Upper-Middle,0.2571156600907662
LN103063,27,379147.57,711,0.412,53350.62,Self-employed,Personal,1,2,1,0,Good,Upper-Middle,0.14071201880576473
LN103064,55,374309.66,609,0.292,283974.4,Contract,Personal,1,0,0,0,Fair,Upper-Middle,0.7586616920332755
LN103065,47,302046.54,687,0.341,119925.98,Employed,Vehicle,10,1,0,0,Good,Upper-Middle,0.39704470708388184
LN103066,61,128533.85,687,0.317,42294.98,Employed,Personal,8,1,0,0,Good,Low,0.329057131642754
LN103067,55,213323.11,589,0.345,159195.55,Employed,Home,13,0,0,0,Fair,Lower-Middle,0.7462649030384003
LN103068,28,239790.06,532,0.259,116246.69,Self-employed,Personal,8,0,1,0,Poor,Lower-Middle,0.48478527425198525
LN103069,24,240319.68,498,0.365,94196.63,Employed,Vehicle,3,0,1,0,Poor,Lower-Middle,0.39196386246852527
LN103070,41,312630.55,655,0.367,306121.75,Employed,Vehicle,13,0,0,0,Fair,Upper-Middle,0.9791805375386379
LN103071,44,657096.07,672,0.154,58346.06,Employed,Education,7,1,2,0,Good,High,0.0887938045345485
LN103072,32,468921.51,561,0.459,215578.55,Employed,Business,15,1,1,0,Poor,High,0.4597326959899962
LN103073,59,174277.3,728,0.216,84292.36,Employed,Vehicle,0,1,2,0,Good,Low,0.4836680393832129
LN103074,49,435678.27,661,0.14,108695.31,Employed,Business,0,0,0,0,Fair,Upper-Middle,0.24948526810850583
LN103075,57,426643.5,751,0.627,67565.22,Contract,Education,2,1,0,0,Very Good,Upper-Middle,0.15836458307697177
LN103076,26,192567.23,678,0.236,70423.84,Unemployed,Vehicle,15,1,1,0,Good,Low,0.365710406697962
LN103077,60,478501.21,570,0.283,82851.9,Contract,Personal,2,0,1,1,Poor,High,0.17314877845345467
LN103078,31,274671.36,684,0.499,31975.93,Employed,Personal,11,1,1,0,Good,Lower-Middle,0.11641523164264378
LN103079,42,138145.58,700,0.189,137799.86,Employed,Education,11,1,1,0,Good,Low,0.9974974226464575
LN103080,42,385346.9,609,0.202,118529.44,Employed,Home,14,0,1,0,Fair,Upper-Middle,0.30759152337802637
LN103081,61,338022.17,542,0.268,41553.05,Employed,Personal,9,0,0,0,Poor,Upper-Middle,0.12292995456481451
LN103082,34,264690.12,658,0.295,168924.16,Contract,Personal,0,0,1,0,Fair,Lower-Middle,0.6381959402186981
LN103083,32,293883.46,575,0.15,283601.94,Self-employed,Personal,0,1,2,0,Poor,Lower-Middle,0.9650149756641628
LN103084,37,202003.59,734,0.323,71417.51,Employed,Personal,0,1,1,0,Good,Low,0.35354574638995273
LN103085,38,419621.98,619,0.486,66047.87,Self-employed,Vehicle,9,1,1,0,Fair,Upper-Middle,0.1573984994780302
LN103086,29,292915.63,779,0.33,226829.5,Employed,Education,6,1,2,0,Very Good,Lower-Middle,0.774385101948981
LN103087,29,328760.44,491,0.238,142964.14,Self-employed,Personal,1,0,2,0,Poor,Upper-Middle,0.434858099107058
LN103088,32,365114.33,660,0.13,100698.4,Employed,Home,0,0,0,0,Fair,Upper-Middle,0.2757996378832898
LN103089,43,158977.13,757,0.512,186782.67,Contract,Personal,3,1,2,0,Very Good,Low,1.174902767460955
LN103090,37,183447.19,583,0.399,131453.36,Unemployed,Home,7,0,1,0,Fair,Low,0.7165733091905087
LN103091,40,88971.23,638,0.651,278385.18,Employed,Business,14,1,1,0,Fair,Low,3.128934825336235
LN103092,56,409276.4,620,0.386,108808.56,Employed,Home,13,0,2,0,Fair,Upper-Middle,0.26585593501115623
LN103093,32,154017.61,599,0.237,145138.34,Employed,Personal,7,1,0,0,Fair,Low,0.942348995027257
LN103094,65,322691.2,668,0.22,224577.38,Contract,Vehicle,4,1,3,0,Fair,Upper-Middle,0.6959513615493698
LN103095,57,367905.46,553,0.036,22407.41,Employed,Business,12,0,1,0,Poor,Upper-Middle,0.060905347803210094
LN103096,29,417830.79,642,0.225,229922.34,Unemployed,Personal,14,1,2,0,Fair,Upper-Middle,0.5502762015216734
LN103097,36,154713.21,689,0.456,79214.68,Contract,Vehicle,5,1,0,0,Good,Low,0.5120098018779392
LN103098,29,289438.72,634,0.221,152238.18,Employed,Home,7,0,2,0,Fair,Lower-Middle,0.5259772431276645
LN103099,34,751774.72,575,0.408,324460.2,Employed,Personal,1,0,0,0,Poor,High,0.43159232595637165
LN103100,38,770204.1,727,0.241,90165.42,Self-employed,Vehicle,2,0,0,0,Good,High,0.11706691771700514
LN103101,27,516363.09,705,0.477,81809.51,Employed,Personal,14,0,1,0,Good,High,0.1584340778501422
LN103102,21,361189.84,572,0.206,106154.7,Employed,Personal,3,0,0,0,Poor,Upper-Middle,0.29390278530536734
LN103103,42,172599.51,553,0.524,42798.01,Employed,Personal,2,1,1,0,Poor,Low,0.2479613644326105
LN103104,55,445422.99,579,0.379,459395.2,Employed,Vehicle,5,0,2,0,Poor,High,1.031368407813885
LN103105,35,275027.42,691,0.217,107001.68,Employed,Home,5,0,0,0,Good,Lower-Middle,0.3890582255398389
LN103106,63,408328.92,671,0.194,320574.33,Employed,Education,3,1,1,0,Good,Upper-Middle,0.785088477201174
LN103107,39,211816.13,709,0.425,88579.06,Employed,Vehicle,11,2,3,0,Good,Lower-Middle,0.4181884542976023
LN103108,65,272781.0,626,0.548,112458.47,Employed,Personal,9,0,0,0,Fair,Lower-Middle,0.4122665068314875
LN103109,32,328344.55,581,0.221,203212.47,Self-employed,Education,9,1,0,0,Fair,Upper-Middle,0.6189000852915025
LN103110,47,343516.6,719,0.396,53733.73,Employed,Education,15,2,0,1,Good,Upper-Middle,0.15642251349716435
LN103111,58,393597.95,608,0.366,102906.7,Employed,Education,14,0,1,0,Fair,Upper-Middle,0.2614513109125695
LN103112,23,218159.24,664,0.211,198323.97,Unemployed,Education,4,0,1,0,Fair,Lower-Middle,0.9090789370186658
LN103113,66,143305.11,534,0.724,95775.63,Contract,Business,15,1,1,0,Poor,Low,0.668333669329726
LN103114,38,733196.87,607,0.299,80357.24,Employed,Home,10,0,4,0,Fair,High,0.10959844932234913
LN103115,45,1179531.1,726,0.485,227097.31,Contract,Home,2,1,0,0,Good,High,0.192531854395361
LN103116,51,383701.1,596,0.429,273473.69,Employed,Vehicle,5,1,1,0,Fair,Upper-Middle,0.7127258431106922
LN103117,52,144833.79,711,0.583,303252.86,Self-employed,Vehicle,3,1,1,0,Good,Low,2.093799105857825
LN103118,22,196080.47,475,0.485,70933.02,Employed,Personal,12,0,0,1,Poor,Low,0.36175464083699926
LN103119,63,396944.76,608,0.069,75484.32,Employed,Business,10,1,0,0,Fair,Upper-Middle,0.19016328619629594
LN103120,51,627281.91,637,0.191,80959.85,Contract,Personal,12,2,2,0,Fair,High,0.1290645381436235
LN103121,69,153959.97,781,0.106,175478.89,Employed,Business,2,0,1,0,Very Good,Low,1.1397695777675199
LN103122,44,280170.8,562,0.299,50529.73,Employed,Home,8,1,3,1,Poor,Lower-Middle,0.18035330591196516
LN103123,51,334135.0,700,0.265,52418.61,Contract,Home,8,0,3,1,Good,Upper-Middle,0.15687853711823066
LN103124,42,482654.28,729,0.546,69141.88,Employed,Home,10,0,2,0,Good,High,0.14325342769155594
LN103125,64,248340.77,596,0.392,59777.88,Employed,Personal,5,0,1,0,Fair,Lower-Middle,0.24070908695338264
LN103126,61,126936.17,622,0.525,195451.95,Employed,Vehicle,1,0,2,0,Fair,Low,1.5397656160572673
LN103127,65,422183.96,661,0.185,187075.48,Self-employed,Vehicle,14,0,4,0,Fair,Upper-Middle,0.443113660689525
LN103128,45,556919.25,539,0.273,80430.03,Self-employed,Vehicle,6,0,1,0,Poor,High,0.14441955454044728
LN103129,59,286677.29,616,0.122,96976.34,Employed,Business,14,0,1,0,Fair,Lower-Middle,0.33827702222244393
LN103130,38,374901.95,746,0.1,21108.04,Employed,Home,6,1,3,0,Very Good,Upper-Middle,0.056302827979422355
LN103131,43,231091.17,689,0.302,81708.04,Employed,Vehicle,4,2,0,0,Good,Lower-Middle,0.3535749115814334
LN103132,58,188407.55,638,0.525,246916.48,Employed,Education,7,0,0,0,Fair,Low,1.3105445084339775
LN103133,24,527588.49,658,0.347,78869.72,Employed,Vehicle,1,1,0,0,Fair,High,0.14949097922890622
LN103134,55,371260.95,694,0.239,54073.74,Employed,Personal,8,0,0,0,Good,Upper-Middle,0.14564887581093566
LN103135,21,392872.53,708,0.303,269084.83,Self-employed,Personal,15,0,4,0,Good,Upper-Middle,0.6849163773298174
LN103136,49,685361.07,608,0.295,53307.03,Contract,Personal,4,0,1,0,Fair,High,0.07777948344804586
LN103137,44,167942.09,765,0.199,300491.51,Employed,Business,2,0,0,0,Very Good,Low,1.78925670152134
LN103138,43,221443.62,749,0.183,718828.99,Employed,Vehicle,2,2,0,0,Very Good,Lower-Middle,3.246103861560789
LN103139,45,327224.28,701,0.053,102451.05,Self-employed,Business,2,1,2,0,Good,Upper-Middle,0.3130912229373688
LN103140,45,219952.19,587,0.137,246888.35,Employed,Personal,6,0,0,0,Fair,Lower-Middle,1.1224637044986914
LN103141,40,461511.78,573,0.452,37176.37,Employed,Business,4,1,2,0,Poor,High,0.08055345846210037
LN103142,43,270619.26,626,0.141,36128.01,Employed,Education,11,1,1,0,Fair,Lower-Middle,0.13350125190646076
LN103143,48,173797.26,655,0.293,65536.52,Employed,Home,5,0,1,0,Fair,Low,0.37708603691450604
LN103144,58,311051.0,517,0.127,187739.11,Employed,Personal,5,1,1,0,Poor,Upper-Middle,0.6035637564257951
LN103145,48,329464.56,687,0.113,110124.77,Contract,Business,2,0,2,0,Good,Upper-Middle,0.33425376617139035
LN103146,52,501627.4,747,0.424,97448.03,Employed,Business,9,2,1,1,Very Good,High,0.19426377028049105
LN103147,61,372415.43,693,0.115,47533.61,Employed,Home,5,1,0,0,Good,Upper-Middle,0.12763598436294651
LN103148,69,386608.67,599,0.191,101261.16,Employed,Education,11,0,2,0,Fair,Upper-Middle,0.2619215963263318
LN103149,26,357788.81,590,0.089,72394.67,Self-employed,Business,0,0,0,0,Fair,Upper-Middle,0.20233911172347732
LN103150,55,270496.75,672,0.302,60392.09,Self-employed,Vehicle,10,1,2,0,Good,Lower-Middle,0.22326364364821388
LN103151,32,202322.3,639,0.236,57150.91,Employed,Education,12,1,0,0,Fair,Low,0.28247459622592275
LN103152,30,351652.53,683,0.415,124616.48,Employed,Business,11,0,3,0,Good,Upper-Middle,0.3543739042628244
LN103153,59,249775.83,695,0.41,68873.24,Employed,Education,4,0,2,0,Good,Lower-Middle,0.2757402107321594
LN103154,24,759898.53,732,0.521,109534.99,Employed,Home,11,0,0,0,Good,High,0.14414423199371107
LN103155,62,627650.03,565,0.208,34834.96,Employed,Home,13,1,0,1,Poor,High,0.05550061074640592
LN103156,58,424895.81,667,0.327,152554.27,Employed,Education,8,2,0,0,Fair,Upper-Middle,0.35903924305584467
LN103157,69,369421.88,623,0.143,128630.51,Employed,Education,10,1,5,0,Fair,Upper-Middle,0.3481940755647716
LN103158,53,285832.22,643,0.239,94640.96,Self-employed,Business,13,0,1,0,Fair,Lower-Middle,0.3311066890919436
LN103159,63,149929.39,715,0.151,122176.46,Unemployed,Personal,7,0,1,0,Good,Low,0.8148933307872459
LN103160,26,266370.38,723,0.245,201883.29,Employed,Home,2,0,1,0,Good,Lower-Middle,0.7579044261602961
LN103161,64,317206.35,755,0.598,42894.94,Self-employed,Personal,15,3,2,1,Very Good,Upper-Middle,0.13522724245589662
LN103162,28,340353.08,682,0.332,114873.63,Unemployed,Home,5,1,1,1,Good,Upper-Middle,0.3375131201985891
LN103163,36,388396.79,642,0.404,47093.72,Employed,Home,6,2,0,1,Fair,Upper-Middle,0.12125156853124354
LN103164,27,497957.18,631,0.054,116445.78,Employed,Education,9,1,1,0,Fair,High,0.23384697455311318
LN103165,40,205017.99,520,0.474,92965.2,Self-employed,Education,2,1,2,0,Poor,Low,0.45344898757421237
LN103166,57,206044.24,750,0.122,108233.16,Employed,Vehicle,5,0,2,0,Very Good,Low,0.5252908792791297
LN103167,34,666309.08,626,0.55,190938.01,Contract,Education,9,1,0,0,Fair,High,0.2865607204392292
LN103168,61,458436.76,688,0.229,187262.57,Employed,Business,11,0,3,0,Good,High,0.4084807029872561
LN103169,50,241980.82,701,0.303,222926.31,Contract,Personal,2,0,1,1,Good,Lower-Middle,0.9212561144308875
LN103170,51,282821.61,557,0.334,85015.6,Employed,Vehicle,13,2,1,1,Poor,Lower-Middle,0.3005979635007382
LN103171,67,283522.02,581,0.486,173736.77,Contract,Business,4,0,2,0,Fair,Lower-Middle,0.6127805170123999
LN103172,42,305255.23,766,0.469,152901.7,Employed,Home,14,0,0,0,Very Good,Upper-Middle,0.5008978879739424
LN103173,37,389069.57,672,0.226,86417.86,Employed,Home,14,0,2,0,Good,Upper-Middle,0.22211415814400493
LN103174,69,1209580.02,606,0.259,118707.46,Employed,Vehicle,11,0,3,0,Fair,High,0.09813940213728067
LN103175,48,333002.03,641,0.242,100943.33,Employed,Vehicle,14,1,1,0,Fair,Upper-Middle,0.30313127520573974
LN103176,51,431907.51,731,0.161,272368.64,Employed,Home,2,0,0,0,Good,Upper-Middle,0.6306179765200193
LN103177,35,118655.02,720,0.534,186255.8,Employed,Vehicle,7,0,0,0,Good,Low,1.5697254106905885
LN103178,31,229771.99,540,0.667,88426.16,Self-employed,Education,2,1,1,0,Poor,Lower-Middle,0.38484307856671307
LN103179,29,589709.9,773,0.407,84516.14,Employed,Vehicle,7,1,0,0,Very Good,High,0.14331816372762268
LN103180,31,374299.37,722,0.409,204983.66,Employed,Home,9,1,2,0,Good,Upper-Middle,0.5476462864471292
LN103181,30,60000.0,639,0.094,262817.64,Employed,Personal,9,0,1,0,Fair,Low,4.380294
LN103182,57,434630.06,561,0.108,135040.96,Contract,Vehicle,1,0,2,0,Poor,Upper-Middle,0.3107032219538612
LN103183,23,861584.29,729,0.339,168772.62,Self-employed,Personal,1,0,2,0,Good,High,0.1958863711407737
LN103184,51,100086.35,686,0.528,256599.33,Employed,Vehicle,15,3,0,1,Good,Low,2.563779476422109
LN103185,67,691902.95,541,0.128,98186.59,Contract,Personal,4,1,1,0,Poor,High,0.14190803782524702
LN103186,58,65314.03,633,0.656,116133.02,Contract,Business,7,0,1,0,Fair,Low,1.7780715720649913
LN103187,40,502543.34,850,0.132,150935.68,Employed,Vehicle,9,0,2,0,Excellent,High,0.30034360817516753
LN103188,23,298576.37,651,0.18,83231.96,Employed,Personal,2,0,2,0,Fair,Lower-Middle,0.27876271655389206
LN103189,61,82376.34,594,0.472,331908.59,Employed,Personal,5,0,1,0,Fair,Low,4.029173789464306
LN103190,21,383430.46,574,0.212,82746.25,Self-employed,Education,9,3,0,0,Poor,Upper-Middle,0.21580510322523672
LN103191,54,564954.01,783,0.057,114470.42,Contract,Vehicle,3,0,0,0,Very Good,High,0.20261900610281533
LN103192,53,366471.34,714,0.564,382269.11,Employed,Home,12,0,2,0,Good,Upper-Middle,1.0431077911849804
LN103193,30,413822.72,756,0.024,32796.64,Employed,Personal,10,1,1,0,Very Good,Upper-Middle,0.07925287427427861
LN103194,57,239214.49,669,0.408,126577.32,Employed,Education,15,0,2,1,Fair,Lower-Middle,0.5291373444810973
LN103195,29,107772.02,744,0.35,71601.24,Employed,Personal,9,1,0,0,Very Good,Low,0.664376894856383
LN103196,32,438915.84,586,0.579,110012.11,Contract,Home,12,1,1,0,Fair,High,0.2506451122839403
LN103197,60,785363.86,662,0.567,50232.31,Contract,Home,5,2,4,1,Fair,High,0.06396055708496697
LN103198,68,558386.82,672,0.275,86436.44,Unemployed,Vehicle,11,0,0,0,Good,High,0.15479670526607345
LN103199,33,100529.45,754,0.638,111785.91,Employed,Education,14,0,0,0,Very Good,Low,1.1119717654876258
LN103200,66,130397.9,674,0.207,128430.56,Self-employed,Personal,13,1,1,1,Good,Low,0.9849127938410052
LN103201,65,188387.35,603,0.238,196890.82,Contract,Home,12,1,4,0,Fair,Low,1.0451382218604381
LN103202,58,124916.56,655,0.406,24288.06,Self-employed,Education,7,1,2,0,Fair,Low,0.19443426876308476
LN103203,27,307380.66,524,0.235,101358.65,Unemployed,Personal,9,0,0,0,Poor,Upper-Middle,0.32974960103215345
LN103204,35,372471.74,476,0.29,98192.58,Employed,Business,9,2,2,0,Poor,Upper-Middle,0.26362424166730075
LN103205,54,136611.78,712,0.357,105498.79,Employed,Business,3,0,2,0,Good,Low,0.7722525099958436
LN103206,69,459989.25,622,0.263,112332.08,Employed,Education,4,1,3,0,Fair,High,0.2442058808983036
LN103207,60,417543.88,630,0.34,64129.45,Contract,Business,10,1,3,0,Fair,Upper-Middle,0.15358733074952505
LN103208,41,221915.12,712,0.501,40242.86,Employed,Education,10,0,1,0,Good,Lower-Middle,0.18134347943483978
LN103209,32,272842.68,755,0.125,126671.78,Contract,Home,11,2,1,0,Very Good,Lower-Middle,0.4642667342220799
LN103210,68,102656.85,690,0.31,57640.0,Employed,Business,9,1,0,0,Good,Low,0.5614822586120654
LN103211,34,249894.37,795,0.214,142916.74,Self-employed,Home,9,0,1,0,Very Good,Lower-Middle,0.5719086028228647
LN103212,37,301221.0,688,0.417,59817.57,Self-employed,Vehicle,8,2,1,1,Good,Upper-Middle,0.19858366448554385
LN103213,68,329176.36,673,0.357,172560.8,Employed,Home,10,1,1,0,Good,Upper-Middle,0.5242199044913188
LN103214,48,369505.19,668,0.588,106174.52,Employed,Education,5,0,0,1,Fair,Upper-Middle,0.2873424321861352
LN103215,33,343132.08,554,0.157,111074.71,Self-employed,Education,2,2,1,1,Poor,Upper-Middle,0.32370832246288367
LN103216,21,259405.75,722,0.101,93724.18,Unemployed,Personal,10,2,1,0,Good,Lower-Middle,0.36130340210269046
LN103217,42,351141.65,467,0.126,84447.72,Employed,Home,5,0,1,0,Poor,Upper-Middle,0.24049474051283862
LN103218,69,520557.35,606,0.732,94541.72,Employed,Home,12,0,2,1,Fair,High,0.18161633871849087
LN103219,42,284649.48,652,0.313,237116.85,Contract,Vehicle,14,1,0,0,Fair,Lower-Middle,0.833013466246276
LN103220,55,357258.52,591,0.313,40574.43,Employed,Home,6,0,0,0,Fair,Upper-Middle,0.11357162314841364
LN103221,33,270802.13,616,0.239,72182.07,Employed,Home,2,1,0,0,Fair,Lower-Middle,0.26654912204715675
LN103222,59,210201.18,788,0.488,218614.46,Contract,Vehicle,0,2,0,0,Very Good,Lower-Middle,1.04002489424655
LN103223,59,399960.7,733,0.151,187416.43,Self-employed,Business,9,2,2,0,Good,Upper-Middle,0.4685871136839194
LN103224,50,221054.26,599,0.273,263426.69,Employed,Personal,14,1,0,0,Fair,Lower-Middle,1.1916833903133104
LN103225,58,370985.61,615,0.334,105844.69,Unemployed,Vehicle,14,3,0,1,Fair,Upper-Middle,0.28530672658705014
LN103226,49,304698.55,554,0.46,46692.85,Self-employed,Vehicle,14,1,1,0,Poor,Upper-Middle,0.15324277060064775
LN103227,39,253818.24,703,0.379,53537.55,Employed,Business,0,0,0,0,Good,Lower-Middle,0.21092869448625917
LN103228,57,250461.17,631,0.579,90587.67,Employed,Personal,0,0,1,0,Fair,Lower-Middle,0.3616834897002198
LN103229,61,226856.11,503,0.14,180356.1,Contract,Personal,15,0,0,0,Poor,Lower-Middle,0.7950242116026763
LN103230,62,121339.43,658,0.219,93217.86,Self-employed,Business,10,1,3,0,Fair,Low,0.7682404639613026
LN103231,31,370322.7,683,0.499,88666.96,Employed,Home,14,0,2,1,Good,Upper-Middle,0.2394316092424256
LN103232,54,340744.6,722,0.288,142378.37,Employed,Home,15,1,0,0,Good,Upper-Middle,0.41784483158353797
LN103233,21,478712.93,644,0.425,112000.05,Employed,Vehicle,11,0,3,0,Fair,High,0.23396077895786105
LN103234,49,223963.07,622,0.303,82607.3,Self-employed,Education,6,1,1,0,Fair,Lower-Middle,0.36884339904788765
LN103235,48,850856.48,799,0.326,57368.59,Employed,Business,11,0,1,0,Very Good,High,0.06742452029042548
LN103236,38,243453.92,650,0.085,203567.96,Contract,Vehicle,10,0,3,0,Fair,Lower-Middle,0.836166285595237
LN103237,69,185391.94,704,0.381,217360.87,Employed,Business,13,1,0,0,Good,Low,1.1724396972166105
LN103238,64,173687.16,610,0.358,55311.67,Employed,Personal,13,0,0,0,Fair,Low,0.31845572234585445
LN103239,22,115598.75,702,0.11,84671.92,Employed,Personal,2,0,1,0,Good,Low,0.7324639756052725
LN103240,31,696959.86,541,0.265,169696.69,Contract,Personal,14,1,2,0,Poor,High,0.2434812960390574
LN103241,31,637701.01,615,0.178,52509.81,Employed,Education,11,0,1,0,Fair,High,0.082342366056469
LN103242,64,417461.5,559,0.613,139469.47,Employed,Personal,11,0,3,0,Poor,Upper-Middle,0.3340894190242693
LN103243,46,183265.08,605,0.22,88966.56,Employed,Personal,5,1,1,1,Fair,Low,0.48545287514675467
LN103244,56,812389.33,744,0.066,49878.41,Employed,Education,7,2,0,0,Very Good,High,0.061397175169693584
LN103245,60,247234.42,604,0.482,349237.72,Contract,Home,14,1,1,0,Fair,Lower-Middle,1.412577261693578
LN103246,58,258738.6,704,0.385,88106.65,Employed,Education,2,1,2,0,Good,Lower-Middle,0.34052379505802377
LN103247,25,661344.56,764,0.221,154667.89,Employed,Education,8,0,0,0,Very Good,High,0.23386884742803357
LN103248,27,431032.42,648,0.298,53075.68,Contract,Business,15,0,1,0,Fair,Upper-Middle,0.12313616688044023
LN103249,40,1006655.98,725,0.348,301720.54,Employed,Home,12,1,1,0,Good,High,0.2997255725833963
LN103250,37,343978.69,690,0.384,390052.56,Employed,Home,2,1,1,0,Good,Upper-Middle,1.1339439661218549
LN103251,57,241149.13,659,0.253,41432.43,Employed,Vehicle,2,0,2,0,Fair,Lower-Middle,0.17181247968839863
LN103252,28,214281.33,706,0.351,98841.36,Contract,Personal,8,0,1,0,Good,Lower-Middle,0.4612691175661454
LN103253,39,108628.58,788,0.431,260762.04,Contract,Education,3,1,0,0,Very Good,Low,2.4004920252110447
LN103254,32,257380.31,602,0.092,81125.67,Employed,Vehicle,14,1,1,0,Fair,Lower-Middle,0.31519765439710595
LN103255,30,563016.43,578,0.125,143527.21,Employed,Personal,13,0,3,0,Poor,High,0.2549254379663485
LN103256,29,417022.96,574,0.191,36901.63,Employed,Education,15,0,2,0,Poor,Upper-Middle,0.08848824534745041
LN103257,30,303369.6,725,0.099,65896.4,Employed,Education,6,1,1,0,Good,Upper-Middle,0.2172149088109026
LN103258,48,173567.84,735,0.639,134123.2,Employed,Vehicle,4,0,3,0,Good,Low,0.7727422315101693
LN103259,41,339869.81,610,0.121,74988.15,Employed,Personal,8,0,2,1,Fair,Upper-Middle,0.22063786718802708
LN103260,42,523653.4,490,0.453,87019.52,Employed,Home,1,1,2,0,Poor,High,0.16617770456565353
LN103261,44,380192.64,599,0.098,41073.25,Employed,Home,11,0,2,0,Fair,Upper-Middle,0.10803273309025656
LN103262,57,328812.22,691,0.167,168279.03,Employed,Personal,13,1,1,0,Good,Upper-Middle,0.5117785160174401
LN103263,63,193534.5,645,0.429,46051.23,Unemployed,Home,2,0,2,0,Fair,Low,0.23794842779969463
LN103264,46,483345.86,664,0.528,299445.09,Employed,Vehicle,3,2,0,0,Fair,High,0.6195255091250809
LN103265,52,60000.0,611,0.108,70578.87,Contract,Vehicle,4,1,0,0,Fair,Low,1.1763145
LN103266,57,370312.64,726,0.404,185107.62,Employed,Personal,12,1,0,0,Good,Upper-Middle,0.4998684895011955
LN103267,54,1233313.3,676,0.067,173627.68,Employed,Personal,5,1,0,0,Good,High,0.1407814867479334
LN103268,27,130866.42,694,0.109,57984.72,Employed,Personal,11,0,1,0,Good,Low,0.4430832600142955
LN103269,69,262704.36,662,0.47,75659.14,Unemployed,Vehicle,14,1,3,1,Fair,Lower-Middle,0.2880010822812381
LN103270,29,298697.52,689,0.607,81707.46,Contract,Home,7,1,0,0,Good,Lower-Middle,0.2735458265605955
LN103271,41,232609.7,684,0.497,85388.02,Employed,Business,2,1,3,0,Good,Lower-Middle,0.36708709911925425
LN103272,52,530483.21,580,0.467,47322.98,Employed,Home,14,0,2,0,Fair,High,0.08920730969034818
LN103273,40,389019.91,678,0.344,155632.18,Employed,Personal,5,1,1,0,Good,Upper-Middle,0.40006224874197316
LN103274,32,326212.07,709,0.226,70301.58,Employed,Home,9,0,0,0,Good,Upper-Middle,0.21550882528656895
LN103275,66,465113.93,737,0.541,102132.12,Employed,Education,15,1,1,0,Good,High,0.219585167014886
LN103276,24,302776.64,681,0.363,211581.47,Contract,Personal,14,3,3,0,Good,Upper-Middle,0.6988038112847808
LN103277,33,1724526.75,578,0.172,159516.68,Self-employed,Education,13,0,2,0,Poor,High,0.0924988145298413
LN103278,69,326041.05,589,0.108,73451.96,Contract,Education,5,1,0,0,Fair,Upper-Middle,0.2252843928701616
LN103279,56,334015.58,617,0.163,216390.86,Employed,Home,10,0,0,0,Fair,Upper-Middle,0.6478466064367416
LN103280,25,117099.62,664,0.265,169538.7,Employed,Home,5,1,3,0,Fair,Low,1.4478159707093843
LN103281,57,222490.59,641,0.221,69524.64,Employed,Education,8,0,2,0,Fair,Lower-Middle,0.312483507729473
LN103282,68,563879.29,566,0.442,78755.59,Self-employed,Personal,5,2,1,0,Poor,High,0.139667463226039
LN103283,25,143923.4,565,0.125,210778.55,Employed,Education,13,0,0,0,Poor,Low,1.464518973287179
LN103284,41,91572.04,493,0.334,182476.22,Employed,Education,12,0,0,0,Poor,Low,1.9927067257647642
LN103285,43,305379.72,416,0.051,41422.03,Employed,Business,15,0,3,0,Poor,Upper-Middle,0.13564106352576394
LN103286,27,637587.77,640,0.19,57216.66,Employed,Vehicle,4,1,0,0,Fair,High,0.08973926836771039
LN103287,30,307075.04,824,0.531,172859.1,Employed,Vehicle,14,1,0,0,Excellent,Upper-Middle,0.5629213628043491
LN103288,29,249364.07,785,0.167,51271.6,Employed,Home,3,0,2,0,Very Good,Lower-Middle,0.20560941277546518
LN103289,30,107944.17,577,0.413,185617.84,Contract,Personal,10,0,1,1,Poor,Low,1.719572627220164
LN103290,40,384722.48,661,0.088,387122.8,Self-employed,Home,2,0,0,0,Fair,Upper-Middle,1.0062390947365487
LN103291,43,431593.33,540,0.173,140206.82,Contract,Home,11,0,0,0,Poor,Upper-Middle,0.3248586348635184
LN103292,32,112598.64,552,0.304,60372.76,Contract,Home,12,0,0,0,Poor,Low,0.5361766358812149
LN103293,35,559909.59,560,0.466,123372.61,Employed,Home,12,0,3,1,Poor,High,0.22034380586337163
LN103294,30,457105.86,633,0.306,215503.86,Employed,Vehicle,4,0,1,1,Fair,High,0.4714528490183871
LN103295,60,559227.43,636,0.336,117304.39,Employed,Home,12,1,0,0,Fair,High,0.20976150973138064
LN103296,31,413526.37,669,0.13,150652.23,Employed,Vehicle,2,0,1,0,Fair,Upper-Middle,0.36431105953412357
LN103297,65,429794.83,700,0.298,65422.22,Contract,Education,11,0,0,0,Good,Upper-Middle,0.15221732657882367
LN103298,47,399486.1,625,0.307,68723.75,Contract,Home,7,0,3,0,Fair,Upper-Middle,0.17203039104489493
LN103299,60,483689.05,653,0.244,198227.9,Employed,Home,2,1,1,0,Fair,High,0.40982507253368666
LN103300,52,110328.88,568,0.523,69244.24,Employed,Vehicle,15,1,0,0,Poor,Low,0.6276166312936378
LN103301,34,131393.91,549,0.135,20479.99,Employed,Personal,12,0,3,0,Poor,Low,0.15586711743337267
LN103302,50,200132.2,538,0.082,90140.02,Employed,Personal,2,1,1,0,Poor,Low,0.45040238402416005
LN103303,34,279326.51,699,0.326,134923.48,Employed,Home,6,0,1,0,Good,Lower-Middle,0.48303141724714926
LN103304,26,371391.88,625,0.424,218877.51,Contract,Home,11,1,0,0,Fair,Upper-Middle,0.5893438219489344
LN103305,33,358653.73,510,0.291,320612.91,Employed,Home,3,0,1,0,Poor,Upper-Middle,0.8939344085449773
LN103306,34,554568.69,645,0.385,116225.86,Contract,Business,7,1,2,1,Fair,High,0.20957883504025446
LN103307,27,564226.0,556,0.598,168777.54,Employed,Business,1,1,2,0,Poor,High,0.2991310928599533
LN103308,22,185669.96,775,0.19,118971.92,Employed,Education,0,0,0,0,Very Good,Low,0.640770968012273
LN103309,67,342064.51,607,0.105,138466.16,Employed,Business,3,0,2,0,Fair,Upper-Middle,0.4047954580263238
LN103310,46,188194.33,701,0.442,97419.04,Employed,Home,11,1,3,1,Good,Low,0.5176513022469912
LN103311,40,270493.1,732,0.203,141410.54,Employed,Personal,8,2,1,0,Good,Lower-Middle,0.5227879749982532
LN103312,66,358084.05,578,0.3,68445.0,Employed,Personal,4,1,2,0,Poor,Upper-Middle,0.191142275116694
LN103313,32,60000.0,656,0.364,398431.64,Employed,Vehicle,3,1,3,0,Fair,Low,6.640527333333334
LN103314,40,1129992.98,692,0.381,23247.15,Employed,Personal,12,2,1,0,Good,High,0.020572826921455744
LN103315,62,409651.68,659,0.78,159422.3,Employed,Education,10,1,0,0,Fair,Upper-Middle,0.38916549786882354
LN103316,51,216187.41,677,0.348,135393.7,Employed,Business,13,3,1,0,Good,Lower-Middle,0.626279300908411
LN103317,40,865957.51,550,0.092,140023.96,Self-employed,Home,15,0,2,0,Poor,High,0.16169841866721613
LN103318,33,247818.18,692,0.704,50990.99,Self-employed,Home,10,1,1,0,Good,Lower-Middle,0.20575968236067266
LN103319,22,322682.26,614,0.554,36954.44,Employed,Vehicle,0,1,2,0,Fair,Upper-Middle,0.1145226886659341
LN103320,25,229492.14,676,0.348,163078.9,Contract,Home,15,0,1,0,Good,Lower-Middle,0.7106077794211165
LN103321,28,744250.73,719,0.4,262993.94,Employed,Home,2,1,1,0,Good,High,0.35336739273336015
LN103322,59,283168.15,700,0.173,126929.18,Contract,Home,11,2,0,0,Good,Lower-Middle,0.4482466689844885
LN103323,52,325707.17,676,0.417,185657.9,Employed,Vehicle,3,0,0,1,Good,Upper-Middle,0.5700147773842376
LN103324,42,581646.37,698,0.139,81669.97,Self-employed,Personal,12,1,0,0,Good,High,0.14041172473920882
LN103325,59,413893.7,702,0.273,136456.15,Employed,Education,12,1,1,0,Good,Upper-Middle,0.3296888790527616
LN103326,28,291165.27,762,0.184,243997.82,Self-employed,Vehicle,12,0,0,0,Very Good,Lower-Middle,0.8380045463526608
LN103327,31,552524.35,647,0.292,89718.28,Self-employed,Home,4,0,0,0,Fair,High,0.1623788707230731
LN103328,40,1211904.36,662,0.346,237744.63,Employed,Education,10,0,1,0,Fair,High,0.19617441594153517
LN103329,65,357222.28,720,0.08,38016.05,Employed,Vehicle,3,2,0,0,Good,Upper-Middle,0.10642127361148918
LN103330,51,319897.47,613,0.385,73849.44,Self-employed,Vehicle,14,0,1,0,Fair,Upper-Middle,0.2308534668936269
LN103331,62,329516.81,550,0.1,156855.63,Employed,Vehicle,2,1,3,0,Poor,Upper-Middle,0.4760170808888324
LN103332,33,616783.89,687,0.433,378913.26,Self-employed,Home,13,0,1,0,Good,High,0.6143371546231533
LN103333,62,215772.31,635,0.344,111025.33,Employed,Vehicle,2,1,1,0,Fair,Lower-Middle,0.5145485535192167
LN103334,24,257419.7,559,0.178,56172.87,Employed,Business,4,0,1,0,Poor,Lower-Middle,0.21821511718023134
LN103335,32,128790.73,688,0.093,373355.71,Self-employed,Personal,11,0,1,0,Good,Low,2.898933098678764
LN103336,46,156437.28,757,0.4,101340.72,Employed,Business,15,0,3,0,Very Good,Low,0.6478041551221039
LN103337,23,225651.66,528,0.475,169454.87,Employed,Personal,11,0,0,0,Poor,Lower-Middle,0.7509577815647356
LN103338,63,290910.93,727,0.186,88509.0,Employed,Home,5,0,0,0,Good,Lower-Middle,0.30424776408366644
LN103339,63,793757.74,460,0.015,120657.95,Contract,Personal,4,0,5,0,Poor,High,0.15200853348529236
LN103340,47,402855.73,620,0.346,76332.91,Employed,Business,10,1,1,0,Fair,Upper-Middle,0.18947951913207242
LN103341,35,181660.45,788,0.144,477206.2,Employed,Business,7,1,3,0,Very Good,Low,2.6269130127113525
LN103342,25,201017.75,625,0.053,238598.21,Employed,Education,3,0,1,0,Fair,Low,1.1869509533362104
LN103343,51,638993.48,657,0.192,347151.15,Employed,Home,10,0,2,0,Fair,High,0.5432780785181095
LN103344,47,557475.28,707,0.233,65889.57,Employed,Personal,6,1,0,0,Good,High,0.11819281027133616
LN103345,58,304680.88,521,0.05,33589.56,Employed,Home,15,0,1,1,Poor,Upper-Middle,0.1102450537756094
LN103346,50,235189.82,655,0.537,90927.28,Employed,Home,0,1,0,0,Fair,Lower-Middle,0.3866123117063485
LN103347,27,556961.18,655,0.261,564639.33,Contract,Home,11,1,1,0,Fair,High,1.0137857902412515
LN103348,26,173721.35,790,0.181,89234.06,Self-employed,Home,12,2,0,0,Very Good,Low,0.5136620225435733
LN103349,59,372188.03,557,0.313,217923.18,Contract,Vehicle,12,0,1,0,Poor,Upper-Middle,0.5855190453062125
LN103350,28,1047063.56,621,0.391,56505.15,Contract,Business,11,1,0,0,Fair,High,0.05396534857922092
LN103351,66,335871.32,580,0.041,64175.78,Employed,Personal,15,0,1,0,Fair,Upper-Middle,0.19107252146447037
LN103352,26,195820.27,572,0.164,104440.28,Self-employed,Personal,4,0,1,0,Poor,Low,0.5333476457774264
LN103353,56,375960.94,735,0.278,433452.18,Employed,Personal,6,0,3,0,Good,Upper-Middle,1.1529181196323213
LN103354,68,231661.6,652,0.345,224894.57,Self-employed,Vehicle,14,1,3,0,Fair,Lower-Middle,0.9707891597053634
LN103355,42,139354.18,608,0.189,28959.8,Unemployed,Education,1,1,3,0,Fair,Low,0.2078143619373312
LN103356,23,441135.59,611,0.342,169670.0,Employed,Personal,13,2,1,0,Fair,High,0.38462097333837875
LN103357,63,554790.96,608,0.47,52133.24,Self-employed,Vehicle,11,1,1,0,Fair,High,0.09396915912256393
LN103358,30,252846.81,614,0.429,70630.73,Employed,Vehicle,9,0,1,0,Fair,Lower-Middle,0.2793419857660059
LN103359,46,243788.94,555,0.308,153275.07,Contract,Personal,1,0,1,0,Poor,Lower-Middle,0.628720359504414
LN103360,69,176782.74,631,0.262,272997.76,Employed,Personal,9,0,3,0,Fair,Low,1.5442557344681953
LN103361,57,276253.22,623,0.198,264410.55,Employed,Vehicle,7,0,0,0,Fair,Lower-Middle,0.9571311060193254
LN103362,23,220187.59,593,0.499,136455.52,Contract,Personal,1,0,0,0,Fair,Lower-Middle,0.6197239363035855
LN103363,61,172037.85,662,0.395,137707.48,Employed,Personal,11,0,0,0,Fair,Low,0.8004487384607516
LN103364,28,849353.38,668,0.136,263886.27,Employed,Business,12,3,1,0,Fair,High,0.31069078691368723
LN103365,57,387747.18,608,0.376,39503.0,Employed,Personal,8,3,1,1,Fair,Upper-Middle,0.1018782393207863
LN103366,51,411002.7,639,0.291,360777.43,Employed,Home,2,0,0,0,Fair,Upper-Middle,0.8777981993792254
LN103367,35,487676.48,812,0.332,68175.98,Employed,Personal,5,1,3,0,Excellent,High,0.13979755595348786
LN103368,41,458450.53,809,0.264,130305.18,Employed,Business,8,1,0,0,Excellent,High,0.2842295329007472
LN103369,26,239025.92,571,0.106,79671.82,Employed,Vehicle,8,0,0,0,Poor,Lower-Middle,0.3333187463518601
LN103370,69,348516.79,581,0.203,51887.31,Employed,Personal,9,2,2,0,Fair,Upper-Middle,0.1488803738838522
LN103371,32,258737.93,571,0.293,148489.49,Contract,Education,3,0,1,0,Poor,Lower-Middle,0.5738991959934131
LN103372,36,381815.48,729,0.219,128281.69,Self-employed,Vehicle,12,0,5,0,Good,Upper-Middle,0.33597823220787176
LN103373,45,362024.71,620,0.36,102716.72,Employed,Education,1,0,3,0,Fair,Upper-Middle,0.28372847809200646
LN103374,53,243062.67,668,0.253,99608.52,Employed,Vehicle,15,1,1,0,Fair,Lower-Middle,0.40980591548673434
LN103375,45,144411.69,800,0.305,296588.59,Contract,Vehicle,6,0,1,0,Excellent,Low,2.0537713394254995
LN103376,45,325126.02,649,0.361,457511.66,Employed,Personal,13,0,1,1,Fair,Upper-Middle,1.4071825441716415
LN103377,49,268119.9,703,0.167,248356.95,Contract,Education,0,0,5,0,Good,Lower-Middle,0.9262906259475704
LN103378,63,106067.72,689,0.158,131735.47,Contract,Business,10,0,1,0,Good,Low,1.2419939827121766
LN103379,40,396627.06,606,0.211,37949.52,Unemployed,Home,15,2,0,0,Fair,Upper-Middle,0.09568061241207293
LN103380,61,510158.08,729,0.131,165361.1,Employed,Personal,15,0,1,0,Good,High,0.3241369812274658
LN103381,59,1205173.16,586,0.412,170184.66,Employed,Home,7,1,2,0,Fair,High,0.1412117906774492
LN103382,68,241924.05,750,0.516,181607.32,Self-employed,Personal,5,1,0,0,Very Good,Lower-Middle,0.7506790664260127
LN103383,65,223071.18,606,0.136,52396.65,Employed,Business,14,0,4,0,Fair,Lower-Middle,0.23488758162304965
LN103384,60,162975.67,614,0.57,191143.02,Employed,Personal,10,0,1,0,Fair,Low,1.172831625726711
LN103385,33,336478.93,568,0.446,303539.39,Employed,Education,15,0,3,0,Poor,Upper-Middle,0.90210519273822
LN103386,58,335310.67,581,0.302,58077.36,Self-employed,Home,3,0,1,0,Fair,Upper-Middle,0.17320462841221249
LN103387,57,192014.23,618,0.167,171658.6,Employed,Business,7,0,1,1,Fair,Low,0.8939889507147465
LN103388,35,272481.59,468,0.266,64898.57,Employed,Vehicle,5,0,1,0,Poor,Lower-Middle,0.23817598099012852
LN103389,54,101039.99,633,0.317,102791.75,Self-employed,Home,6,1,0,0,Fair,Low,1.0173372938774043
LN103390,33,499341.23,612,0.137,59372.5,Employed,Home,13,0,0,0,Fair,High,0.11890165769007298
LN103391,46,196351.98,709,0.375,87576.91,Self-employed,Personal,14,0,1,0,Good,Low,0.44601999939088977
LN103392,60,294335.86,682,0.12,88019.4,Contract,Personal,9,0,0,0,Good,Lower-Middle,0.2990440920110788
LN103393,30,136879.52,597,0.346,143805.12,Contract,Personal,0,0,1,1,Fair,Low,1.0505963200338517
LN103394,37,217780.57,616,0.613,196215.45,Self-employed,Education,7,0,1,1,Fair,Lower-Middle,0.9009777594025032
LN103395,59,257239.44,632,0.291,242498.57,Employed,Personal,7,1,2,1,Fair,Lower-Middle,0.9426959178576971
LN103396,43,298142.78,761,0.195,72002.62,Contract,Business,11,0,4,0,Very Good,Lower-Middle,0.24150381907621574
LN103397,68,390580.99,588,0.467,138989.01,Employed,Personal,4,1,0,0,Fair,Upper-Middle,0.3558519578743451
LN103398,21,662005.44,596,0.538,53875.37,Contract,Vehicle,9,2,2,1,Fair,High,0.08138206538000656
LN103399,56,448888.04,565,0.379,102363.8,Employed,Business,12,0,2,0,Poor,High,0.22803859955814373
LN103400,60,509267.27,539,0.254,113098.82,Self-employed,Business,9,1,2,0,Poor,High,0.22208146225458392
LN103401,65,664569.68,673,0.566,60390.48,Employed,Personal,13,2,3,0,Good,High,0.09087155465774484
LN103402,28,410395.7,665,0.139,158206.18,Employed,Education,4,1,3,0,Fair,Upper-Middle,0.38549668039894175
LN103403,69,294004.04,746,0.447,99408.72,Employed,Business,9,0,2,0,Very Good,Lower-Middle,0.3381202516808953
LN103404,40,522588.33,728,0.391,121610.14,Employed,Personal,7,2,2,0,Good,High,0.23270733963768384
LN103405,38,541280.47,830,0.2,243815.28,Employed,Home,6,0,2,0,Excellent,High,0.4504416721334875
LN103406,38,428586.97,644,0.19,83303.5,Self-employed,Business,6,0,1,0,Fair,Upper-Middle,0.19436778490955992
LN103407,52,134792.6,630,0.096,191159.71,Employed,Personal,8,1,0,0,Fair,Low,1.4181765912965547
LN103408,53,188854.97,552,0.168,280999.02,Self-employed,Personal,8,2,0,0,Poor,Low,1.487909055292535
LN103409,44,257910.52,702,0.155,270027.19,Contract,Vehicle,9,0,3,0,Good,Lower-Middle,1.0469801309384357
LN103410,24,460620.29,659,0.096,97338.29,Employed,Home,15,0,0,0,Fair,High,0.21132002239849226
LN103411,69,296498.44,699,0.309,58454.57,Unemployed,Vehicle,10,0,0,0,Good,Lower-Middle,0.19714967134397066
LN103412,31,560629.48,565,0.238,69340.2,Employed,Vehicle,8,0,0,0,Poor,High,0.12368275746041753
LN103413,25,618416.77,676,0.54,39218.04,Employed,Vehicle,14,0,3,0,Good,High,0.06341684427477605
LN103414,50,580172.94,665,0.315,171810.57,Employed,Personal,3,1,0,0,Fair,High,0.2961368208589667
LN103415,41,582209.17,660,0.411,178883.74,Self-employed,Vehicle,3,0,2,1,Fair,High,0.30724995279617456
LN103416,51,169598.83,599,0.334,118722.58,Employed,Vehicle,1,2,2,1,Fair,Low,0.7000200414118424
LN103417,63,391205.11,739,0.479,44969.84,Employed,Vehicle,3,0,2,1,Good,Upper-Middle,0.11495207718529034
LN103418,25,214785.85,804,0.38,86751.31,Employed,Personal,1,1,2,0,Excellent,Lower-Middle,0.40389676508019495
LN103419,34,121121.72,567,0.201,269791.33,Contract,Personal,3,0,0,0,Poor,Low,2.227439719317064
LN103420,46,256126.98,704,0.359,163491.66,Contract,Vehicle,10,1,1,0,Good,Lower-Middle,0.6383226788524973
LN103421,59,621656.57,434,0.205,182995.52,Employed,Home,11,1,2,1,Poor,High,0.294367547663817
LN103422,50,386522.69,700,0.054,944559.73,Employed,Vehicle,10,2,0,0,Good,Upper-Middle,2.443736821763297
LN103423,39,910121.06,510,0.142,136146.14,Self-employed,Personal,14,0,2,1,Poor,High,0.14959124229033882
LN103424,50,330715.69,611,0.297,27041.03,Contract,Personal,13,0,2,0,Fair,Upper-Middle,0.08176518628432779
LN103425,69,1152944.04,552,0.535,53772.67,Employed,Personal,5,1,0,0,Poor,High,0.04663944487713384
LN103426,44,330768.64,634,0.275,134167.84,Self-employed,Business,3,2,1,0,Fair,Upper-Middle,0.40562442678967386
LN103427,64,303732.27,713,0.489,111348.04,Employed,Personal,6,0,0,0,Good,Upper-Middle,0.36659930800240614
LN103428,59,148430.66,511,0.309,98365.33,Employed,Education,14,0,1,0,Poor,Low,0.6627022341610554
LN103429,35,552576.55,623,0.319,99494.24,Employed,Vehicle,15,0,3,1,Fair,High,0.18005512539393861
LN103430,33,227605.45,611,0.246,66062.24,Contract,Vehicle,3,1,1,0,Fair,Lower-Middle,0.2902489373606827
LN103431,58,210167.8,769,0.404,140254.65,Self-employed,Vehicle,2,1,2,0,Very Good,Lower-Middle,0.66734604444639
LN103432,31,606957.81,682,0.312,272275.62,Employed,Home,11,0,0,0,Good,High,0.44859068540530017
LN103433,37,567252.73,562,0.132,339169.67,Self-employed,Home,14,0,1,0,Poor,High,0.5979163291113645
LN103434,32,559146.06,615,0.714,332975.74,Employed,Home,15,2,2,0,Fair,High,0.5955076210319714
LN103435,50,245814.54,767,0.529,59092.38,Employed,Home,15,1,0,0,Very Good,Lower-Middle,0.24039416057325166
LN103436,35,291705.8,704,0.423,108566.88,Contract,Personal,4,0,3,0,Good,Lower-Middle,0.37217936701978505
LN103437,53,290284.81,581,0.444,89701.22,Employed,Education,12,0,0,0,Fair,Lower-Middle,0.3090110708858655
LN103438,66,461354.84,630,0.217,161622.42,Contract,Vehicle,10,0,2,0,Fair,High,0.3503212841551635
LN103439,61,705031.89,632,0.323,104243.31,Contract,Vehicle,5,1,1,1,Fair,High,0.14785616293186396
LN103440,67,367330.9,610,0.093,94994.83,Self-employed,Education,0,2,4,0,Fair,Upper-Middle,0.2586083283491805
LN103441,22,888889.18,522,0.285,283144.37,Employed,Business,10,2,3,1,Poor,High,0.31853731192903034
LN103442,43,491390.64,599,0.462,117263.83,Contract,Vehicle,5,0,0,0,Fair,High,0.23863667814266873
LN103443,31,263655.36,754,0.197,119247.33,Employed,Business,4,0,2,0,Very Good,Lower-Middle,0.4522848691564625
LN103444,65,473226.32,621,0.334,143895.19,Employed,Business,0,0,0,0,Fair,High,0.3040726686546091
LN103445,55,766664.76,642,0.047,170716.85,Employed,Personal,1,1,0,0,Fair,High,0.22267470595622527
LN103446,36,900402.08,661,0.304,171357.44,Self-employed,Education,3,0,2,0,Fair,High,0.19031213255304788
LN103447,48,576267.93,816,0.323,301680.84,Self-employed,Vehicle,1,1,0,0,Excellent,High,0.5235079453406335
LN103448,50,304266.34,651,0.375,47695.16,Employed,Home,15,2,1,0,Fair,Upper-Middle,0.1567546380582223
LN103449,45,266294.06,732,0.339,135826.85,Employed,Personal,0,0,0,0,Good,Lower-Middle,0.5100633863181177
LN103450,44,411834.14,605,0.306,102918.12,Employed,Business,6,5,2,0,Fair,Upper-Middle,0.24990186583365817
LN103451,23,753303.69,631,0.681,90460.13,Contract,Personal,15,0,2,0,Fair,High,0.12008454385773686
LN103452,43,380830.92,651,0.507,180014.57,Self-employed,Home,1,0,0,0,Fair,Upper-Middle,0.4726889560332969
LN103453,38,385204.75,592,0.395,255502.78,Employed,Home,10,1,2,0,Fair,Upper-Middle,0.6632908342900756
LN103454,61,308601.65,635,0.563,74876.25,Contract,Vehicle,4,1,2,1,Fair,Upper-Middle,0.24263075067809908
LN103455,63,250495.86,717,0.233,329306.77,Contract,Business,5,1,1,0,Good,Lower-Middle,1.3146196108789983
LN103456,57,274405.93,590,0.294,43376.13,Self-employed,Home,7,1,0,0,Fair,Lower-Middle,0.15807285943128124
LN103457,22,323198.53,650,0.249,161442.7,Employed,Vehicle,9,1,1,0,Fair,Upper-Middle,0.4995155763858208
LN103458,62,771809.28,703,0.257,61653.78,Employed,Education,12,3,0,0,Good,High,0.07988214394105238
LN103459,40,262943.69,588,0.433,72481.3,Employed,Home,9,1,0,0,Fair,Lower-Middle,0.27565331573463503
LN103460,41,308807.81,732,0.248,114380.66,Contract,Home,0,0,2,1,Good,Upper-Middle,0.3703943239000335
LN103461,67,186386.93,655,0.335,84880.59,Employed,Home,2,0,0,0,Fair,Low,0.45539990384518914
LN103462,63,444935.6,638,0.387,17104.65,Self-employed,Education,10,2,1,0,Fair,High,0.038442979163726174
LN103463,23,636163.77,499,0.513,163683.65,Contract,Vehicle,4,0,0,0,Poor,High,0.25729797533110066
LN103464,38,733081.07,622,0.233,182604.89,Employed,Home,0,0,0,0,Fair,High,0.2490923548196382
LN103465,57,335503.69,678,0.195,99066.28,Employed,Education,8,0,0,0,Good,Upper-Middle,0.29527627550087454
LN103466,47,411445.81,781,0.159,94133.62,Employed,Personal,5,0,2,0,Very Good,Upper-Middle,0.22878740702208147
LN103467,33,275704.54,693,0.572,86323.49,Self-employed,Personal,13,1,2,0,Good,Lower-Middle,0.31310144548218183
LN103468,46,401092.77,734,0.264,36162.69,Employed,Personal,14,1,0,0,Good,Upper-Middle,0.09016041351231537
LN103469,63,356546.02,559,0.239,33758.86,Employed,Education,2,0,0,0,Poor,Upper-Middle,0.09468303698916622
LN103470,31,309769.32,640,0.384,185460.33,Employed,Personal,12,0,1,0,Fair,Upper-Middle,0.5987046425385186
LN103471,57,323612.56,742,0.162,219759.95,Employed,Home,13,0,1,0,Very Good,Upper-Middle,0.6790835003437444
LN103472,57,384652.27,583,0.594,162133.42,Employed,Home,10,1,1,0,Fair,Upper-Middle,0.42150646868664005
LN103473,64,255187.52,722,0.26,140751.41,Employed,Personal,9,1,3,0,Good,Lower-Middle,0.5515607111194153
LN103474,35,262541.52,705,0.469,182956.44,Self-employed,Vehicle,7,0,1,0,Good,Lower-Middle,0.6968666898858512
LN103475,31,767264.49,671,0.243,175204.18,Employed,Vehicle,7,0,0,0,Good,High,0.2283491316012813
LN103476,47,1332194.95,625,0.434,66031.36,Employed,Home,1,1,0,0,Fair,High,0.04956583869350353
LN103477,47,154683.43,576,0.285,127113.43,Contract,Business,2,1,0,1,Poor,Low,0.821765007409003
LN103478,41,150065.72,783,0.304,90743.16,Employed,Personal,10,1,2,0,Very Good,Low,0.6046894653888977
LN103479,59,177212.29,697,0.426,91525.68,Employed,Home,8,0,2,0,Good,Low,0.51647478851495
LN103480,60,283432.46,676,0.3,230814.28,Employed,Vehicle,2,0,1,0,Good,Lower-Middle,0.8143537264574424
LN103481,33,491008.66,619,0.285,306130.13,Employed,Home,5,0,2,0,Fair,High,0.6234719566860593
LN103482,59,415287.72,653,0.397,23935.38,Self-employed,Home,10,0,1,0,Fair,Upper-Middle,0.057635655588371366
LN103483,32,329771.37,662,0.215,93193.88,Self-employed,Vehicle,3,0,1,0,Fair,Upper-Middle,0.2826014884190826
LN103484,40,401295.08,680,0.446,90075.35,Self-employed,Vehicle,3,1,1,0,Good,Upper-Middle,0.22446163556253917
LN103485,22,205025.65,705,0.338,234027.1,Contract,Personal,14,1,0,1,Good,Low,1.1414527889559185
LN103486,37,262306.84,591,0.18,42851.31,Contract,Business,7,0,1,0,Fair,Lower-Middle,0.16336329620683926
LN103487,67,296702.65,540,0.31,15756.53,Employed,Home,7,1,1,0,Poor,Lower-Middle,0.053105457602080734
LN103488,42,125519.8,656,0.176,187558.01,Self-employed,Vehicle,1,0,2,0,Fair,Low,1.4942503891816272
LN103489,55,158390.24,519,0.272,205693.55,Self-employed,Personal,1,1,0,0,Poor,Low,1.2986504092676416
LN103490,26,161890.66,626,0.296,34497.18,Self-employed,Vehicle,10,0,1,0,Fair,Low,0.21308937773185926
LN103491,52,456706.98,612,0.046,101455.4,Employed,Home,4,0,2,0,Fair,High,0.22214549906813336
LN103492,39,343342.23,687,0.331,297406.02,Contract,Home,4,1,2,0,Good,Upper-Middle,0.866208680476037
LN103493,57,419836.83,799,0.202,54584.6,Employed,Education,2,0,2,0,Very Good,Upper-Middle,0.13001384371161528
LN103494,66,109068.08,504,0.203,117467.76,Contract,Home,12,1,2,0,Poor,Low,1.0770131829587537
LN103495,47,132664.16,821,0.362,153033.35,Employed,Home,15,1,1,0,Excellent,Low,1.153539509088212
LN103496,26,432054.17,633,0.153,43489.51,Contract,Personal,4,1,0,1,Fair,Upper-Middle,0.1006575402339017
LN103497,44,65073.29,676,0.199,76247.39,Employed,Vehicle,3,0,0,0,Good,Low,1.1717156148090868
LN103498,27,588353.89,544,0.551,36650.85,Employed,Business,12,1,1,1,Poor,High,0.06229388574281373
LN103499,43,110052.56,725,0.108,98843.2,Employed,Education,8,0,1,0,Good,Low,0.8981453952547764
LN103500,23,477050.41,653,0.282,65781.24,Employed,Home,12,1,2,1,Fair,High,0.13789159095366885
LN103501,52,184023.03,645,0.202,125898.51,Employed,Home,11,2,0,0,Fair,Low,0.6841454028878885
LN103502,36,534151.51,505,0.344,166187.51,Self-employed,Business,12,1,0,0,Poor,High,0.31112429130828445
LN103503,30,1751575.55,656,0.179,271263.07,Contract,Home,2,1,1,1,Fair,High,0.15486803866381899
LN103504,21,85930.15,713,0.217,500928.24,Contract,Vehicle,8,2,0,0,Good,Low,5.829481736037933
LN103505,64,439764.74,632,0.191,125899.66,Employed,Vehicle,6,1,0,0,Fair,High,0.28628866425261834
LN103506,62,110973.67,738,0.498,89542.18,Employed,Business,13,1,3,0,Good,Low,0.8068777035129143
LN103507,60,379367.5,735,0.339,86223.95,Contract,Business,10,1,0,0,Good,Upper-Middle,0.22728343888182304
LN103508,23,267751.09,602,0.185,58751.53,Unemployed,Personal,11,0,1,0,Fair,Lower-Middle,0.2194259227852256
LN103509,38,322196.87,770,0.103,147198.34,Employed,Vehicle,14,1,1,0,Very Good,Upper-Middle,0.4568583797850054
LN103510,68,181699.65,653,0.196,79743.25,Employed,Home,11,1,1,0,Fair,Low,0.43887398792457777
LN103511,49,460853.44,654,0.58,154040.31,Employed,Home,10,1,3,0,Fair,High,0.3342501034602237
LN103512,27,135258.22,657,0.147,59980.12,Employed,Home,8,0,1,0,Fair,Low,0.44344898225039486
LN103513,27,593883.38,655,0.28,81249.97,Contract,Business,1,1,1,0,Fair,High,0.13681132144159347
LN103514,33,239533.87,453,0.281,145694.23,Employed,Personal,11,4,2,0,Poor,Lower-Middle,0.6082406216707475
LN103515,68,138698.51,636,0.285,101422.19,Self-employed,Home,5,4,2,0,Fair,Low,0.7312421020240232
LN103516,29,721258.59,548,0.068,31572.02,Employed,Personal,1,0,2,0,Poor,High,0.04377350985864862
LN103517,65,289091.72,772,0.074,108919.06,Employed,Home,5,2,0,0,Very Good,Lower-Middle,0.3767629871931303
LN103518,54,856609.59,769,0.304,65321.91,Employed,Education,5,0,2,0,Very Good,High,0.07625633749909339
LN103519,66,587295.64,714,0.267,237082.82,Employed,Home,6,1,0,0,Good,High,0.40368564629562037
LN103520,61,193408.08,632,0.251,206789.76,Employed,Vehicle,4,1,0,0,Fair,Low,1.0691888363712623
LN103521,37,286299.39,574,0.128,24942.56,Employed,Vehicle,15,0,3,0,Poor,Lower-Middle,0.08712054887717365
LN103522,61,320651.01,601,0.384,185203.39,Employed,Home,14,1,0,0,Fair,Upper-Middle,0.5775855500969731
LN103523,29,694539.64,796,0.101,141673.5,Contract,Business,0,1,1,0,Very Good,High,0.203981877837815
LN103524,35,381616.9,598,0.027,41923.75,Contract,Business,7,2,1,0,Fair,Upper-Middle,0.10985821120605507
LN103525,31,330545.2,473,0.268,194686.51,Employed,Education,4,0,4,0,Poor,Upper-Middle,0.588986044873742
LN103526,27,268768.04,727,0.271,47873.18,Unemployed,Personal,13,2,0,0,Good,Lower-Middle,0.1781208063280143
LN103527,25,291773.0,763,0.46,231591.75,Employed,Home,7,1,0,0,Very Good,Lower-Middle,0.7937394824058429
LN103528,30,614806.83,774,0.24,72273.53,Employed,Vehicle,10,0,1,0,Very Good,High,0.11755485865373357
LN103529,26,300612.01,728,0.372,41007.28,Employed,Vehicle,1,0,1,0,Good,Upper-Middle,0.13641264698639285
LN103530,39,241418.99,740,0.267,436577.76,Contract,Home,11,1,1,0,Very Good,Lower-Middle,1.808382016675656
LN103531,24,219928.73,654,0.439,40260.34,Self-employed,Vehicle,7,1,0,0,Fair,Lower-Middle,0.1830608488486247
LN103532,24,221231.94,494,0.128,65141.69,Unemployed,Personal,14,0,0,1,Poor,Lower-Middle,0.2944497525990144
LN103533,69,138743.88,652,0.503,73997.56,Employed,Personal,1,0,0,1,Fair,Low,0.5333392723340301
LN103534,25,198556.97,697,0.187,81801.53,Contract,Vehicle,4,1,1,0,Good,Low,0.4119801485689472
LN103535,24,683969.71,640,0.079,173241.79,Self-employed,Vehicle,13,1,2,0,Fair,High,0.2532886873016643
LN103536,22,267776.55,636,0.266,114219.62,Contract,Personal,3,1,1,1,Fair,Lower-Middle,0.4265482545054823
LN103537,27,441955.36,578,0.39,211299.64,Unemployed,Business,4,1,0,0,Poor,High,0.47810177027833767
LN103538,46,76743.32,575,0.173,140081.8,Employed,Home,4,0,4,0,Poor,Low,1.8253289015903922
LN103539,61,410080.59,788,0.277,37078.24,Self-employed,Vehicle,8,1,1,1,Very Good,Upper-Middle,0.09041695926159293
LN103540,57,274523.94,791,0.077,157257.97,Employed,Business,0,2,1,0,Very Good,Lower-Middle,0.5728388205414799
LN103541,49,230209.66,650,0.318,128054.33,Contract,Education,9,0,3,0,Fair,Lower-Middle,0.5562508975513886
LN103542,25,331394.81,671,0.07,73293.49,Employed,Personal,12,3,4,0,Good,Upper-Middle,0.22116668031101636
LN103543,58,228395.46,576,0.032,423435.77,Employed,Education,4,0,1,0,Poor,Lower-Middle,1.8539587870967313
LN103544,22,93284.25,698,0.079,163351.88,Employed,Business,2,2,0,0,Good,Low,1.7511196155835524
LN103545,51,498208.59,782,0.068,202877.58,Employed,Business,5,0,2,0,Very Good,High,0.4072141349469707
LN103546,41,342901.12,535,0.343,207525.2,Employed,Vehicle,10,0,0,0,Poor,Upper-Middle,0.6052042058072018
LN103547,64,252424.99,685,0.321,83717.29,Employed,Home,8,1,1,0,Good,Lower-Middle,0.3316521474359571
LN103548,36,176334.11,690,0.068,166032.03,Unemployed,Education,9,0,2,0,Good,Low,0.9415763631891755
LN103549,52,133668.23,690,0.454,135084.14,Employed,Home,12,0,4,0,Good,Low,1.0105927190028625
LN103550,42,339313.16,773,0.136,76585.97,Unemployed,Vehicle,15,0,2,0,Very Good,Upper-Middle,0.2257088112939681
LN103551,46,728636.52,803,0.091,49722.2,Employed,Vehicle,7,0,2,0,Excellent,High,0.06824006021548301
LN103552,67,335467.15,632,0.651,111746.28,Employed,Vehicle,12,0,2,0,Fair,Upper-Middle,0.3331064755520771
LN103553,55,140227.15,700,0.11,161093.42,Contract,Business,7,2,1,0,Good,Low,1.1488033522752192
LN103554,41,339541.67,656,0.26,111167.52,Self-employed,Home,2,3,1,0,Fair,Upper-Middle,0.32740464520893714
LN103555,42,291326.27,603,0.246,97707.47,Employed,Vehicle,9,1,0,0,Fair,Lower-Middle,0.33538846325118565
LN103556,55,482512.33,670,0.394,111973.59,Contract,Personal,15,1,1,0,Good,High,0.23206368633108296
LN103557,37,418838.63,700,0.247,91281.11,Employed,Personal,6,0,0,0,Good,Upper-Middle,0.21793861277790924
LN103558,29,60000.0,666,0.194,301128.75,Employed,Vehicle,8,1,4,0,Fair,Low,5.0188125
LN103559,43,404910.35,584,0.671,131123.14,Self-employed,Home,11,1,2,0,Fair,Upper-Middle,0.3238325224336696
LN103560,24,172754.03,615,0.11,80180.44,Self-employed,Vehicle,13,0,0,1,Fair,Low,0.46413064864536013
LN103561,29,137253.79,616,0.253,33962.72,Self-employed,Business,0,0,0,0,Fair,Low,0.2474446789411061
LN103562,41,270459.43,587,0.466,96765.91,Employed,Vehicle,0,1,0,0,Fair,Lower-Middle,0.3577834575780922
LN103563,60,376085.53,674,0.352,75606.69,Employed,Education,7,2,0,0,Good,Upper-Middle,0.20103589202168984
LN103564,59,121678.03,681,0.091,73803.47,Employed,Business,1,1,2,0,Good,Low,0.6065472131657621
LN103565,33,441995.41,723,0.319,202994.26,Employed,Home,14,3,0,0,Good,High,0.45926780099368003
LN103566,41,456513.76,586,0.432,115851.42,Employed,Business,11,0,1,0,Fair,High,0.2537742126327145
LN103567,28,307852.07,607,0.211,36851.3,Self-employed,Personal,9,1,1,0,Fair,Upper-Middle,0.11970457109481188
LN103568,58,186156.83,767,0.099,164468.83,Contract,Education,9,0,2,0,Very Good,Low,0.8834960823086642
LN103569,33,175059.26,638,0.427,39336.65,Unemployed,Business,7,1,2,0,Fair,Low,0.22470476568905867
LN103570,60,527445.29,652,0.12,172627.87,Contract,Home,0,0,3,0,Fair,High,0.3272905707433656
LN103571,62,130661.5,637,0.449,80776.13,Employed,Business,12,1,2,0,Fair,Low,0.61820911286033
LN103572,54,538744.39,735,0.519,116392.73,Employed,Home,7,1,1,0,Good,High,0.21604443992446956
LN103573,37,273943.79,738,0.147,108233.51,Contract,Vehicle,6,0,0,0,Good,Lower-Middle,0.3950938621386526
LN103574,67,284596.82,733,0.052,99902.82,Employed,Home,6,1,1,0,Good,Lower-Middle,0.35103280493436295
LN103575,54,117253.03,652,0.511,126049.03,Employed,Education,7,0,2,0,Fair,Low,1.0750172511533391
LN103576,52,276742.74,585,0.04,116013.33,Employed,Home,15,4,1,1,Fair,Lower-Middle,0.41921002155286896
LN103577,62,420420.12,794,0.217,370852.52,Self-employed,Vehicle,3,1,4,0,Very Good,Upper-Middle,0.8820998386090562
LN103578,64,143847.96,714,0.027,127236.41,Unemployed,Home,2,0,1,0,Good,Low,0.8845200863467234
LN103579,24,394662.99,616,0.13,129172.87,Employed,Vehicle,1,0,3,0,Fair,Upper-Middle,0.32729917239009415
LN103580,64,315052.48,757,0.082,69358.71,Employed,Home,9,0,0,0,Very Good,Upper-Middle,0.2201497033129211
LN103581,58,210548.68,610,0.59,140901.65,Self-employed,Personal,0,0,0,0,Fair,Lower-Middle,0.6692117471361018
LN103582,31,480031.95,756,0.196,56551.19,Contract,Personal,12,2,0,0,Very Good,High,0.11780713762906823
LN103583,36,89348.21,761,0.238,232307.84,Employed,Personal,11,0,0,0,Very Good,Low,2.600027913262056
LN103584,57,363019.62,581,0.266,41915.42,Self-employed,Personal,11,0,1,1,Fair,Upper-Middle,0.11546323584383676
LN103585,31,731042.66,694,0.614,63567.49,Contract,Home,7,2,0,0,Good,High,0.08695455611304544
LN103586,43,662321.58,709,0.026,38150.7,Contract,Home,6,0,1,0,Good,High,0.057601475102170153
LN103587,54,371733.12,846,0.311,144495.56,Employed,Personal,15,2,0,0,Excellent,Upper-Middle,0.38870779122398347
LN103588,52,254133.08,594,0.345,83509.68,Employed,Education,13,1,2,0,Fair,Lower-Middle,0.32860609882035036
LN103589,65,211471.68,757,0.451,171800.36,Contract,Personal,2,0,0,0,Very Good,Lower-Middle,0.8124036277576269
LN103590,26,253959.11,651,0.316,58343.41,Contract,Home,4,0,2,0,Fair,Lower-Middle,0.22973544835623344
LN103591,35,404590.91,557,0.085,155390.21,Employed,Vehicle,3,1,1,0,Poor,Upper-Middle,0.38406747694850585
LN103592,69,192442.69,641,0.389,160352.44,Employed,Vehicle,7,1,2,0,Fair,Low,0.833247758072806
LN103593,48,455031.01,650,0.173,126235.46,Employed,Personal,10,0,3,1,Fair,High,0.27742166407515834
LN103594,33,969732.98,571,0.03,112229.75,Self-employed,Business,3,0,1,0,Poor,High,0.1157326318838821
LN103595,35,289961.08,673,0.239,120260.45,Employed,Education,0,1,2,0,Good,Lower-Middle,0.4147468687866661
LN103596,37,143217.63,722,0.493,60857.21,Employed,Personal,6,0,2,0,Good,Low,0.42492820192597797
LN103597,48,143190.06,668,0.137,54683.13,Contract,Personal,8,0,3,0,Fair,Low,0.38189194138196464
LN103598,34,459846.86,609,0.55,156647.42,Employed,Business,10,0,2,0,Fair,High,0.34065127681854784
LN103599,51,290302.09,639,0.588,86559.43,Unemployed,Personal,1,0,1,1,Fair,Lower-Middle,0.29817019229864994
LN103600,42,485917.8,650,0.512,147700.29,Employed,Vehicle,11,2,0,1,Fair,High,0.3039614724959654
LN103601,50,223695.03,666,0.442,301455.64,Employed,Vehicle,2,0,1,0,Fair,Lower-Middle,1.3476188541158023
LN103602,28,473724.26,733,0.602,81722.39,Contract,Business,4,2,3,0,Good,High,0.17251045998784187
LN103603,51,274985.38,670,0.533,74471.88,Employed,Education,8,3,2,0,Good,Lower-Middle,0.2708212342052512
LN103604,66,200518.25,545,0.276,89094.38,Employed,Vehicle,1,1,1,0,Poor,Low,0.4443205543635056
LN103605,27,240623.46,608,0.652,112822.03,Employed,Personal,9,2,3,0,Fair,Lower-Middle,0.46887377481813286
LN103606,37,155306.81,662,0.53,163967.89,Employed,Vehicle,0,0,2,0,Fair,Low,1.055767548119751
LN103607,54,895990.88,734,0.719,107988.95,Employed,Personal,3,3,1,1,Good,High,0.12052460846476473
LN103608,51,284511.16,747,0.278,424764.93,Unemployed,Education,9,1,1,0,Very Good,Lower-Middle,1.4929640369818886
LN103609,54,427632.95,783,0.417,144608.86,Unemployed,Business,4,2,1,0,Very Good,Upper-Middle,0.33816117303402365
LN103610,48,223297.39,660,0.274,182731.2,Employed,Personal,6,0,1,0,Fair,Lower-Middle,0.8183311054374617
LN103611,54,168211.51,707,0.19,107395.8,Employed,Vehicle,4,0,2,0,Good,Low,0.6384569046434456
LN103612,50,263788.64,541,0.349,212336.16,Employed,Business,8,0,0,0,Poor,Lower-Middle,0.8049480826771008
LN103613,24,549736.11,682,0.259,96260.01,Unemployed,Vehicle,2,0,1,0,Good,High,0.17510221404229748
LN103614,57,225288.09,569,0.053,72365.88,Employed,Personal,2,1,3,0,Poor,Lower-Middle,0.32121484983959875
LN103615,42,185859.29,645,0.323,198136.17,Employed,Vehicle,15,1,2,0,Fair,Low,1.066054701919931
LN103616,23,326780.21,850,0.151,105979.2,Employed,Vehicle,5,1,0,0,Excellent,Upper-Middle,0.3243133970689351
LN103617,41,394746.94,673,0.303,129011.61,Unemployed,Personal,11,0,0,0,Good,Upper-Middle,0.3268210514817417
LN103618,42,740517.28,585,0.333,208242.68,Employed,Personal,0,0,2,0,Fair,High,0.2812124519227964
LN103619,25,364433.92,681,0.336,120400.01,Employed,Business,1,1,2,0,Good,Upper-Middle,0.3303754216951046
LN103620,69,427510.33,611,0.164,99829.99,Employed,Personal,12,0,2,0,Fair,Upper-Middle,0.23351480185285817
LN103621,31,445583.14,578,0.236,77670.29,Self-employed,Vehicle,5,1,1,0,Poor,High,0.1743115549659262
LN103622,37,159114.49,808,0.557,219329.01,Employed,Business,4,0,0,0,Excellent,Low,1.3784351758284241
LN103623,42,176611.05,730,0.261,88089.93,Employed,Business,2,0,2,0,Good,Low,0.4987792666427157
LN103624,61,165279.75,676,0.397,106406.33,Employed,Business,4,2,0,0,Good,Low,0.6437953227785013
LN103625,57,144185.74,621,0.126,132551.38,Employed,Business,3,1,0,0,Fair,Low,0.9193099123394589
LN103626,58,464650.45,627,0.26,132196.67,Employed,Personal,12,2,2,0,Fair,High,0.2845077842924719
LN103627,32,351886.97,766,0.025,212594.18,Contract,Personal,15,0,3,0,Very Good,Upper-Middle,0.6041547375283604
LN103628,62,313407.83,673,0.578,105119.51,Self-employed,Personal,0,1,0,0,Good,Upper-Middle,0.3354080528236962
LN103629,61,72080.85,419,0.31,269112.73,Employed,Vehicle,2,1,0,0,Poor,Low,3.7334844136826906
LN103630,43,929172.82,832,0.653,93577.36,Employed,Personal,10,0,1,0,Excellent,High,0.10071039314301079
LN103631,47,183448.3,664,0.425,139976.62,Employed,Vehicle,14,0,1,0,Fair,Low,0.7630303469696912
LN103632,22,927302.18,676,0.115,97614.61,Employed,Vehicle,5,1,1,0,Good,High,0.10526731426426712
LN103633,58,135192.5,732,0.625,428813.18,Contract,Vehicle,13,0,3,0,Good,Low,3.171871072729626
LN103634,68,191897.59,685,0.07,87581.21,Employed,Home,0,3,3,0,Good,Low,0.4563955701580203
LN103635,44,89319.1,706,0.37,92883.99,Self-employed,Personal,11,1,0,0,Good,Low,1.0399118441632305
LN103636,47,366116.36,618,0.333,118517.66,Self-employed,Education,15,0,0,0,Fair,Upper-Middle,0.32371582630178014
LN103637,45,163709.12,558,0.281,92487.88,Contract,Education,7,1,3,0,Poor,Low,0.5649525206659226
LN103638,25,166273.23,671,0.139,134949.1,Self-employed,Education,9,1,0,0,Good,Low,0.811610503987924
LN103639,51,141019.71,757,0.725,244542.16,Employed,Personal,4,0,2,1,Very Good,Low,1.734099155359205
LN103640,56,460046.59,601,0.572,121052.97,Employed,Home,12,1,0,0,Fair,High,0.26313197974144314
LN103641,66,443672.86,595,0.425,123996.8,Employed,Education,13,3,2,0,Fair,High,0.27947799196011225
LN103642,66,812731.76,742,0.561,94777.59,Employed,Vehicle,13,0,0,1,Very Good,High,0.11661607760966546
LN103643,45,205746.3,616,0.015,79216.33,Employed,Business,13,1,0,0,Fair,Low,0.3850194632904699
LN103644,67,338367.68,619,0.402,117123.01,Unemployed,Home,1,1,0,0,Fair,Upper-Middle,0.3461412449321401
LN103645,46,147620.99,622,0.445,110544.69,Employed,Business,8,1,1,0,Fair,Low,0.7488412725046757
LN103646,52,249513.0,645,0.252,235827.47,Self-employed,Home,8,1,0,0,Fair,Lower-Middle,0.9451510342146502
LN103647,50,225521.96,532,0.174,58973.0,Employed,Home,0,2,4,1,Poor,Lower-Middle,0.26149559892083235
LN103648,69,387311.76,610,0.099,283136.16,Employed,Business,12,0,0,0,Fair,Upper-Middle,0.7310290810689558
LN103649,57,524866.77,667,0.088,99988.04,Employed,Personal,3,1,1,0,Fair,High,0.19050175342592177
LN103650,26,517427.36,667,0.345,121149.81,Employed,Vehicle,6,0,3,0,Fair,High,0.2341387784364553
LN103651,24,188714.58,737,0.219,55055.22,Employed,Education,0,0,2,0,Good,Low,0.2917380310519728
LN103652,41,519537.93,788,0.484,158497.58,Unemployed,Home,12,1,1,0,Very Good,High,0.3050741261566792
LN103653,46,292813.43,763,0.138,58919.42,Self-employed,Home,2,0,1,0,Very Good,Lower-Middle,0.20121829794487225
LN103654,53,250950.12,719,0.234,140216.0,Employed,Home,8,1,0,0,Good,Lower-Middle,0.5587405178367717
LN103655,44,203181.8,639,0.156,131589.2,Employed,Vehicle,8,1,2,0,Fair,Low,0.6476426530328997
LN103656,46,220482.38,603,0.416,89016.94,Unemployed,Home,1,1,1,0,Fair,Lower-Middle,0.40373720566695626
LN103657,66,782156.69,651,0.338,28733.17,Employed,Vehicle,13,2,2,0,Fair,High,0.03673582335529215
LN103658,37,355263.01,694,0.207,448041.75,Employed,Business,0,1,0,0,Good,Upper-Middle,1.2611550805697447
LN103659,45,330239.78,712,0.332,55437.48,Contract,Vehicle,10,2,2,0,Good,Upper-Middle,0.16787038799505014
LN103660,48,259705.09,697,0.494,131336.9,Employed,Vehicle,2,1,1,0,Good,Lower-Middle,0.505715540654209
LN103661,43,1151787.9,641,0.16,68450.2,Employed,Home,9,0,1,0,Fair,High,0.05942951822987549
LN103662,68,614948.33,709,0.671,217387.74,Self-employed,Business,3,0,1,0,Good,High,0.3535057002268792
LN103663,68,201784.1,745,0.465,85954.17,Employed,Home,11,0,3,0,Very Good,Low,0.4259709759094002
LN103664,46,258086.34,716,0.402,67470.92,Employed,Vehicle,9,2,4,0,Good,Lower-Middle,0.2614277067124126
LN103665,43,266652.94,648,0.299,161957.22,Employed,Business,10,0,2,1,Fair,Lower-Middle,0.6073708394139589
LN103666,49,325060.74,587,0.709,48120.5,Contract,Vehicle,15,0,0,0,Fair,Upper-Middle,0.1480354102436363
LN103667,29,203997.59,586,0.406,84086.77,Employed,Vehicle,7,1,1,1,Fair,Low,0.4121949185772244
LN103668,41,381889.6,599,0.331,172283.21,Employed,Personal,12,1,2,1,Fair,Upper-Middle,0.45113354749644924
LN103669,31,666760.52,669,0.499,292928.36,Employed,Home,13,1,2,0,Fair,High,0.4393306910253174
LN103670,28,145661.73,689,0.373,58845.35,Employed,Vehicle,5,3,0,0,Good,Low,0.4039863456242075
LN103671,25,161305.77,544,0.162,73918.79,Contract,Education,4,1,1,0,Poor,Low,0.4582526093145955
LN103672,49,229992.17,612,0.069,138292.34,Employed,Business,11,2,3,0,Fair,Lower-Middle,0.6012915135328302
LN103673,21,235932.3,668,0.312,30028.75,Employed,Business,14,1,0,0,Fair,Lower-Middle,0.1272769773362952
LN103674,52,900489.68,583,0.418,265851.02,Self-employed,Personal,0,0,1,0,Fair,High,0.2952293911908019
LN103675,42,520464.95,683,0.703,57443.81,Employed,Vehicle,1,0,3,1,Good,High,0.11037017958654083
LN103676,38,504294.17,627,0.367,82778.13,Employed,Education,2,0,1,0,Fair,High,0.16414651392856675
LN103677,58,259402.61,596,0.522,130324.72,Self-employed,Business,10,1,5,0,Fair,Lower-Middle,0.5024032718868943
LN103678,47,256290.12,654,0.609,113725.11,Self-employed,Personal,6,0,1,0,Fair,Lower-Middle,0.44373583343751216
LN103679,56,135009.41,679,0.13,58799.3,Employed,Home,8,0,2,0,Good,Low,0.4355200130124263
LN103680,55,461157.48,586,0.481,336779.58,Employed,Business,5,0,0,0,Fair,High,0.7302919167656134
LN103681,22,393020.79,632,0.337,20627.89,Employed,Business,6,0,2,0,Fair,Upper-Middle,0.05248549319744637
LN103682,31,608551.18,685,0.469,53046.85,Contract,Home,12,1,2,0,Good,High,0.08716908576202251
LN103683,48,267154.23,593,0.267,72717.11,Self-employed,Personal,6,1,0,0,Fair,Lower-Middle,0.27219149777265367
LN103684,68,277495.29,526,0.277,59333.4,Employed,Business,6,0,0,0,Poor,Lower-Middle,0.21381768317581176
LN103685,28,329411.43,535,0.232,243031.28,Contract,Vehicle,0,0,0,0,Poor,Upper-Middle,0.7377742782027934
LN103686,26,489961.17,619,0.265,37433.16,Employed,Business,6,0,1,0,Fair,High,0.0764002584123146
LN103687,67,133641.91,551,0.28,302726.98,Employed,Home,12,2,2,1,Poor,Low,2.265209918056394
LN103688,68,449714.68,624,0.467,91807.45,Self-employed,Vehicle,2,2,1,0,Fair,High,0.20414599318839224
LN103689,29,296637.22,775,0.196,45416.14,Employed,Business,5,0,1,0,Very Good,Lower-Middle,0.15310330915318046
LN103690,40,167591.92,547,0.248,28075.38,Employed,Business,4,0,1,0,Poor,Low,0.16752227673028627
LN103691,51,95320.92,629,0.251,95645.2,Employed,Home,7,0,0,1,Fair,Low,1.0034019814328272
LN103692,30,278306.2,810,0.439,69699.96,Self-employed,Business,13,0,1,0,Excellent,Lower-Middle,0.2504434324495825
LN103693,36,665158.01,681,0.519,128278.28,Self-employed,Personal,13,1,1,0,Good,High,0.19285384535924027
LN103694,40,753597.98,622,0.295,82072.94,Contract,Business,6,0,0,0,Fair,High,0.10890812101168318
LN103695,52,364759.92,638,0.514,204742.3,Employed,Education,9,1,2,1,Fair,Upper-Middle,0.5613070098271762
LN103696,36,882611.91,682,0.358,100269.45,Contract,Business,13,1,0,0,Good,High,0.11360536705198097
LN103697,41,292997.74,777,0.134,83507.79,Employed,Personal,13,0,0,0,Very Good,Lower-Middle,0.28501172056822005
LN103698,35,506791.37,610,0.241,207078.03,Self-employed,Personal,9,0,3,0,Fair,High,0.40860606998891874
LN103699,58,234066.55,593,0.404,127585.99,Employed,Vehicle,2,1,2,0,Fair,Lower-Middle,0.5450842506116317
LN103700,28,226049.3,547,0.117,181997.14,Employed,Vehicle,6,1,0,0,Poor,Lower-Middle,0.8051214491706014
LN103701,32,206676.02,658,0.343,232086.43,Contract,Home,4,2,0,1,Fair,Low,1.1229480323842118
LN103702,33,96591.58,545,0.286,90877.29,Employed,Home,10,1,0,0,Poor,Low,0.9408407026782251
LN103703,65,608917.76,615,0.486,112769.0,Employed,Business,3,0,2,1,Fair,High,0.18519578078983934
LN103704,67,210794.69,582,0.103,190366.84,Employed,Education,0,1,1,0,Fair,Lower-Middle,0.9030912495945699
LN103705,45,193058.09,731,0.145,22366.27,Employed,Education,14,1,0,0,Good,Low,0.11585253951284818
LN103706,28,156772.87,612,0.33,102959.08,Self-employed,Vehicle,1,0,1,0,Fair,Low,0.6567404168846307
LN103707,58,268106.63,680,0.488,95041.78,Employed,Personal,12,0,1,0,Good,Lower-Middle,0.3544924644347661
LN103708,45,791320.64,530,0.371,140276.35,Employed,Vehicle,15,2,0,0,Poor,High,0.17726866065315824
LN103709,62,948954.49,660,0.496,65350.1,Employed,Personal,13,2,3,0,Fair,High,0.06886536782180144
LN103710,38,120338.15,560,0.487,224196.11,Self-employed,Home,7,1,0,0,Poor,Low,1.8630509942192064
LN103711,69,246863.63,618,0.672,68097.08,Employed,Vehicle,9,1,2,1,Fair,Lower-Middle,0.27584897783444245
LN103712,60,169844.91,816,0.152,81623.66,Contract,Vehicle,11,1,3,0,Excellent,Low,0.48057760459233073
LN103713,31,516651.33,720,0.432,71422.57,Employed,Home,3,1,2,0,Good,High,0.1382413357960387
LN103714,56,351218.64,640,0.389,244668.34,Employed,Personal,6,0,0,0,Fair,Upper-Middle,0.6966268646789361
LN103715,35,211382.51,850,0.274,28356.48,Unemployed,Personal,6,1,1,0,Excellent,Lower-Middle,0.13414771165315426
LN103716,38,312216.75,581,0.147,351409.55,Employed,Vehicle,4,0,1,0,Fair,Upper-Middle,1.1255307410637
LN103717,33,230719.4,737,0.596,286623.99,Employed,Personal,8,0,0,0,Good,Lower-Middle,1.2423055451773886
LN103718,54,728959.25,535,0.126,76196.68,Unemployed,Business,6,1,1,0,Poor,High,0.10452803774696595
LN103719,33,405292.98,632,0.392,214429.46,Employed,Personal,0,0,3,0,Fair,Upper-Middle,0.5290727216642144
LN103720,52,433627.28,549,0.127,119706.0,Employed,Personal,1,1,2,0,Poor,Upper-Middle,0.2760573550630855
LN103721,49,69198.41,669,0.148,322103.44,Employed,Vehicle,10,2,0,0,Fair,Low,4.654780940775951
LN103722,57,289179.82,654,0.273,204058.21,Employed,Education,8,0,0,0,Fair,Lower-Middle,0.7056447092331685
LN103723,69,943454.84,627,0.49,457613.22,Self-employed,Vehicle,13,0,0,1,Fair,High,0.48503987747839633
LN103724,21,622132.73,732,0.465,39848.51,Employed,Vehicle,1,1,0,0,Good,High,0.06405146052997406
LN103725,69,108623.0,607,0.047,124568.39,Contract,Home,5,1,1,0,Fair,Low,1.1467957062500576
LN103726,26,252496.72,675,0.519,35866.84,Employed,Education,6,0,2,0,Good,Lower-Middle,0.1420487363162579
LN103727,46,154925.87,712,0.447,78517.1,Employed,Vehicle,10,0,2,0,Good,Low,0.5068043187364383
LN103728,37,768844.19,539,0.213,474734.02,Employed,Education,6,0,0,0,Poor,High,0.6174645346542842
LN103729,52,343138.97,594,0.268,149128.84,Contract,Personal,7,3,2,0,Fair,Upper-Middle,0.4346018757356531
LN103730,56,196663.65,654,0.187,208602.83,Employed,Vehicle,14,1,3,1,Fair,Low,1.0607086261238414
LN103731,63,305689.34,697,0.48,153628.98,Employed,Vehicle,0,2,2,0,Good,Upper-Middle,0.5025657093570878
LN103732,40,71502.43,757,0.168,147419.24,Employed,Vehicle,14,0,1,0,Very Good,Low,2.0617374822086467
LN103733,66,165182.97,634,0.337,78331.84,Employed,Education,4,2,0,0,Fair,Low,0.4742125656173878
LN103734,36,306073.88,626,0.421,69398.33,Employed,Vehicle,0,2,0,0,Fair,Upper-Middle,0.22673718515281344
LN103735,30,477662.27,585,0.47,76978.63,Contract,Education,8,0,0,0,Fair,High,0.16115702418782207
LN103736,39,103137.16,675,0.352,18647.73,Employed,Home,3,0,0,0,Good,Low,0.1808051530602549
LN103737,46,243263.95,628,0.726,104287.89,Employed,Education,11,1,1,1,Fair,Lower-Middle,0.42870260883291583
LN103738,53,522753.29,629,0.377,128558.35,Employed,Personal,12,1,2,0,Fair,High,0.24592547279807653
LN103739,61,135028.13,643,0.265,73551.61,Employed,Education,6,0,1,0,Fair,Low,0.5447132386414594
LN103740,32,340301.86,691,0.208,101042.1,Self-employed,Business,12,0,1,0,Good,Upper-Middle,0.296919035352907
LN103741,35,311085.7,608,0.252,154742.43,Contract,Home,2,0,1,0,Fair,Upper-Middle,0.4974270112705277
LN103742,66,770231.91,592,0.478,195508.12,Self-employed,Vehicle,5,3,1,0,Fair,High,0.25383020030941067
LN103743,42,264332.44,682,0.123,50496.5,Contract,Vehicle,0,0,1,0,Good,Lower-Middle,0.1910340630154967
LN103744,32,272980.99,423,0.199,65619.71,Contract,Business,10,0,0,1,Poor,Lower-Middle,0.2403819767816067
LN103745,69,480107.64,605,0.45,179451.32,Employed,Home,11,1,1,0,Fair,High,0.3737730980494291
LN103746,42,144646.19,564,0.22,161311.14,Employed,Education,12,0,1,0,Poor,Low,1.1152118144280192
LN103747,69,265681.1,740,0.268,263575.42,Self-employed,Vehicle,5,3,2,1,Very Good,Lower-Middle,0.9920744080026769
LN103748,66,233488.71,617,0.187,256564.94,Unemployed,Business,13,0,2,0,Fair,Lower-Middle,1.0988323161321163
LN103749,65,277933.25,608,0.275,528555.56,Contract,Education,10,1,1,1,Fair,Lower-Middle,1.9017356145765216
LN103750,49,478380.3,646,0.614,90938.42,Self-employed,Education,9,0,1,1,Fair,High,0.19009649853892394
LN103751,60,406901.56,605,0.567,306907.67,Employed,Education,3,1,1,0,Fair,Upper-Middle,0.7542553289793236
LN103752,68,198741.94,620,0.116,60489.56,Self-employed,Personal,13,0,1,0,Fair,Low,0.3043623303667057
LN103753,34,323424.93,657,0.393,521450.69,Self-employed,Home,12,0,0,0,Fair,Upper-Middle,1.6122773528929881
LN103754,22,680974.84,618,0.391,147825.62,Contract,Vehicle,14,0,0,0,Fair,High,0.2170794151513733
LN103755,36,189906.4,618,0.082,156458.9,Self-employed,Vehicle,5,0,1,0,Fair,Low,0.8238737609685614
LN103756,52,324934.69,574,0.111,209334.2,Employed,Vehicle,8,1,1,0,Poor,Upper-Middle,0.6442346922084559
LN103757,47,269763.08,563,0.459,45581.15,Self-employed,Education,0,0,1,0,Poor,Lower-Middle,0.1689673397857112
LN103758,24,289782.23,655,0.06,54701.41,Employed,Business,9,0,1,0,Fair,Lower-Middle,0.18876730295021887
LN103759,48,122354.28,673,0.202,118589.53,Employed,Education,8,0,2,0,Good,Low,0.9692307453404981
LN103760,29,651776.72,543,0.311,137716.62,Self-employed,Home,13,0,0,0,Poor,High,0.2112941683464853
LN103761,45,195955.76,707,0.051,425872.67,Contract,Education,11,0,1,0,Good,Low,2.173310292078171
LN103762,49,527485.86,707,0.243,59352.87,Self-employed,Vehicle,15,2,1,0,Good,High,0.11252030528363358
LN103763,52,213156.22,723,0.281,299347.71,Employed,Personal,14,0,1,0,Good,Lower-Middle,1.4043583152300225
LN103764,41,212672.82,672,0.321,92559.1,Employed,Personal,2,2,0,0,Good,Lower-Middle,0.43521828506341337
LN103765,41,584642.33,698,0.174,91724.52,Employed,Personal,15,1,0,0,Good,High,0.15688997408039204
LN103766,54,518229.92,814,0.178,98887.47,Self-employed,Business,0,3,3,0,Excellent,High,0.19081775517708435
LN103767,57,336483.37,627,0.404,90201.88,Self-employed,Home,7,0,2,0,Fair,Upper-Middle,0.2680723270216891
LN103768,60,455964.65,572,0.396,150917.04,Employed,Personal,14,0,1,0,Poor,High,0.3309840795772216
LN103769,37,255974.66,535,0.245,85094.92,Employed,Business,9,1,4,0,Poor,Lower-Middle,0.3324349371144784
LN103770,41,298622.51,782,0.056,43977.72,Contract,Vehicle,15,0,0,0,Very Good,Lower-Middle,0.14726860342845555
LN103771,37,208489.58,783,0.136,92425.62,Employed,Personal,8,0,2,0,Very Good,Lower-Middle,0.44331050021780466
LN103772,46,493251.01,581,0.449,148012.35,Employed,Home,10,0,0,0,Fair,High,0.3000751078036313
LN103773,27,204876.05,595,0.28,44210.71,Contract,Education,8,2,2,0,Fair,Low,0.21579247549921038
LN103774,42,678998.19,626,0.17,160560.35,Employed,Vehicle,14,0,1,0,Fair,High,0.23646653608899904
LN103775,30,252162.49,742,0.444,236942.65,Employed,Vehicle,1,1,2,0,Very Good,Lower-Middle,0.9396427279886077
LN103776,47,303403.07,553,0.355,287848.82,Self-employed,Personal,6,0,0,0,Poor,Upper-Middle,0.9487340388480578
LN103777,62,455357.53,503,0.275,136997.4,Employed,Vehicle,10,0,2,0,Poor,High,0.3008567795068635
LN103778,69,303963.58,813,0.077,34037.32,Employed,Home,7,0,1,0,Excellent,Upper-Middle,0.11197828371412127
LN103779,42,254660.91,673,0.275,167575.39,Contract,Personal,15,0,1,0,Good,Lower-Middle,0.6580334217764321
LN103780,23,295086.81,684,0.166,206260.87,Employed,Education,9,3,0,0,Good,Lower-Middle,0.698983699068081
LN103781,32,490479.05,635,0.421,69946.67,Contract,Home,2,0,1,0,Fair,High,0.1426088841103407
LN103782,26,208348.83,685,0.301,104924.02,Employed,Personal,9,2,0,0,Good,Lower-Middle,0.5035978363785388
LN103783,58,279877.53,536,0.409,150629.02,Employed,Business,4,0,0,0,Poor,Lower-Middle,0.5381961888830445
LN103784,69,301702.12,587,0.838,351496.47,Employed,Vehicle,7,2,1,1,Fair,Upper-Middle,1.165044746785339
LN103785,48,482656.07,658,0.282,93146.92,Self-employed,Business,1,0,2,0,Fair,High,0.19298818721993902
LN103786,29,283969.69,480,0.162,196329.96,Unemployed,Business,13,0,1,0,Poor,Lower-Middle,0.6913764634528424
LN103787,22,811064.01,627,0.222,135107.91,Employed,Education,6,1,0,0,Fair,High,0.16658106923028185
LN103788,68,275251.78,623,0.612,125224.52,Contract,Business,12,0,2,0,Fair,Lower-Middle,0.4549453594814173
LN103789,36,263237.45,627,0.264,261199.77,Self-employed,Personal,7,0,0,0,Fair,Lower-Middle,0.9922591561345089
LN103790,26,273066.35,609,0.233,64075.1,Unemployed,Personal,15,1,1,1,Fair,Lower-Middle,0.23465029653049527
LN103791,29,145420.52,575,0.348,127771.63,Self-employed,Home,5,0,1,1,Poor,Low,0.8786354910572457
LN103792,33,169623.74,513,0.139,111961.02,Self-employed,Personal,1,1,2,0,Poor,Low,0.660055131433843
LN103793,53,224060.41,661,0.168,41304.95,Contract,Vehicle,7,0,1,0,Fair,Lower-Middle,0.18434738202969456
LN103794,64,560309.27,627,0.22,245098.34,Self-employed,Personal,0,0,0,0,Fair,High,0.4374340263904611
LN103795,34,294583.69,547,0.395,188545.91,Contract,Vehicle,12,1,1,0,Poor,Lower-Middle,0.6400419181387809
LN103796,54,229804.32,655,0.292,112449.25,Employed,Personal,14,0,0,0,Fair,Lower-Middle,0.48932609273837846
LN103797,24,588970.79,628,0.146,92812.75,Employed,Business,3,0,2,0,Fair,High,0.15758464014828308
LN103798,21,704106.69,615,0.835,110015.87,Self-employed,Education,0,1,0,0,Fair,High,0.15624886336472674
LN103799,23,598390.07,488,0.337,174211.82,Employed,Vehicle,12,0,0,0,Poor,High,0.29113420949649116
LN103800,66,187650.84,701,0.291,113847.77,Employed,Home,11,1,0,0,Good,Low,0.6067000286276364
LN103801,49,228467.9,558,0.514,71279.24,Contract,Vehicle,12,1,1,1,Poor,Lower-Middle,0.31198798605843536
LN103802,60,813492.99,655,0.215,78600.55,Self-employed,Business,9,2,2,0,Fair,High,0.09662105385812851
LN103803,22,342547.15,589,0.307,109136.51,Contract,Personal,9,0,1,0,Fair,Upper-Middle,0.31860288430366446
LN103804,22,258937.73,621,0.127,59997.02,Employed,Personal,4,0,1,0,Fair,Lower-Middle,0.23170443334001575
LN103805,62,445355.95,736,0.232,136611.45,Employed,Personal,5,1,1,0,Good,High,0.3067466596101388
LN103806,26,522067.54,690,0.208,65694.8,Employed,Education,10,0,1,1,Good,High,0.1258358257630804
LN103807,28,219090.57,735,0.376,59154.97,Unemployed,Vehicle,14,1,1,1,Good,Lower-Middle,0.2700023556467994
LN103808,46,338483.2,675,0.396,876569.67,Employed,Vehicle,4,1,0,0,Good,Upper-Middle,2.5896991933425353
LN103809,50,499391.58,680,0.386,388146.86,Contract,Home,5,0,2,1,Good,High,0.7772394961084446
LN103810,32,158479.39,516,0.161,120788.93,Employed,Personal,9,0,0,1,Poor,Low,0.7621743748508875
LN103811,42,302043.93,626,0.116,191261.37,Employed,Business,0,0,2,0,Fair,Upper-Middle,0.6332236837204442
LN103812,54,162530.9,633,0.272,213598.18,Self-employed,Vehicle,10,1,1,0,Fair,Low,1.3142004381935988
LN103813,42,174655.11,742,0.141,104735.89,Self-employed,Education,2,0,1,0,Very Good,Low,0.5996726348287205
LN103814,39,220099.0,612,0.108,132194.14,Employed,Education,10,0,0,0,Fair,Lower-Middle,0.6006121790648754
LN103815,24,390020.08,670,0.303,92765.02,Employed,Personal,14,0,2,0,Good,Upper-Middle,0.2378467795811949
LN103816,43,251305.68,667,0.392,248804.17,Employed,Personal,14,0,2,0,Fair,Lower-Middle,0.9900459472304804
LN103817,60,210009.45,737,0.36,251039.89,Contract,Home,2,1,2,0,Good,Lower-Middle,1.1953742557775375
LN103818,51,308628.25,640,0.379,303605.04,Employed,Personal,9,1,1,0,Fair,Upper-Middle,0.9837240758096512
LN103819,64,159645.06,712,0.564,130762.07,Employed,Personal,7,0,0,0,Good,Low,0.8190799640151722
LN103820,27,379792.19,522,0.165,450137.73,Employed,Home,7,0,1,1,Poor,Upper-Middle,1.185221133694192
LN103821,21,558941.71,529,0.563,104674.15,Employed,Personal,11,0,0,0,Poor,High,0.18727203235557424
LN103822,47,287211.89,479,0.075,416124.79,Contract,Vehicle,15,0,3,0,Poor,Lower-Middle,1.4488424904693185
LN103823,29,268358.97,709,0.497,81396.77,Self-employed,Business,9,0,0,0,Good,Lower-Middle,0.3033130213609033
LN103824,50,368401.98,701,0.661,47329.99,Unemployed,Business,8,1,1,0,Good,Upper-Middle,0.12847376661764956
LN103825,65,98309.86,717,0.306,410984.53,Self-employed,Education,10,1,0,0,Good,Low,4.180501630253568
LN103826,37,403038.49,599,0.189,168970.73,Employed,Vehicle,8,1,0,0,Fair,Upper-Middle,0.419242167168699
LN103827,47,1652128.39,608,0.202,154147.51,Employed,Business,5,0,2,0,Fair,High,0.09330237948395767
LN103828,54,280426.19,641,0.353,87022.38,Contract,Vehicle,13,0,3,0,Fair,Lower-Middle,0.3103218711490535
LN103829,28,280974.44,758,0.488,63505.94,Employed,Education,10,2,3,0,Very Good,Lower-Middle,0.22602034548053554
LN103830,64,451586.22,777,0.309,67546.54,Employed,Vehicle,9,0,1,0,Very Good,High,0.14957617617295763
LN103831,30,741529.87,710,0.472,120365.88,Employed,Home,0,2,1,1,Good,High,0.16232101344750954
LN103832,60,512866.1,675,0.455,99768.24,Unemployed,Business,4,0,0,1,Good,High,0.1945307751867398
LN103833,53,91670.32,750,0.112,31159.01,Employed,Vehicle,4,0,0,0,Very Good,Low,0.33990292605065625
LN103834,27,408974.1,631,0.2,330770.19,Employed,Personal,10,0,1,0,Fair,Upper-Middle,0.8087802870646332
LN103835,56,1234404.63,621,0.109,83735.91,Self-employed,Personal,1,0,0,0,Fair,High,0.06783505826610518
LN103836,30,422472.79,640,0.724,246028.29,Self-employed,Personal,6,0,4,1,Fair,Upper-Middle,0.5823529842004737
LN103837,50,158975.71,577,0.608,69533.53,Employed,Home,7,0,1,0,Poor,Low,0.43738461680718393
LN103838,68,350299.59,637,0.183,121647.56,Employed,Vehicle,11,1,1,0,Fair,Upper-Middle,0.34726720633615354
LN103839,67,148324.8,566,0.542,206951.14,Employed,Business,2,0,1,0,Poor,Low,1.395256491159941
LN103840,63,591005.02,727,0.441,189200.11,Employed,Vehicle,9,1,1,0,Good,High,0.3201328306822165
LN103841,45,177336.14,691,0.068,92416.54,Employed,Home,8,0,2,0,Good,Low,0.5211376541747215
LN103842,48,312503.75,757,0.454,153165.86,Employed,Personal,11,0,3,1,Very Good,Upper-Middle,0.49012487050155396
LN103843,35,187167.41,528,0.118,170689.43,Self-employed,Personal,2,0,1,0,Poor,Low,0.9119612757370527
LN103844,66,222124.06,793,0.272,99915.63,Employed,Education,9,0,1,0,Very Good,Lower-Middle,0.4498190335616952
LN103845,44,679369.61,532,0.164,53333.44,Self-employed,Vehicle,6,0,1,0,Poor,High,0.07850430636719238
LN103846,58,317565.44,560,0.151,73296.43,Employed,Vehicle,4,0,3,0,Poor,Upper-Middle,0.23080732588533562
LN103847,38,220571.33,603,0.291,85968.55,Employed,Vehicle,1,1,0,0,Fair,Lower-Middle,0.3897539630377167
LN103848,57,159797.45,748,0.29,111879.07,Self-employed,Education,6,0,1,0,Very Good,Low,0.7001305089661943
LN103849,31,107162.53,667,0.335,309676.33,Employed,Business,7,1,0,0,Fair,Low,2.889781810862435
LN103850,56,150743.26,632,0.52,198411.66,Employed,Personal,0,0,0,1,Fair,Low,1.3162224301106398
LN103851,23,319053.9,591,0.257,64717.97,Contract,Personal,12,0,0,0,Fair,Upper-Middle,0.20284337536698344
LN103852,26,514353.64,547,0.44,362933.59,Contract,Education,11,0,0,0,Poor,High,0.7056110072439655
LN103853,38,220431.98,735,0.075,104505.64,Self-employed,Personal,5,1,1,0,Good,Lower-Middle,0.47409472981189027
LN103854,44,711646.61,710,0.479,170283.73,Employed,Education,0,2,0,0,Good,High,0.23928130564691374
LN103855,55,202179.77,751,0.629,59748.19,Self-employed,Business,11,0,2,0,Very Good,Low,0.2955201205343146
LN103856,38,263189.95,680,0.505,81984.2,Employed,Education,0,0,1,1,Good,Lower-Middle,0.3115020159394384
LN103857,21,165672.89,452,0.671,215970.18,Employed,Vehicle,6,0,0,1,Poor,Low,1.3035939676068908
LN103858,36,517340.58,557,0.362,62129.03,Employed,Education,3,1,1,1,Poor,High,0.1200930922526897
LN103859,42,950904.19,685,0.186,114016.33,Self-employed,Vehicle,3,1,0,0,Good,High,0.11990306825759177
LN103860,47,113838.77,622,0.499,149391.8,Employed,Education,12,1,3,1,Fair,Low,1.3123103842390424
LN103861,52,247991.22,608,0.052,56575.24,Contract,Personal,4,0,1,0,Fair,Lower-Middle,0.22813404442302432
LN103862,33,601490.89,567,0.193,34642.63,Employed,Personal,3,1,0,0,Poor,High,0.0575946046331641
LN103863,50,135363.32,721,0.112,198399.02,Employed,Vehicle,4,1,0,0,Good,Low,1.4656778512820163
LN103864,51,409713.7,684,0.16,707458.55,Employed,Personal,2,1,1,0,Good,Upper-Middle,1.7267144105749943
LN103865,59,587333.14,688,0.415,148226.78,Self-employed,Home,11,0,1,0,Good,High,0.2523725802361501
LN103866,46,313189.46,602,0.206,167916.35,Employed,Personal,7,2,0,0,Fair,Upper-Middle,0.5361494285280226
LN103867,60,406030.05,663,0.257,61919.39,Employed,Vehicle,3,0,0,0,Fair,Upper-Middle,0.1524995255893006
LN103868,31,790194.24,550,0.269,285936.26,Self-employed,Personal,4,0,2,0,Poor,High,0.36185566222299975
LN103869,55,876044.67,640,0.113,86106.29,Employed,Business,15,1,1,0,Fair,High,0.09828983948957762
LN103870,23,289947.68,460,0.37,234368.96,Employed,Home,9,1,1,0,Poor,Lower-Middle,0.808314658699804
LN103871,26,223849.66,532,0.239,163240.38,Self-employed,Personal,10,1,0,1,Poor,Lower-Middle,0.7292411344292415
LN103872,63,180872.69,626,0.474,165849.93,Contract,Personal,13,2,0,1,Fair,Low,0.9169429060849373
LN103873,44,513429.52,828,0.311,161762.53,Employed,Personal,6,0,2,0,Excellent,High,0.3150627762891389
LN103874,51,141077.01,515,0.27,158445.9,Self-employed,Business,5,1,2,0,Poor,Low,1.1231163745248074
LN103875,50,261090.41,557,0.269,132248.67,Employed,Education,15,1,0,0,Poor,Lower-Middle,0.5065244257726663
LN103876,55,317431.44,666,0.515,206541.5,Employed,Home,9,1,0,0,Fair,Upper-Middle,0.6506649120830628
LN103877,33,227495.64,783,0.487,68617.57,Employed,Personal,3,1,2,0,Very Good,Lower-Middle,0.3016214728335013
LN103878,29,349912.67,665,0.495,94183.7,Unemployed,Education,13,0,0,0,Fair,Upper-Middle,0.2691634458392147
LN103879,23,1229379.44,703,0.127,285641.58,Employed,Personal,12,1,1,0,Good,High,0.23234615018451912
LN103880,63,280592.45,625,0.555,123084.3,Contract,Personal,6,1,0,0,Fair,Lower-Middle,0.4386586310501227
LN103881,31,236112.73,612,0.065,88998.5,Employed,Personal,4,0,0,0,Fair,Lower-Middle,0.37693223910460055
LN103882,49,524379.14,656,0.251,215539.77,Employed,Vehicle,10,2,0,0,Fair,High,0.41103803251975274
LN103883,43,342254.11,601,0.206,189579.92,Employed,Education,8,0,0,0,Fair,Upper-Middle,0.5539156856290199
LN103884,28,662100.36,704,0.148,47256.86,Employed,Business,3,1,3,0,Good,High,0.07137416448467118
LN103885,41,328442.13,530,0.376,176785.28,Employed,Vehicle,0,0,2,1,Poor,Upper-Middle,0.5382539688194081
LN103886,25,261687.15,717,0.174,120271.28,Employed,Education,13,0,3,0,Good,Lower-Middle,0.4595994874031835
LN103887,29,112475.32,653,0.331,174725.54,Self-employed,Personal,13,0,1,1,Fair,Low,1.553456704990926
LN103888,27,123091.55,634,0.281,110768.06,Self-employed,Home,14,2,0,1,Fair,Low,0.8998835419653095
LN103889,61,109305.66,527,0.233,148751.32,Unemployed,Personal,5,1,0,0,Poor,Low,1.360874816546554
LN103890,48,369599.14,577,0.304,33459.34,Employed,Home,11,1,0,0,Poor,Upper-Middle,0.09052872796186699
LN103891,66,141818.1,740,0.363,61483.73,Self-employed,Business,9,0,3,0,Very Good,Low,0.4335393719137402
LN103892,42,598454.22,634,0.505,177957.74,Employed,Education,4,2,1,0,Fair,High,0.29736232789869876
LN103893,30,305032.43,671,0.069,604507.45,Employed,Home,14,0,0,0,Good,Upper-Middle,1.9817809208024209
LN103894,50,262297.58,584,0.065,139659.78,Employed,Personal,5,1,1,0,Fair,Lower-Middle,0.5324478403498805
LN103895,66,188606.38,648,0.148,70116.44,Contract,Business,0,2,3,0,Fair,Low,0.37176070077799067
LN103896,47,422430.44,547,0.261,120120.69,Employed,Home,2,0,3,0,Poor,Upper-Middle,0.2843561415697221
LN103897,21,192733.55,657,0.203,61544.14,Employed,Home,15,0,1,0,Fair,Low,0.3193224013151836
LN103898,35,174482.52,678,0.247,247860.37,Employed,Education,1,2,1,0,Good,Low,1.420545565252038
LN103899,66,576730.41,674,0.594,113491.99,Employed,Personal,8,3,1,0,Good,High,0.19678516692053744
LN103900,46,364608.48,582,0.034,218124.41,Employed,Home,7,1,1,0,Fair,Upper-Middle,0.5982428329697653
LN103901,67,263636.51,624,0.153,99557.43,Self-employed,Education,12,0,0,0,Fair,Lower-Middle,0.37763142138393496
LN103902,45,426908.89,690,0.284,231077.86,Employed,Education,13,1,0,0,Good,Upper-Middle,0.5412814429795547
LN103903,21,301477.38,634,0.057,38288.26,Employed,Business,7,0,0,0,Fair,Upper-Middle,0.1270020987975947
LN103904,63,370346.74,628,0.576,111764.17,Employed,Personal,10,0,0,1,Fair,Upper-Middle,0.30178251332791534
LN103905,58,191428.84,793,0.831,156211.83,Employed,Home,13,0,0,0,Very Good,Low,0.8160308028821571
LN103906,56,936829.88,579,0.088,92393.1,Employed,Personal,12,0,0,0,Poor,High,0.09862313529111603
LN103907,68,218108.25,731,0.15,138956.63,Employed,Education,14,1,1,0,Good,Lower-Middle,0.6370993761125496
LN103908,30,705983.21,563,0.305,137432.65,Employed,Education,11,1,0,0,Poor,High,0.19466843977776752
LN103909,65,270400.61,699,0.421,217505.05,Employed,Home,6,1,0,0,Good,Lower-Middle,0.804380766744572
LN103910,32,467633.98,703,0.232,164757.14,Employed,Personal,8,3,0,0,Good,High,0.35232071886649474
LN103911,68,449261.62,612,0.556,142008.04,Self-employed,Business,11,2,0,1,Fair,High,0.3160920801558789
LN103912,30,563716.2,559,0.565,194830.85,Self-employed,Home,4,1,0,0,Poor,High,0.345618681882834
LN103913,47,188941.88,502,0.379,45649.69,Employed,Home,15,0,0,1,Poor,Low,0.24160704868608274
LN103914,59,542062.85,604,0.367,67451.84,Employed,Personal,7,0,0,0,Fair,High,0.12443545983643778
LN103915,24,828257.75,689,0.158,44703.95,Self-employed,Business,12,0,1,0,Good,High,0.05397347625180687
LN103916,24,260213.21,569,0.21,157129.7,Employed,Personal,8,0,2,0,Poor,Lower-Middle,0.6038498199226704
LN103917,62,305781.51,657,0.237,143949.05,Unemployed,Vehicle,15,1,0,0,Fair,Upper-Middle,0.47075786237042255
LN103918,23,224951.95,539,0.161,270675.9,Self-employed,Business,10,0,1,0,Poor,Lower-Middle,1.2032609630634454
LN103919,51,247953.82,632,0.419,138249.95,Employed,Education,11,1,4,0,Fair,Lower-Middle,0.5575632994885903
LN103920,66,768980.04,564,0.205,72957.31,Employed,Education,12,2,1,0,Poor,High,0.09487542745582836
LN103921,51,172682.3,644,0.103,120010.7,Employed,Home,5,1,1,0,Fair,Low,0.694979740251317
LN103922,44,178683.69,612,0.172,32507.03,Employed,Home,5,1,0,0,Fair,Low,0.18192499830286693
LN103923,41,727619.31,561,0.318,84363.37,Employed,Education,13,0,1,0,Poor,High,0.11594438031063248
LN103924,52,422962.75,601,0.644,23923.56,Contract,Personal,7,0,0,0,Fair,Upper-Middle,0.05656186035295071
LN103925,49,962935.19,580,0.538,136185.62,Contract,Personal,10,0,2,0,Fair,High,0.1414276073969215
LN103926,45,234168.57,551,0.499,91737.97,Unemployed,Business,8,0,0,0,Poor,Lower-Middle,0.3917603886806842
LN103927,28,321577.03,731,0.202,100937.47,Employed,Education,0,0,0,0,Good,Upper-Middle,0.31388271108791566
LN103928,53,208598.25,623,0.225,60036.38,Contract,Personal,7,2,0,1,Fair,Lower-Middle,0.2878086465250787
LN103929,57,324601.45,485,0.154,71216.43,Self-employed,Personal,2,0,0,1,Poor,Upper-Middle,0.21939652456882122
LN103930,55,113072.51,603,0.402,172548.96,Employed,Vehicle,1,0,1,1,Fair,Low,1.5260027393041864
LN103931,24,437251.03,719,0.1,43251.63,Contract,Home,4,1,1,0,Good,Upper-Middle,0.09891715978347723
LN103932,55,358415.6,593,0.239,152807.26,Unemployed,Personal,4,1,2,0,Fair,Upper-Middle,0.42634098515801216
LN103933,56,290652.21,762,0.115,64921.97,Employed,Home,11,1,1,0,Very Good,Lower-Middle,0.2233665107862073
LN103934,29,242034.94,586,0.348,36885.88,Self-employed,Business,4,1,1,1,Fair,Lower-Middle,0.1523989883444101
LN103935,62,183399.67,688,0.487,244106.33,Self-employed,Business,12,4,0,0,Good,Low,1.3310074658258653
LN103936,46,447655.77,728,0.207,260981.07,Self-employed,Home,3,0,0,0,Good,High,0.5829949874208032
LN103937,44,157540.57,684,0.069,77465.0,Employed,Home,13,2,1,0,Good,Low,0.4917146104016254
LN103938,56,397551.79,547,0.483,76972.77,Employed,Personal,8,0,1,0,Poor,Upper-Middle,0.19361696245915533
LN103939,45,938920.43,579,0.237,93448.63,Unemployed,Education,1,0,2,0,Poor,High,0.09952774166390223
LN103940,47,679134.57,738,0.268,64970.8,Employed,Personal,1,0,1,0,Good,High,0.09566704872644019
LN103941,36,131100.22,590,0.24,72855.61,Employed,Vehicle,1,0,2,1,Fair,Low,0.5557245441693386
LN103942,66,223313.48,723,0.41,147380.84,Employed,Business,6,1,1,0,Good,Lower-Middle,0.6599728775889391
LN103943,68,378259.47,618,0.181,423482.13,Employed,Education,4,0,1,0,Fair,Upper-Middle,1.1195546009727133
LN103944,27,288624.75,661,0.107,87349.65,Employed,Education,0,0,0,0,Fair,Lower-Middle,0.3026408857868218
LN103945,56,138949.33,546,0.484,213897.75,Employed,Business,10,0,1,0,Poor,Low,1.5393938927233404
LN103946,22,370816.1,604,0.1,138360.15,Contract,Personal,13,1,0,0,Fair,Upper-Middle,0.3731233622272604
LN103947,39,298351.76,584,0.181,37096.68,Employed,Personal,13,1,0,0,Fair,Lower-Middle,0.12433873358079067
LN103948,68,859767.02,667,0.285,108266.62,Unemployed,Business,2,1,0,0,Fair,High,0.12592553271001253
LN103949,29,260996.42,657,0.262,99777.88,Contract,Business,13,1,3,0,Fair,Lower-Middle,0.382295971722524
LN103950,39,570312.43,685,0.58,284983.15,Employed,Personal,6,0,0,0,Good,High,0.4996965435243977
LN103951,31,149438.34,613,0.333,292606.9,Employed,Personal,3,1,0,0,Fair,Low,1.9580443679981994
LN103952,56,170438.98,580,0.57,140527.07,Employed,Home,2,0,1,1,Fair,Low,0.8245007685448481
LN103953,43,446168.44,664,0.496,242196.37,Unemployed,Business,12,1,2,0,Fair,High,0.5428361764001057
LN103954,50,544481.74,573,0.421,100017.62,Self-employed,Business,4,1,2,0,Poor,High,0.18369324929060063
LN103955,67,177188.91,731,0.355,227707.47,Contract,Education,10,2,1,0,Good,Low,1.2851112973153906
LN103956,46,303999.19,641,0.118,117413.24,Unemployed,Personal,8,0,0,0,Fair,Upper-Middle,0.3862287922543478
LN103957,56,140318.37,626,0.038,224520.92,Employed,Personal,14,0,0,0,Fair,Low,1.600082156028466
LN103958,25,271540.57,685,0.424,239870.0,Contract,Education,11,0,0,0,Good,Lower-Middle,0.8833670784443002
LN103959,31,475368.36,644,0.124,175242.96,Contract,Home,12,0,2,0,Fair,High,0.3686466638208736
LN103960,67,236170.81,526,0.439,67928.0,Employed,Personal,7,0,0,1,Poor,Lower-Middle,0.2876223357154087
LN103961,63,261599.15,570,0.389,83690.61,Contract,Vehicle,8,0,2,0,Poor,Lower-Middle,0.3199192734380062
LN103962,53,161159.57,729,0.114,179369.21,Employed,Education,2,2,2,0,Good,Low,1.1129913662589195
LN103963,39,210016.34,656,0.509,196611.49,Employed,Business,12,0,1,0,Fair,Lower-Middle,0.9361723473516393
LN103964,30,788981.98,524,0.174,121928.4,Employed,Home,12,1,0,0,Poor,High,0.1545388907361357
LN103965,62,312277.17,676,0.044,89791.57,Self-employed,Business,4,0,1,0,Good,Upper-Middle,0.28753805473515726
LN103966,59,172865.39,608,0.252,124571.9,Self-employed,Education,2,4,3,0,Fair,Low,0.7206295025279496
LN103967,32,252309.85,584,0.176,91787.05,Employed,Business,12,1,2,0,Fair,Lower-Middle,0.3637870261505843
LN103968,49,124611.05,564,0.42,92119.62,Employed,Home,12,0,0,0,Poor,Low,0.7392572328055979
LN103969,51,171742.22,725,0.308,393272.25,Employed,Home,12,0,0,0,Good,Low,2.2898984885603553
LN103970,44,633949.52,503,0.027,80754.51,Employed,Personal,0,1,2,0,Poor,High,0.12738318659820105
LN103971,66,277387.97,587,0.148,153016.06,Self-employed,Education,13,1,0,0,Fair,Lower-Middle,0.5516319254941013
LN103972,27,848681.59,659,0.657,121495.98,Contract,Personal,5,1,2,0,Fair,High,0.1431584959914118
LN103973,33,284673.0,768,0.183,49562.01,Employed,Personal,3,0,0,0,Very Good,Lower-Middle,0.17410154809202139
LN103974,25,294121.87,692,0.267,48463.87,Employed,Education,8,0,0,0,Good,Lower-Middle,0.16477479216353413
LN103975,54,426782.39,587,0.07,104350.36,Employed,Business,13,0,0,0,Fair,Upper-Middle,0.2445048400427206
LN103976,52,68982.95,765,0.053,30914.61,Contract,Vehicle,13,0,1,0,Very Good,Low,0.4481485642466726
LN103977,69,335794.41,548,0.314,361493.52,Employed,Vehicle,2,0,2,0,Poor,Upper-Middle,1.076532274614101
LN103978,47,292025.14,670,0.167,86958.48,Employed,Personal,15,1,3,0,Good,Lower-Middle,0.2977773762902742
LN103979,28,679327.86,687,0.21,82467.63,Employed,Vehicle,12,1,1,0,Good,High,0.12139591919577684
LN103980,43,509972.16,584,0.262,243586.42,Employed,Education,14,0,1,0,Fair,High,0.4776465052523652
LN103981,25,160814.58,702,0.156,100384.99,Self-employed,Personal,14,2,1,0,Good,Low,0.6242281638891201
LN103982,53,594047.16,611,0.302,167948.68,Employed,Vehicle,8,0,2,0,Fair,High,0.2827194393118553
LN103983,54,259695.42,702,0.619,75815.32,Self-employed,Vehicle,0,0,1,0,Good,Lower-Middle,0.2919393803710516
LN103984,63,182423.92,512,0.318,113296.93,Employed,Home,1,1,2,0,Poor,Low,0.6210640030101315
LN103985,37,334350.31,675,0.179,206436.15,Employed,Vehicle,10,1,0,0,Good,Upper-Middle,0.6174247303673802
LN103986,36,268341.21,619,0.06,62821.77,Self-employed,Vehicle,1,0,0,0,Fair,Lower-Middle,0.23411152539708677
LN103987,24,699201.1,736,0.46,155012.88,Employed,Home,10,0,1,0,Good,High,0.22169999446511168
LN103988,41,361811.95,647,0.031,22868.21,Employed,Personal,1,2,0,0,Fair,Upper-Middle,0.06320468409072724
LN103989,44,335927.34,744,0.095,250399.71,Employed,Business,13,0,3,0,Very Good,Upper-Middle,0.7453984245521664
LN103990,57,492324.66,688,0.384,76616.29,Self-employed,Home,4,1,1,0,Good,High,0.15562147547108446
LN103991,57,547225.99,640,0.481,104042.87,Employed,Personal,1,3,2,1,Fair,High,0.19012779345513175
LN103992,27,461630.73,709,0.257,103214.62,Employed,Vehicle,5,0,1,1,Good,High,0.22358697827590462
LN103993,34,654903.16,710,0.405,58371.25,Employed,Home,14,0,2,0,Good,High,0.08912958978545774
LN103994,46,419287.9,685,0.15,55529.85,Employed,Home,8,1,3,0,Good,Upper-Middle,0.13243847485224353
LN103995,37,328977.97,478,0.071,154370.31,Contract,Personal,15,0,3,0,Poor,Upper-Middle,0.4692420893715163
LN103996,22,593078.7,576,0.285,159158.16,Self-employed,Home,4,1,0,1,Poor,High,0.26835925822323414
LN103997,62,285370.86,754,0.556,61871.06,Employed,Business,10,1,1,0,Very Good,Lower-Middle,0.21680931262568295
LN103998,56,305536.14,556,0.284,156361.68,Contract,Personal,2,0,4,0,Poor,Upper-Middle,0.5117616528113499
LN103999,46,773286.63,716,0.413,158081.64,Employed,Personal,6,0,1,0,Good,High,0.20442825967390643
LN104000,36,732044.09,703,0.709,86025.0,Employed,Business,6,0,3,0,Good,High,0.1175134137070897
LN104001,62,298654.02,596,0.144,47451.51,Employed,Home,10,0,1,0,Fair,Lower-Middle,0.15888455142843882
LN104002,22,233767.99,500,0.122,107348.14,Contract,Personal,10,0,0,0,Poor,Lower-Middle,0.45920803784983566
LN104003,42,670838.15,607,0.274,139460.8,Employed,Home,0,2,0,1,Fair,High,0.20789038309762195
LN104004,60,465919.36,806,0.243,105870.65,Employed,Education,11,1,0,0,Excellent,High,0.22722955749252402
LN104005,67,356863.07,585,0.301,74840.5,Contract,Vehicle,12,0,0,0,Fair,Upper-Middle,0.20971769368009976
LN104006,33,251326.4,590,0.148,149009.56,Contract,Home,6,1,3,0,Fair,Lower-Middle,0.5928925890793805
LN104007,52,360040.16,575,0.032,250370.37,Contract,Personal,1,1,4,0,Poor,Upper-Middle,0.6953956747491724
LN104008,30,296439.4,741,0.177,66672.16,Employed,Vehicle,6,2,1,0,Very Good,Lower-Middle,0.224909914134221
LN104009,26,208178.62,632,0.21,90629.11,Employed,Home,5,1,0,0,Fair,Low,0.43534302417798715
LN104010,38,322065.76,603,0.533,654271.93,Employed,Business,12,1,0,0,Fair,Upper-Middle,2.0314855264341047
LN104011,64,347153.03,756,0.241,132893.01,Employed,Home,2,0,2,0,Very Good,Upper-Middle,0.38280815235862986
LN104012,54,244035.86,693,0.673,48281.86,Employed,Home,4,0,1,0,Good,Lower-Middle,0.19784739832908166
LN104013,44,493186.11,581,0.499,80644.59,Contract,Home,11,1,0,1,Fair,High,0.1635175613522449
LN104014,34,609500.82,558,0.349,67254.36,Employed,Education,15,0,1,0,Poor,High,0.11034334621567861
LN104015,27,511437.92,737,0.396,140855.7,Employed,Personal,9,1,1,0,Good,High,0.2754111388533725
LN104016,34,257712.82,651,0.648,134357.35,Employed,Business,0,2,0,1,Fair,Lower-Middle,0.5213452322627955
LN104017,28,454630.18,534,0.131,72730.71,Employed,Personal,11,2,1,1,Poor,High,0.15997774278865518
LN104018,30,313143.4,516,0.388,367632.03,Self-employed,Education,0,1,0,0,Poor,Upper-Middle,1.1740053598447229
LN104019,54,152036.74,566,0.47,116258.6,Employed,Business,1,0,1,0,Poor,Low,0.7646743806793017
LN104020,27,434320.89,557,0.32,81798.25,Contract,Personal,10,1,2,0,Poor,Upper-Middle,0.18833597895786222
LN104021,23,325107.17,497,0.234,49737.1,Employed,Business,5,0,1,0,Poor,Upper-Middle,0.15298678278919534
LN104022,47,1249169.08,568,0.451,61490.51,Employed,Vehicle,0,0,1,0,Poor,High,0.04922512971582678
LN104023,35,668663.84,581,0.363,48938.52,Employed,Personal,6,2,0,0,Fair,High,0.07318852474510959
LN104024,43,443596.36,615,0.436,97184.49,Employed,Home,6,1,0,0,Fair,High,0.21908315478512946
LN104025,27,344063.51,777,0.332,61883.52,Unemployed,Education,9,1,2,0,Very Good,Upper-Middle,0.17986074722076745
LN104026,31,328267.79,630,0.323,183106.87,Self-employed,Business,15,5,2,1,Fair,Upper-Middle,0.5577972483989367
LN104027,42,172734.08,637,0.318,75233.72,Employed,Personal,1,1,3,0,Fair,Low,0.43554647698937005
LN104028,54,115277.18,688,0.307,189921.53,Unemployed,Personal,10,1,1,0,Good,Low,1.6475206107574805
LN104029,41,185652.19,632,0.359,151401.33,Self-employed,Vehicle,10,0,1,0,Fair,Low,0.8155106061501347
LN104030,47,292229.11,680,0.236,167345.46,Employed,Vehicle,15,0,0,0,Good,Lower-Middle,0.5726515746497671
LN104031,46,94229.74,671,0.097,197032.22,Contract,Business,6,0,1,0,Good,Low,2.090977010018281
LN104032,34,222383.97,659,0.429,401874.8,Self-employed,Vehicle,2,2,3,0,Fair,Lower-Middle,1.8071212596843198
LN104033,34,261803.78,850,0.538,63347.29,Self-employed,Home,14,0,3,0,Excellent,Lower-Middle,0.24196476460347519
LN104034,41,266479.65,718,0.335,190638.68,Employed,Vehicle,0,0,0,0,Good,Lower-Middle,0.7153967666949427
LN104035,22,208478.2,569,0.18,142487.99,Employed,Personal,7,0,0,0,Poor,Lower-Middle,0.6834670963199029
LN104036,54,248626.03,678,0.384,219557.17,Contract,Education,10,1,3,0,Good,Lower-Middle,0.8830819926618304
LN104037,51,774272.66,591,0.577,118214.26,Self-employed,Home,1,0,1,1,Fair,High,0.1526778176566379
LN104038,36,431799.94,683,0.032,236249.33,Contract,Personal,4,3,1,0,Good,Upper-Middle,0.547126824519707
LN104039,39,220438.13,547,0.172,47509.91,Self-employed,Personal,1,1,2,0,Poor,Lower-Middle,0.21552491848846658
LN104040,37,288931.95,567,0.151,57264.44,Contract,Personal,13,0,0,0,Poor,Lower-Middle,0.19819351926984882
LN104041,52,295364.49,676,0.096,75981.79,Employed,Home,4,0,3,0,Good,Lower-Middle,0.25724754522793175
LN104042,58,196646.36,725,0.416,104783.16,Employed,Home,9,0,1,0,Good,Low,0.5328507479111233
LN104043,26,196519.34,688,0.555,113364.89,Employed,Vehicle,3,2,1,0,Good,Low,0.5768637834830913
LN104044,41,522994.36,714,0.228,67996.94,Employed,Vehicle,11,0,0,0,Good,High,0.13001467166873465
LN104045,21,238150.08,678,0.092,57766.74,Employed,Home,12,0,0,0,Good,Lower-Middle,0.24256443667791336
LN104046,43,164300.89,663,0.285,71847.21,Employed,Business,0,1,1,0,Fair,Low,0.4372904492483273
LN104047,33,292965.63,612,0.413,36213.46,Employed,Business,11,0,2,0,Fair,Lower-Middle,0.1236099265296069
LN104048,37,320117.41,711,0.227,91212.56,Self-employed,Home,10,1,2,0,Good,Upper-Middle,0.2849347056756457
LN104049,43,101371.82,727,0.386,105902.22,Employed,Education,1,0,0,0,Good,Low,1.0446909210074358
LN104050,36,293351.63,645,0.274,146518.85,Employed,Vehicle,4,1,3,0,Fair,Lower-Middle,0.49946492542073145
LN104051,40,483558.08,641,0.419,122602.45,Employed,Vehicle,13,0,1,0,Fair,High,0.2535423459370175
LN104052,58,384505.71,769,0.48,352901.56,Employed,Education,7,0,1,1,Very Good,Upper-Middle,0.9178057719871051
LN104053,60,1022667.6,648,0.49,186517.12,Self-employed,Vehicle,1,0,3,0,Fair,High,0.18238293654751553
LN104054,21,596985.42,656,0.431,177635.56,Employed,Vehicle,10,2,0,0,Fair,High,0.29755426857828454
LN104055,39,665604.86,686,0.636,139426.35,Employed,Home,12,0,0,0,Good,High,0.20947315498868205
LN104056,62,1399443.22,643,0.274,155820.04,Employed,Personal,6,0,3,0,Fair,High,0.11134431020359654
LN104057,46,455214.36,588,0.279,95297.12,Employed,Education,1,1,1,0,Fair,High,0.20934559270054662
LN104058,31,328150.09,678,0.239,117358.62,Self-employed,Home,2,0,0,0,Good,Upper-Middle,0.357637019084773
LN104059,50,512519.95,647,0.265,383558.62,Unemployed,Vehicle,6,0,1,0,Fair,High,0.748377931434669
LN104060,28,220567.21,788,0.586,105103.43,Employed,Home,7,2,2,0,Very Good,Lower-Middle,0.476514301468473
LN104061,22,318304.97,709,0.32,46282.69,Employed,Vehicle,12,0,3,1,Good,Upper-Middle,0.145403604599702
LN104062,51,210089.21,605,0.455,173019.71,Contract,Home,10,1,1,0,Fair,Lower-Middle,0.823553527570502
LN104063,46,373408.87,705,0.186,194292.74,Self-employed,Personal,4,0,3,0,Good,Upper-Middle,0.5203217052664014
LN104064,58,209606.61,673,0.459,121622.33,Employed,Education,11,0,0,0,Good,Lower-Middle,0.580240909387352
LN104065,37,205608.07,748,0.386,32445.31,Self-employed,Education,1,0,1,1,Very Good,Low,0.15780173414399543
LN104066,62,376603.45,611,0.15,253857.86,Contract,Vehicle,2,0,0,0,Fair,Upper-Middle,0.6740720511190218
LN104067,41,278116.8,664,0.517,127730.14,Employed,Personal,12,1,1,0,Fair,Lower-Middle,0.459267976619895
LN104068,57,103922.54,643,0.132,89910.29,Self-employed,Business,14,0,0,0,Fair,Low,0.8651664018219724
LN104069,25,134723.72,654,0.129,238106.68,Contract,Vehicle,11,2,0,0,Fair,Low,1.7673701409076292
LN104070,25,159618.39,584,0.468,29502.22,Employed,Vehicle,7,0,3,0,Fair,Low,0.18482970539923374
LN104071,59,184591.99,693,0.219,118296.02,Contract,Business,14,0,0,1,Good,Low,0.6408513175463356
LN104072,61,376800.29,681,0.343,77398.29,Unemployed,Personal,5,0,1,0,Good,Upper-Middle,0.2054093164312586
LN104073,67,338389.92,746,0.122,290143.44,Self-employed,Education,10,1,0,0,Very Good,Upper-Middle,0.8574234126122906
LN104074,36,538984.13,649,0.137,128812.04,Employed,Personal,10,1,0,0,Fair,High,0.2389904133169932
LN104075,22,453875.75,619,0.234,62705.85,Self-employed,Vehicle,1,0,1,0,Fair,High,0.1381564227654815
LN104076,69,540951.22,709,0.145,230518.92,Self-employed,Home,15,1,0,0,Good,High,0.4261362420071814
LN104077,50,419221.9,590,0.169,22244.83,Employed,Personal,10,0,1,0,Fair,Upper-Middle,0.053062184966959025
LN104078,33,336670.97,731,0.329,153027.32,Employed,Personal,3,1,0,0,Good,Upper-Middle,0.4545307841659173
LN104079,58,549179.82,731,0.546,48392.31,Employed,Vehicle,13,1,2,1,Good,High,0.08811742208590258
LN104080,65,497432.32,744,0.235,81442.39,Employed,Home,6,1,0,0,Very Good,High,0.1637255697418294
LN104081,34,368940.33,678,0.23,94070.09,Self-employed,Business,1,0,0,0,Good,Upper-Middle,0.2549737243418197
LN104082,58,603576.02,614,0.427,198751.13,Contract,Personal,10,0,3,0,Fair,High,0.32928930808086115
LN104083,59,82566.08,658,0.297,460677.27,Employed,Vehicle,2,1,0,0,Fair,Low,5.579497900348424
LN104084,45,255705.84,679,0.264,34597.14,Self-employed,Home,9,1,2,0,Good,Lower-Middle,0.1353005469096834
LN104085,51,253559.3,608,0.154,147021.39,Employed,Education,10,1,0,0,Fair,Lower-Middle,0.5798303986483636
LN104086,34,565527.01,750,0.212,460391.33,Employed,Home,2,0,3,0,Very Good,High,0.8140925576658133
LN104087,66,711979.93,694,0.415,75798.32,Self-employed,Vehicle,12,0,0,0,Good,High,0.10646131555983608
LN104088,69,135122.78,583,0.269,72801.09,Employed,Business,7,0,1,0,Fair,Low,0.5387773253333006
LN104089,69,651921.67,791,0.13,128232.55,Employed,Personal,5,1,0,0,Very Good,High,0.1966993212543464
LN104090,57,157509.79,657,0.462,188523.59,Employed,Business,1,1,0,0,Fair,Low,1.1969007767707645
LN104091,23,160150.51,568,0.305,168665.77,Unemployed,Vehicle,11,1,3,0,Poor,Low,1.0531703583085685
LN104092,38,263729.86,588,0.156,87123.27,Unemployed,Home,2,1,1,0,Fair,Lower-Middle,0.330350419933488
LN104093,42,251833.69,762,0.213,65289.51,Self-employed,Business,2,1,2,1,Very Good,Lower-Middle,0.25925645611593906
LN104094,68,127313.55,787,0.431,258776.52,Employed,Business,4,1,4,0,Very Good,Low,2.0325921317880145
LN104095,47,428896.38,726,0.153,66487.19,Self-employed,Education,7,2,0,0,Good,Upper-Middle,0.15501923798004544
LN104096,47,435917.85,749,0.27,31657.02,Employed,Vehicle,14,0,0,0,Very Good,Upper-Middle,0.07262152719830124
LN104097,28,535663.06,741,0.396,42767.28,Employed,Personal,11,0,1,0,Very Good,High,0.07983989039677292
LN104098,59,236366.14,692,0.299,75640.32,Employed,Home,11,0,3,0,Good,Lower-Middle,0.3200133487816825
LN104099,37,293539.43,675,0.293,290211.21,Employed,Business,3,0,2,0,Good,Lower-Middle,0.9886617617265252
LN104100,25,295021.29,690,0.143,50807.55,Unemployed,Personal,10,0,3,0,Good,Lower-Middle,0.17221655426969357
LN104101,69,759135.26,705,0.352,295812.9,Self-employed,Home,5,2,0,0,Good,High,0.3896708736727629
LN104102,30,63114.33,594,0.325,257215.09,Self-employed,Home,7,2,1,0,Fair,Low,4.075383355887641
LN104103,21,177232.62,705,0.061,127342.54,Contract,Home,10,2,3,0,Good,Low,0.7185050923469957
LN104104,24,300915.63,759,0.353,20979.99,Self-employed,Personal,2,1,2,0,Very Good,Upper-Middle,0.06972050604350462
LN104105,43,165127.66,635,0.539,50949.85,Self-employed,Home,5,0,0,0,Fair,Low,0.3085482468533739
LN104106,26,260266.54,627,0.549,72870.35,Contract,Education,6,1,1,0,Fair,Lower-Middle,0.2799835507092076
LN104107,62,279902.39,686,0.309,338808.99,Employed,Vehicle,13,0,1,0,Good,Lower-Middle,1.210454080081274
LN104108,46,208941.67,601,0.21,75983.88,Employed,Education,15,0,0,0,Fair,Lower-Middle,0.3636607288531771
LN104109,36,310828.21,551,0.455,66558.05,Employed,Personal,15,0,2,0,Poor,Upper-Middle,0.2141313042339368
LN104110,21,423801.24,736,0.242,124322.21,Employed,Home,8,0,1,0,Good,Upper-Middle,0.293350274293676
LN104111,44,263442.71,616,0.196,44004.36,Self-employed,Home,10,0,1,1,Fair,Lower-Middle,0.1670357855034212
LN104112,28,233813.87,651,0.633,108253.58,Contract,Vehicle,11,0,0,1,Fair,Lower-Middle,0.4629904119888183
LN104113,68,273858.56,604,0.074,65458.61,Contract,Business,12,1,1,0,Fair,Lower-Middle,0.23902342143331215
LN104114,35,298775.51,746,0.515,631133.7,Employed,Vehicle,10,2,2,0,Very Good,Lower-Middle,2.1124010465248637
LN104115,44,115192.74,714,0.232,60583.64,Employed,Vehicle,14,0,1,0,Good,Low,0.5259327975009536
LN104116,21,386695.33,632,0.387,385652.96,Unemployed,Education,6,1,0,0,Fair,Upper-Middle,0.9973044153390733
LN104117,27,234096.12,562,0.291,52424.38,Contract,Home,11,1,1,0,Poor,Lower-Middle,0.22394382273401198
LN104118,31,600418.41,624,0.431,130488.41,Employed,Personal,9,0,1,0,Fair,High,0.2173291288653191
LN104119,23,415242.17,693,0.265,152274.45,Contract,Vehicle,12,0,4,0,Good,Upper-Middle,0.366712393396846
LN104120,56,570959.91,664,0.235,120617.86,Contract,Business,14,1,3,0,Fair,High,0.21125451697650716
LN104121,67,172040.58,658,0.344,115901.52,Employed,Personal,1,0,1,1,Fair,Low,0.6736871033566616
LN104122,69,244574.46,666,0.401,192563.72,Employed,Personal,13,0,2,0,Fair,Lower-Middle,0.7873418998860306
LN104123,34,151476.47,707,0.213,144281.97,Contract,Vehicle,13,1,0,1,Good,Low,0.9525041744107187
LN104124,59,203553.18,647,0.205,98306.86,Self-employed,Home,13,3,3,0,Fair,Low,0.4829541842578927
LN104125,45,597312.52,684,0.467,70958.75,Self-employed,Home,4,1,3,0,Good,High,0.11879668954536562
LN104126,23,679870.47,576,0.22,98765.43,Unemployed,Business,9,0,1,0,Poor,High,0.1452709513916673
LN104127,25,159542.31,842,0.265,97976.06,Contract,Business,1,1,1,0,Excellent,Low,0.614107066645832
LN104128,47,233161.13,629,0.431,96730.93,Employed,Home,0,2,0,0,Fair,Lower-Middle,0.41486730657035326
LN104129,41,287687.51,665,0.403,115585.45,Employed,Business,9,0,2,0,Fair,Lower-Middle,0.4017743071292876
LN104130,21,413999.84,692,0.518,44010.18,Contract,Personal,15,1,1,0,Good,Upper-Middle,0.10630482369268549
LN104131,66,113964.48,619,0.197,56404.8,Employed,Personal,3,1,0,1,Fair,Low,0.4949331581208461
LN104132,56,124229.72,651,0.299,188884.05,Employed,Business,12,0,2,0,Fair,Low,1.5204417268267205
LN104133,45,392712.13,650,0.327,25475.28,Contract,Business,1,1,4,0,Fair,Upper-Middle,0.06487011236449457
LN104134,69,102699.91,581,0.465,239499.46,Self-employed,Education,1,2,0,0,Fair,Low,2.3320318391710373
LN104135,68,234638.0,683,0.101,76491.68,Employed,Education,9,0,0,1,Good,Lower-Middle,0.3259986873396466
LN104136,68,327973.55,526,0.102,325589.39,Employed,Personal,4,1,2,0,Poor,Upper-Middle,0.9927306333086922
LN104137,33,377057.9,781,0.093,244085.96,Contract,Home,1,0,1,0,Very Good,Upper-Middle,0.647343445131371
LN104138,64,277504.6,709,0.414,88914.07,Employed,Vehicle,14,1,0,0,Good,Lower-Middle,0.3204057518325823
LN104139,45,245332.95,698,0.428,95112.91,Employed,Personal,14,0,1,0,Good,Lower-Middle,0.3876890976120411
LN104140,56,477372.18,520,0.294,309853.6,Contract,Home,0,1,1,0,Poor,High,0.6490818128530238
LN104141,63,350950.69,591,0.089,251660.92,Contract,Vehicle,15,0,1,0,Fair,Upper-Middle,0.7170834170464233
LN104142,29,210171.39,754,0.641,207008.84,Employed,Vehicle,0,1,3,0,Very Good,Lower-Middle,0.9849525189893829
LN104143,42,306289.3,850,0.311,231413.16,Self-employed,Education,11,2,1,0,Excellent,Upper-Middle,0.7555378526118934
LN104144,27,370378.49,740,0.285,54249.36,Employed,Home,12,0,0,0,Very Good,Upper-Middle,0.14647006093685408
LN104145,34,771867.54,728,0.425,125703.2,Employed,Business,4,1,1,0,Good,High,0.1628559221443617
LN104146,41,462321.48,689,0.259,66668.7,Unemployed,Personal,2,2,1,0,Good,High,0.14420420180347235
LN104147,62,585103.49,586,0.205,53350.38,Employed,Home,9,1,0,0,Fair,High,0.09118110028706203
LN104148,63,214422.51,725,0.15,122364.88,Self-employed,Vehicle,14,0,3,0,Good,Lower-Middle,0.5706718012022152
LN104149,40,224860.87,567,0.421,84055.95,Employed,Home,0,0,2,1,Poor,Lower-Middle,0.3738131494376945
LN104150,37,263571.18,559,0.278,98732.89,Employed,Home,13,0,3,1,Poor,Lower-Middle,0.37459668390147965
LN104151,47,277221.69,554,0.378,79476.2,Employed,Vehicle,9,1,1,0,Poor,Lower-Middle,0.2866882457862514
LN104152,65,172322.68,723,0.411,48670.36,Employed,Vehicle,15,0,1,0,Good,Low,0.28243734370890705
LN104153,68,601872.7,646,0.411,331423.12,Self-employed,Education,4,3,2,0,Fair,High,0.5506531862967037
LN104154,32,487663.63,658,0.533,121725.39,Contract,Vehicle,10,0,1,0,Fair,High,0.24960932600202315
LN104155,30,253575.0,649,0.33,43079.81,Contract,Vehicle,7,0,0,0,Fair,Lower-Middle,0.1698898156363995
LN104156,55,426974.09,566,0.356,123811.65,Employed,Business,10,0,2,1,Poor,Upper-Middle,0.289974621176662
LN104157,35,339127.8,600,0.558,295711.33,Employed,Business,2,1,4,1,Fair,Upper-Middle,0.871976080993655
LN104158,30,445718.62,603,0.178,205131.91,Employed,Home,7,0,2,0,Fair,High,0.46022737394278035
LN104159,22,143224.53,545,0.122,78516.66,Self-employed,Personal,15,0,1,0,Poor,Low,0.5482067911132262
LN104160,40,276903.45,612,0.451,79751.89,Contract,Home,13,2,2,1,Fair,Lower-Middle,0.28801334905722553
LN104161,40,290574.87,569,0.413,59049.81,Self-employed,Personal,3,1,2,1,Poor,Lower-Middle,0.20321719493499213
LN104162,48,422751.96,693,0.07,67898.6,Employed,Personal,0,0,0,0,Good,Upper-Middle,0.16061096440570022
LN104163,30,212330.03,700,0.244,71586.35,Self-employed,Personal,6,1,1,0,Good,Lower-Middle,0.3371466108679964
LN104164,56,75854.77,553,0.284,42355.73,Employed,Personal,3,0,3,1,Poor,Low,0.5583792555168251
LN104165,54,165479.55,628,0.455,82425.37,Employed,Business,4,0,0,1,Fair,Low,0.4981000371344979
LN104166,43,290094.31,789,0.363,137560.86,Employed,Home,2,1,1,0,Very Good,Lower-Middle,0.4741935820802552
LN104167,29,310728.27,576,0.153,84047.52,Employed,Personal,8,1,0,0,Poor,Upper-Middle,0.2704855918001925
LN104168,45,757363.97,682,0.514,126692.14,Employed,Home,1,2,3,0,Good,High,0.16728038963881528
LN104169,54,413349.31,658,0.471,315682.5,Employed,Home,14,0,1,0,Fair,Upper-Middle,0.7637184636887382
LN104170,39,313758.67,732,0.141,362731.48,Self-employed,Personal,0,0,1,0,Good,Upper-Middle,1.1560843242993093
LN104171,33,294702.77,672,0.666,105248.87,Employed,Vehicle,2,1,1,0,Good,Lower-Middle,0.35713566587786055
LN104172,45,550641.15,618,0.364,194921.86,Employed,Home,8,1,1,0,Fair,High,0.35399072517555213
LN104173,38,216853.44,655,0.445,98707.43,Employed,Home,2,0,2,0,Fair,Lower-Middle,0.4551803743579073
LN104174,40,277723.6,656,0.336,80106.92,Employed,Business,8,1,1,0,Fair,Lower-Middle,0.28844116956571214
LN104175,38,164793.06,643,0.343,53225.83,Employed,Vehicle,1,0,0,0,Fair,Low,0.3229858708855822
LN104176,35,654702.41,551,0.392,116370.42,Employed,Vehicle,13,1,0,0,Poor,High,0.17774551952542833
LN104177,56,372283.96,743,0.412,222589.41,Employed,Vehicle,9,0,0,0,Very Good,Upper-Middle,0.597902230329773
LN104178,43,203292.26,730,0.497,48043.53,Self-employed,Business,4,0,1,1,Good,Low,0.2363273938712669
LN104179,43,281697.05,572,0.381,91274.32,Employed,Home,9,0,1,0,Poor,Lower-Middle,0.32401588870028997
LN104180,53,397061.19,627,0.311,88456.27,Self-employed,Education,8,0,0,0,Fair,Upper-Middle,0.2227774263206132
LN104181,38,261356.94,633,0.212,129147.04,Employed,Education,13,0,0,1,Fair,Lower-Middle,0.49414046552580543
LN104182,25,223592.15,563,0.105,130487.58,Self-employed,Personal,11,0,2,0,Poor,Lower-Middle,0.5835964276921172
LN104183,62,209334.19,510,0.438,155973.09,Employed,Business,13,2,2,0,Poor,Lower-Middle,0.7450913298014051
LN104184,23,361481.74,600,0.434,377480.47,Unemployed,Home,13,2,0,1,Fair,Upper-Middle,1.044258750110033
LN104185,49,246374.47,623,0.505,62468.23,Employed,Home,1,2,2,1,Fair,Lower-Middle,0.2535499315330846
LN104186,34,233741.48,542,0.597,60276.14,Unemployed,Vehicle,12,0,0,1,Poor,Lower-Middle,0.25787523891779923
LN104187,31,143875.52,663,0.244,129187.9,Employed,Vehicle,14,1,0,0,Fair,Low,0.8979143915518082
LN104188,23,313088.15,737,0.075,282803.04,Self-employed,Business,3,2,0,0,Good,Upper-Middle,0.9032697021589605
LN104189,65,271540.03,713,0.215,42518.3,Employed,Vehicle,13,0,0,0,Good,Lower-Middle,0.15658207005427524
LN104190,42,251357.41,640,0.193,136438.29,Employed,Business,9,1,0,0,Fair,Lower-Middle,0.542805919268503
LN104191,37,334657.07,512,0.556,96506.49,Employed,Home,10,1,1,0,Poor,Upper-Middle,0.28837427519460446
LN104192,57,452679.21,704,0.271,191668.57,Employed,Home,11,1,1,0,Good,High,0.4234092614944698
LN104193,22,441264.07,661,0.801,165472.32,Employed,Personal,5,1,1,0,Fair,High,0.3749961332677732
LN104194,48,406580.99,682,0.32,113524.23,Employed,Personal,14,1,1,0,Good,Upper-Middle,0.2792167681032013
LN104195,45,262805.4,795,0.4,151013.63,Employed,Home,11,0,2,0,Very Good,Lower-Middle,0.5746214879907338
LN104196,48,219627.6,588,0.462,71707.81,Self-employed,Business,7,2,0,1,Fair,Lower-Middle,0.3264972617284895
LN104197,27,168954.4,434,0.059,185050.02,Employed,Home,9,1,2,0,Poor,Low,1.0952660599546387
LN104198,67,216490.44,571,0.024,270892.12,Self-employed,Business,15,0,3,0,Poor,Lower-Middle,1.2512890638496554
LN104199,32,303259.85,686,0.171,117399.74,Contract,Home,5,0,0,0,Good,Upper-Middle,0.38712589220102833
LN104200,54,194673.76,652,0.389,84378.37,Employed,Home,14,1,1,1,Fair,Low,0.4334347371725907
LN104201,57,316275.57,559,0.249,100096.18,Contract,Business,0,1,2,1,Poor,Upper-Middle,0.3164840711535197
LN104202,37,176404.79,544,0.223,183789.24,Employed,Home,12,0,0,0,Poor,Low,1.0418608247542485
LN104203,27,120329.88,623,0.505,107046.95,Employed,Education,9,0,1,0,Fair,Low,0.8896123722553367
LN104204,35,470810.58,557,0.196,50436.35,Contract,Personal,11,1,2,0,Poor,High,0.10712662829284762
LN104205,60,231100.91,689,0.074,204250.76,Self-employed,Home,9,0,0,0,Good,Lower-Middle,0.8838163380663452
LN104206,65,189315.32,619,0.25,58069.31,Employed,Personal,7,0,0,1,Fair,Low,0.30673328497661995
LN104207,66,164377.65,603,0.15,144951.83,Employed,Education,2,0,0,0,Fair,Low,0.881822011690762
LN104208,32,378589.41,593,0.339,32699.02,Employed,Vehicle,3,0,2,0,Fair,Upper-Middle,0.08637066736758432
LN104209,50,639049.37,670,0.158,118011.06,Employed,Home,14,3,1,0,Good,High,0.1846665774821122
LN104210,28,240348.96,653,0.517,105223.63,Unemployed,Vehicle,6,0,1,0,Fair,Lower-Middle,0.43779523739149945
LN104211,55,266459.59,665,0.479,30627.14,Contract,Vehicle,2,1,0,0,Fair,Lower-Middle,0.11494103102087636
LN104212,41,540870.56,664,0.141,136566.24,Employed,Vehicle,2,0,3,0,Fair,High,0.25249338769704893
LN104213,55,110834.42,645,0.105,53763.57,Employed,Personal,4,0,2,1,Fair,Low,0.48508008613208786
LN104214,54,884975.74,573,0.371,116229.78,Employed,Vehicle,11,1,0,0,Poor,High,0.13133668500336518
LN104215,69,1150598.64,595,0.112,84171.22,Self-employed,Vehicle,5,0,1,0,Fair,High,0.07315428427761744
LN104216,44,67714.26,620,0.314,42018.87,Employed,Personal,6,0,1,0,Fair,Low,0.6205320710881284
LN104217,37,284335.73,805,0.088,55743.37,Contract,Education,10,0,1,0,Excellent,Lower-Middle,0.19604771443954655
LN104218,46,202018.97,549,0.355,58719.95,Self-employed,Business,9,1,2,0,Poor,Low,0.29066552512370497
LN104219,28,259344.68,619,0.536,208314.45,Employed,Education,1,2,0,0,Fair,Lower-Middle,0.8032339433374921
LN104220,26,238333.44,657,0.31,189380.93,Employed,Business,6,2,0,0,Fair,Lower-Middle,0.7946049450719127
LN104221,46,468834.57,627,0.132,458017.0,Self-employed,Business,11,0,1,0,Fair,High,0.9769266801294111
LN104222,61,281989.27,731,0.097,78866.83,Self-employed,Vehicle,11,1,1,0,Good,Lower-Middle,0.2796802516634764
LN104223,47,181777.52,627,0.35,77233.82,Employed,Personal,6,1,2,0,Fair,Low,0.4248810303936373
LN104224,59,272893.23,632,0.068,120078.75,Employed,Home,3,1,0,0,Fair,Lower-Middle,0.4400209928256557
LN104225,29,398183.84,711,0.209,87318.04,Employed,Education,2,1,4,0,Good,Upper-Middle,0.21929076780212875
LN104226,43,156449.89,786,0.088,75325.17,Employed,Vehicle,1,1,1,0,Very Good,Low,0.4814651515574731
LN104227,51,121310.57,756,0.061,113961.03,Self-employed,Education,1,0,0,0,Very Good,Low,0.9394155018808336
LN104228,38,897659.67,640,0.014,173786.23,Employed,Home,15,1,1,0,Fair,High,0.19359924012181587
LN104229,21,210702.63,646,0.371,27871.06,Contract,Business,6,0,2,0,Fair,Lower-Middle,0.13227675421042442
LN104230,24,278171.64,654,0.124,75834.23,Employed,Home,5,3,0,0,Fair,Lower-Middle,0.2726166837136956
LN104231,66,241047.74,661,0.285,44197.35,Contract,Personal,7,0,0,0,Fair,Lower-Middle,0.18335517271391966
LN104232,50,405544.54,586,0.37,99533.09,Contract,Business,8,0,1,0,Fair,Upper-Middle,0.24543072383615375
LN104233,33,795377.57,720,0.316,145720.42,Employed,Home,2,0,3,0,Good,High,0.18320911413179533
LN104234,33,412710.38,665,0.384,227350.43,Contract,Vehicle,14,0,0,0,Fair,Upper-Middle,0.5508716063792726
LN104235,22,130149.22,647,0.225,82975.53,Self-employed,Education,7,1,0,0,Fair,Low,0.6375415081242899
LN104236,67,140122.16,555,0.318,117867.08,Contract,Business,8,1,0,0,Poor,Low,0.8411737301223446
LN104237,26,240892.76,655,0.624,36858.98,Employed,Business,8,0,4,0,Fair,Lower-Middle,0.1530099119624849
LN104238,58,258851.42,508,0.53,62876.82,Contract,Vehicle,15,0,1,0,Poor,Lower-Middle,0.2429069927451045
LN104239,32,116362.38,606,0.344,125854.02,Employed,Business,15,1,1,0,Fair,Low,1.0815696619474438
LN104240,37,470793.69,608,0.126,45473.1,Employed,Vehicle,2,0,2,0,Fair,High,0.09658816795101906
LN104241,34,165059.53,672,0.376,245804.92,Unemployed,Vehicle,11,1,1,0,Good,Low,1.4891895063556768
LN104242,61,682046.84,791,0.238,154588.39,Contract,Education,2,0,1,0,Very Good,High,0.226653626897531
LN104243,22,816584.5,693,0.192,61099.42,Employed,Personal,0,1,0,0,Good,High,0.07482314445106415
LN104244,38,261711.57,759,0.195,41974.99,Employed,Home,8,1,1,0,Very Good,Lower-Middle,0.16038645138997865
LN104245,34,381922.39,698,0.372,68919.36,Unemployed,Personal,7,1,1,0,Good,Upper-Middle,0.1804538351365051
LN104246,34,152354.72,734,0.26,61308.74,Employed,Home,7,2,0,1,Good,Low,0.40240788076667394
LN104247,30,422759.92,789,0.384,49870.61,Employed,Vehicle,0,1,0,0,Very Good,Upper-Middle,0.1179643756200919
LN104248,65,228098.29,595,0.21,44082.09,Employed,Business,10,0,1,0,Fair,Lower-Middle,0.1932591866427407
LN104249,39,164976.5,590,0.454,94700.6,Employed,Personal,8,1,1,0,Fair,Low,0.5740247853482163
LN104250,41,255864.56,700,0.125,177053.13,Employed,Education,0,2,0,0,Good,Lower-Middle,0.69197988967288
LN104251,39,232205.11,650,0.395,69288.36,Self-employed,Personal,5,0,0,0,Fair,Lower-Middle,0.2983929165038616
LN104252,69,250872.49,667,0.399,146885.69,Employed,Vehicle,2,0,2,0,Fair,Lower-Middle,0.5854993905469668
LN104253,37,505782.34,631,0.543,88894.27,Self-employed,Home,14,1,0,0,Fair,High,0.17575597835226908
LN104254,37,194778.56,605,0.183,163773.8,Employed,Education,11,1,4,0,Fair,Low,0.8408204681254445
LN104255,37,779026.55,772,0.452,65974.61,Self-employed,Business,7,1,0,0,Very Good,High,0.0846885256991562
LN104256,37,144748.78,568,0.481,132042.63,Employed,Vehicle,1,2,0,1,Poor,Low,0.9122192946980279
LN104257,25,729434.17,701,0.206,118933.64,Self-employed,Home,13,1,1,0,Good,High,0.1630491754999632
LN104258,50,171520.3,689,0.205,266663.62,Contract,Personal,5,0,0,0,Good,Low,1.5547058861254324
LN104259,22,299832.86,532,0.392,158168.9,Self-employed,Vehicle,9,0,0,0,Poor,Upper-Middle,0.5275235676303124
LN104260,32,229103.67,588,0.229,129915.6,Employed,Vehicle,11,0,1,0,Fair,Lower-Middle,0.56706031815204
LN104261,30,248323.34,600,0.643,42311.25,Contract,Education,6,0,0,0,Fair,Lower-Middle,0.17038772915989292
LN104262,35,466160.01,692,0.176,78184.31,Employed,Business,15,2,0,0,Good,High,0.16771989943967952
LN104263,58,684499.02,622,0.428,65380.34,Employed,Vehicle,3,1,1,0,Fair,High,0.0955156078967067
LN104264,50,577420.67,644,0.116,64460.14,Contract,Home,5,0,1,0,Fair,High,0.11163462506459977
LN104265,69,240113.44,541,0.364,111114.34,Employed,Education,2,0,1,0,Poor,Lower-Middle,0.46275768653349847
LN104266,38,331995.98,824,0.322,128639.52,Employed,Education,5,1,1,0,Excellent,Upper-Middle,0.3874731254276031
LN104267,66,195124.86,655,0.402,131952.51,Contract,Home,12,0,2,1,Fair,Low,0.6762465326048153
LN104268,23,173891.2,687,0.269,249739.63,Employed,Education,7,1,1,0,Good,Low,1.4361832571170938
LN104269,45,159703.18,609,0.523,150624.11,Contract,Education,14,0,1,0,Fair,Low,0.9431503492917298
LN104270,60,235831.4,601,0.545,49520.03,Employed,Personal,14,0,0,0,Fair,Lower-Middle,0.20998064719117132
LN104271,47,344145.86,793,0.109,125478.19,Employed,Vehicle,5,0,0,0,Very Good,Upper-Middle,0.36460758237800683
LN104272,66,104824.15,506,0.458,160826.43,Employed,Vehicle,12,0,2,1,Poor,Low,1.5342497888129787
LN104273,36,292448.31,671,0.071,249860.62,Employed,Vehicle,7,0,3,0,Good,Lower-Middle,0.8543753253352704
LN104274,22,690624.52,559,0.118,99509.77,Contract,Personal,6,2,1,1,Poor,High,0.1440866449398582
LN104275,58,556036.29,620,0.165,100140.73,Contract,Personal,4,0,0,0,Fair,High,0.1800974716955974
LN104276,24,217441.8,602,0.208,221797.13,Employed,Vehicle,1,2,0,0,Fair,Lower-Middle,1.0200298654628503
LN104277,58,139143.03,576,0.33,123539.33,Self-employed,Personal,7,1,2,1,Poor,Low,0.8878585582044606
LN104278,56,386328.92,653,0.198,38920.26,Employed,Vehicle,10,0,2,0,Fair,Upper-Middle,0.10074384283734182
LN104279,62,83864.04,457,0.234,33855.92,Self-employed,Business,13,0,1,1,Poor,Low,0.4037000840884842
LN104280,44,552452.38,626,0.489,363938.67,Employed,Personal,6,0,2,1,Fair,High,0.658769304243019
LN104281,64,266749.33,643,0.379,36109.55,Employed,Home,2,1,0,0,Fair,Lower-Middle,0.13536884984865755
LN104282,29,821389.69,548,0.342,98671.15,Employed,Home,7,0,1,1,Poor,High,0.12012708608504692
LN104283,42,116041.91,763,0.343,195294.06,Employed,Home,4,2,0,0,Very Good,Low,1.6829614403968358
LN104284,26,497085.93,605,0.12,34934.88,Employed,Home,14,0,2,0,Fair,High,0.07027935793716793
LN104285,58,283866.09,632,0.269,54459.97,Employed,Education,11,1,1,1,Fair,Lower-Middle,0.19185091815651525
LN104286,55,250060.95,606,0.048,48915.73,Unemployed,Home,14,1,1,0,Fair,Lower-Middle,0.19561522900716805
LN104287,60,141227.01,644,0.035,354678.75,Employed,Personal,4,0,2,0,Fair,Low,2.511408759556688
LN104288,58,416315.68,748,0.332,408413.65,Employed,Education,7,1,1,0,Very Good,Upper-Middle,0.9810191391301909
LN104289,36,435135.74,835,0.27,68256.23,Employed,Home,1,2,1,0,Excellent,Upper-Middle,0.15686192543044153
LN104290,24,800793.22,706,0.015,160317.18,Employed,Home,2,1,1,0,Good,High,0.200197973704123
LN104291,66,522283.28,732,0.166,134386.63,Employed,Home,5,0,2,0,Good,High,0.2573060159995932
LN104292,45,216402.49,779,0.396,91648.88,Contract,Education,6,0,5,0,Very Good,Lower-Middle,0.4235112082120682
LN104293,25,172717.63,669,0.535,38209.17,Employed,Education,10,0,1,0,Fair,Low,0.22122333429424662
LN104294,66,141332.06,768,0.404,492912.65,Unemployed,Vehicle,3,0,2,0,Very Good,Low,3.4876209262074016
LN104295,69,674556.79,709,0.37,33786.84,Employed,Home,15,1,1,0,Good,High,0.050087465578695006
LN104296,42,195544.23,661,0.286,126260.68,Contract,Business,12,0,1,0,Fair,Low,0.6456885994539444
LN104297,58,677160.89,676,0.348,72207.35,Employed,Vehicle,14,0,0,1,Good,High,0.10663248729559677
LN104298,22,400443.27,513,0.062,211816.48,Employed,Vehicle,4,1,0,0,Poor,Upper-Middle,0.5289550252648771
LN104299,25,359685.15,672,0.376,190632.16,Contract,Vehicle,8,0,0,0,Good,Upper-Middle,0.5299973045870812
LN104300,34,253409.03,534,0.217,58221.32,Employed,Home,8,1,1,0,Poor,Lower-Middle,0.22975234939338982
LN104301,53,431450.41,528,0.445,65818.3,Employed,Personal,12,2,1,1,Poor,Upper-Middle,0.1525512514868163
LN104302,27,297458.15,664,0.528,40160.42,Self-employed,Personal,13,2,1,0,Fair,Lower-Middle,0.13501200084785034
LN104303,22,244866.99,566,0.351,124848.52,Employed,Home,9,1,1,1,Poor,Lower-Middle,0.5098625992829822
LN104304,53,439916.58,649,0.572,174609.25,Employed,Vehicle,15,0,3,1,Fair,High,0.39691445591798336
LN104305,58,277160.79,660,0.365,82549.55,Contract,Education,7,0,0,0,Fair,Lower-Middle,0.29783992894521627
LN104306,57,193387.96,664,0.085,93818.08,Self-employed,Vehicle,4,2,0,1,Fair,Low,0.4851288570394972
LN104307,60,417250.68,582,0.403,380155.63,Contract,Business,2,1,3,1,Fair,Upper-Middle,0.911096490004522
LN104308,60,289625.98,717,0.254,202155.02,Self-employed,Education,6,1,1,0,Good,Lower-Middle,0.6979864858808592
LN104309,50,392557.48,643,0.502,264152.72,Self-employed,Business,4,0,1,0,Fair,Upper-Middle,0.6729020167950945
LN104310,46,233728.35,683,0.069,25614.31,Employed,Home,3,2,2,0,Good,Lower-Middle,0.10959008609781398
LN104311,62,154279.48,560,0.055,156985.77,Employed,Education,7,1,4,0,Poor,Low,1.0175414773241391
LN104312,38,779048.38,637,0.16,129524.81,Contract,Vehicle,4,0,3,0,Fair,High,0.16626029053548638
LN104313,25,702340.8,732,0.086,48749.25,Contract,Business,15,0,0,0,Good,High,0.0694096797452177
LN104314,57,487779.86,723,0.471,55809.65,Self-employed,Education,4,0,1,1,Good,High,0.11441565053546902
LN104315,34,242375.12,590,0.457,95439.93,Contract,Personal,9,1,0,1,Fair,Lower-Middle,0.3937695007639398
LN104316,68,254323.63,609,0.171,45978.93,Employed,Home,12,0,2,0,Fair,Lower-Middle,0.18078905998628597
LN104317,41,641662.57,576,0.46,65452.53,Employed,Education,15,1,0,1,Poor,High,0.10200459409686309
LN104318,62,246947.55,601,0.086,81487.11,Employed,Education,10,0,0,0,Fair,Lower-Middle,0.3299773980345219
LN104319,23,211849.61,545,0.55,159695.34,Self-employed,Vehicle,4,1,2,1,Poor,Lower-Middle,0.7538146518183347
LN104320,53,840092.11,640,0.409,69481.22,Employed,Personal,8,2,1,0,Fair,High,0.08270666891515027
LN104321,42,292235.43,697,0.521,82251.04,Employed,Education,1,0,3,0,Good,Lower-Middle,0.28145471615128936
LN104322,43,793470.53,591,0.268,214068.98,Employed,Education,4,0,1,1,Fair,High,0.2697881923856706
LN104323,33,139026.83,643,0.059,34942.79,Employed,Vehicle,15,0,1,0,Fair,Low,0.25133846466901394
LN104324,68,398929.28,633,0.292,127512.77,Employed,Personal,0,1,0,0,Fair,Upper-Middle,0.31963753074229095
LN104325,40,937182.38,729,0.193,141683.09,Employed,Home,5,0,2,0,Good,High,0.15117984825963116
LN104326,62,304949.25,604,0.278,144231.41,Employed,Education,0,1,1,0,Fair,Upper-Middle,0.4729685677206945
LN104327,41,259454.15,607,0.4,79408.05,Employed,Business,8,1,3,0,Fair,Lower-Middle,0.30605812240814034
LN104328,23,157830.07,587,0.55,55054.27,Employed,Vehicle,12,1,1,1,Fair,Low,0.348819904850831
LN104329,64,544066.32,565,0.156,295351.15,Employed,Business,1,0,1,0,Poor,High,0.5428587272228137
LN104330,30,196411.52,690,0.496,63039.3,Employed,Business,2,1,1,0,Good,Low,0.3209552067007068
LN104331,34,284757.45,640,0.116,53218.77,Contract,Vehicle,13,0,1,0,Fair,Lower-Middle,0.18689158088752372
LN104332,63,152140.77,654,0.276,111453.91,Employed,Home,4,2,2,0,Fair,Low,0.7325709604335512
LN104333,64,706324.32,746,0.363,68036.94,Employed,Personal,0,3,1,0,Very Good,High,0.09632535376949786
LN104334,65,566212.47,750,0.031,217783.82,Contract,Business,1,1,1,0,Very Good,High,0.3846326803787985
LN104335,41,294833.52,527,0.664,92584.04,Employed,Vehicle,14,0,1,1,Poor,Lower-Middle,0.3140214179174742
LN104336,58,159015.32,699,0.485,236935.55,Employed,Business,14,2,1,0,Good,Low,1.4900171253939556
LN104337,37,698217.98,667,0.261,147257.67,Self-employed,Home,2,0,0,0,Fair,High,0.210905009922546
LN104338,57,245309.34,615,0.351,85468.13,Employed,Vehicle,4,1,2,0,Fair,Lower-Middle,0.3484096039718667
LN104339,45,163354.03,675,0.424,226918.57,Unemployed,Business,2,1,0,0,Good,Low,1.3891213458278318
LN104340,23,113819.92,521,0.172,72055.47,Employed,Vehicle,7,1,0,0,Poor,Low,0.6330655477529769
LN104341,41,210292.97,760,0.065,89334.46,Self-employed,Personal,13,2,1,0,Very Good,Lower-Middle,0.4248095407088502
LN104342,43,134791.82,689,0.468,155156.42,Contract,Home,12,1,2,1,Good,Low,1.1510818683210895
LN104343,33,212986.98,585,0.409,127457.95,Contract,Vehicle,6,0,0,0,Fair,Lower-Middle,0.59843071158622
LN104344,39,451785.4,606,0.181,70993.2,Employed,Business,11,0,1,0,Fair,High,0.15713920812846097
LN104345,45,244035.18,522,0.218,40522.31,Employed,Vehicle,4,1,2,0,Poor,Lower-Middle,0.16605109968161147
LN104346,23,364823.56,626,0.289,108675.03,Employed,Personal,14,0,1,0,Fair,Upper-Middle,0.29788380443412155
LN104347,28,201532.05,614,0.396,68569.89,Employed,Business,9,1,2,0,Fair,Low,0.3402431027719909
LN104348,58,310947.93,551,0.329,112140.23,Self-employed,Personal,14,1,0,0,Poor,Upper-Middle,0.36063989877662156
LN104349,38,862881.98,708,0.032,83667.23,Employed,Business,4,0,1,0,Good,High,0.09696254173716781
LN104350,50,247674.44,746,0.142,68996.88,Employed,Business,15,0,1,0,Very Good,Lower-Middle,0.2785789280476419
LN104351,48,370635.34,648,0.322,92404.79,Self-employed,Home,4,1,1,0,Fair,Upper-Middle,0.2493145688697683
LN104352,48,126816.67,627,0.297,104873.46,Employed,Personal,10,0,2,0,Fair,Low,0.8269690412151652
LN104353,41,692176.4,683,0.198,172817.58,Self-employed,Vehicle,0,1,1,1,Good,High,0.24967274238185524
LN104354,44,230746.3,649,0.215,144828.92,Employed,Personal,3,0,1,0,Fair,Lower-Middle,0.6276543545877009
LN104355,61,534630.57,569,0.032,429170.98,Self-employed,Personal,8,1,1,1,Poor,High,0.8027430605025074
LN104356,68,280348.46,601,0.746,120592.1,Employed,Vehicle,8,0,2,0,Fair,Lower-Middle,0.4301507488216629
LN104357,33,419956.5,628,0.406,71028.07,Self-employed,Personal,2,0,0,0,Fair,Upper-Middle,0.1691319696206631
LN104358,53,433910.94,669,0.344,98729.97,Employed,Vehicle,0,2,2,0,Fair,Upper-Middle,0.2275351020188613
LN104359,68,233910.9,651,0.424,159156.9,Self-employed,Personal,13,0,0,0,Fair,Lower-Middle,0.680416774079361
LN104360,21,546935.57,666,0.376,211179.2,Employed,Vehicle,3,1,2,0,Fair,High,0.38611348682258867
LN104361,59,197618.97,536,0.196,263074.14,Employed,Vehicle,12,3,1,0,Poor,Low,1.3312190626233908
LN104362,45,460193.15,700,0.076,56793.82,Self-employed,Personal,2,0,0,0,Good,High,0.12341300603887737
LN104363,68,242056.11,650,0.128,252880.85,Contract,Education,4,1,1,0,Fair,Lower-Middle,1.0447199618303378
LN104364,49,363594.54,841,0.046,106758.25,Employed,Business,0,1,3,0,Excellent,Upper-Middle,0.2936189580844641
LN104365,62,232685.17,621,0.44,60217.46,Self-employed,Personal,8,1,2,0,Fair,Lower-Middle,0.2587937168492517
LN104366,29,308360.41,674,0.581,96353.59,Employed,Business,8,0,0,0,Good,Upper-Middle,0.31247068973607867
LN104367,27,166118.43,850,0.412,241645.37,Self-employed,Personal,9,0,2,0,Excellent,Low,1.4546571984818302
LN104368,66,343758.31,665,0.149,148073.6,Contract,Business,11,0,0,0,Fair,Upper-Middle,0.4307491504714461
LN104369,46,307380.31,645,0.429,50031.46,Self-employed,Home,10,0,1,0,Fair,Upper-Middle,0.1627672898111138
LN104370,48,222894.38,576,0.33,50275.97,Employed,Personal,3,0,0,0,Poor,Lower-Middle,0.2255596125842204
LN104371,29,291056.41,765,0.498,49377.18,Employed,Home,6,2,2,0,Very Good,Lower-Middle,0.16964814483900217
LN104372,32,322945.94,563,0.671,68373.17,Employed,Education,1,1,0,0,Poor,Upper-Middle,0.21171707561952938
LN104373,61,213745.51,682,0.224,115679.41,Employed,Business,10,1,0,0,Good,Lower-Middle,0.5412015906205468
LN104374,35,279489.65,614,0.104,52903.14,Self-employed,Personal,6,0,1,0,Fair,Lower-Middle,0.18928479104682408
LN104375,49,172557.22,636,0.294,83268.33,Self-employed,Education,2,2,2,0,Fair,Low,0.4825548881698488
LN104376,36,1090002.91,543,0.25,273637.36,Self-employed,Personal,14,0,0,0,Poor,High,0.2510427793261579
LN104377,33,537160.93,751,0.192,314837.2,Employed,Home,7,1,0,1,Very Good,High,0.586113364574002
LN104378,29,348620.6,629,0.259,301354.71,Self-employed,Business,0,0,1,0,Fair,Upper-Middle,0.8644202608795925
LN104379,66,571602.94,559,0.387,34253.64,Employed,Home,1,0,0,0,Poor,High,0.05992558400766799
LN104380,67,101007.38,744,0.059,326490.16,Employed,Home,4,0,1,0,Very Good,Low,3.2323396567656735
LN104381,26,73483.33,612,0.268,116755.69,Employed,Home,15,2,0,0,Fair,Low,1.588873149869501
LN104382,38,240849.53,675,0.387,115718.52,Employed,Business,1,1,0,0,Good,Lower-Middle,0.4804598123982223
LN104383,48,140551.25,713,0.559,214705.52,Employed,Education,6,0,2,0,Good,Low,1.5275959480972243
LN104384,39,263393.59,686,0.279,173769.34,Contract,Education,6,0,2,0,Good,Lower-Middle,0.6597326077677136
LN104385,56,335926.92,485,0.256,32649.83,Employed,Vehicle,9,0,1,1,Poor,Upper-Middle,0.09719325262768462
LN104386,33,497706.45,702,0.195,73875.21,Employed,Home,9,2,1,0,Good,High,0.14843128916653583
LN104387,23,160410.68,642,0.025,86707.1,Employed,Home,7,1,0,0,Fair,Low,0.5405319645799146
LN104388,37,373747.09,625,0.087,46330.81,Employed,Home,12,0,2,0,Fair,Upper-Middle,0.12396299861491897
LN104389,50,302383.72,642,0.474,210320.45,Employed,Education,0,1,2,0,Fair,Upper-Middle,0.6955415787595973
LN104390,29,363185.09,529,0.389,280278.74,Self-employed,Home,6,2,0,1,Poor,Upper-Middle,0.7717242467194895
LN104391,60,225407.06,664,0.123,109247.4,Employed,Vehicle,1,1,0,0,Fair,Lower-Middle,0.48466716171179375
LN104392,21,641947.68,548,0.313,133561.99,Employed,Education,4,0,1,0,Poor,High,0.20805743857505643
LN104393,24,283398.13,629,0.23,109196.25,Employed,Education,4,1,2,0,Fair,Lower-Middle,0.385310411187258
LN104394,45,795986.88,662,0.018,117322.91,Employed,Business,14,1,1,0,Fair,High,0.1473930198447492
LN104395,46,194234.99,731,0.249,227459.83,Employed,Home,10,0,3,0,Good,Low,1.1710548650374477
LN104396,35,451392.62,589,0.417,34914.64,Employed,Education,3,0,0,0,Fair,High,0.07734871695509776
LN104397,33,290314.5,759,0.361,150874.37,Contract,Home,10,0,1,0,Very Good,Lower-Middle,0.51969285033989
LN104398,24,250516.34,721,0.585,110850.81,Contract,Business,13,0,0,0,Good,Lower-Middle,0.4424893402162909
LN104399,53,424773.43,618,0.228,69180.83,Employed,Business,3,2,1,0,Fair,Upper-Middle,0.1628652479511254
LN104400,39,254483.77,567,0.327,79305.0,Employed,Home,9,1,3,0,Poor,Lower-Middle,0.31163087532065403
LN104401,26,69387.14,542,0.271,361955.47,Employed,Home,7,2,2,0,Poor,Low,5.216463310060048
LN104402,40,60000.0,670,0.225,46414.17,Contract,Home,14,0,1,0,Good,Low,0.7735695
LN104403,66,604024.44,595,0.125,98584.91,Employed,Home,5,1,0,0,Fair,High,0.16321344546919328
LN104404,33,590178.26,740,0.258,317236.25,Employed,Home,10,1,0,0,Very Good,High,0.537526153538763
LN104405,64,847101.05,599,0.363,48177.69,Contract,Home,9,1,2,0,Fair,High,0.0568736043946587
LN104406,33,297121.74,582,0.551,81775.11,Employed,Home,5,1,3,0,Fair,Lower-Middle,0.27522425656231014
LN104407,30,147353.33,668,0.324,113067.1,Unemployed,Home,5,0,1,1,Fair,Low,0.76731961198298
LN104408,33,238176.35,599,0.626,143841.15,Employed,Vehicle,13,1,1,0,Fair,Lower-Middle,0.6039270901581958
LN104409,36,301890.98,651,0.287,104404.98,Employed,Vehicle,14,1,0,0,Fair,Upper-Middle,0.34583669906268816
LN104410,26,172416.22,724,0.393,61466.61,Employed,Vehicle,4,2,1,0,Good,Low,0.3565013198874213
LN104411,49,742853.29,659,0.214,147126.39,Contract,Business,7,0,1,0,Fair,High,0.1980557829931668
LN104412,37,1028142.5,659,0.179,103037.04,Employed,Vehicle,2,1,0,0,Fair,High,0.10021669175235923
LN104413,56,390269.24,665,0.592,165425.64,Employed,Vehicle,6,1,0,1,Fair,Upper-Middle,0.42387568131170167
LN104414,45,298212.83,523,0.275,200513.49,Employed,Business,13,0,1,0,Poor,Lower-Middle,0.6723838474689368
LN104415,42,147164.45,679,0.128,41863.93,Employed,Vehicle,11,2,3,0,Good,Low,0.2844704002902875
LN104416,44,702272.23,662,0.647,215296.2,Self-employed,Home,7,0,1,0,Fair,High,0.3065708578566463
LN104417,28,312858.57,717,0.284,93220.85,Employed,Personal,12,2,2,0,Good,Upper-Middle,0.297964828005191
LN104418,55,255888.56,695,0.243,188080.0,Self-employed,Vehicle,8,0,1,1,Good,Lower-Middle,0.7350074579340319
LN104419,26,390890.79,635,0.073,151638.21,Self-employed,Education,7,1,6,0,Fair,Upper-Middle,0.38792986143265235
LN104420,56,217378.73,727,0.025,367099.83,Employed,Personal,0,2,2,0,Good,Lower-Middle,1.6887568990765565
LN104421,69,325240.15,628,0.732,110448.08,Self-employed,Education,1,1,1,1,Fair,Upper-Middle,0.3395893157717459
LN104422,58,135697.17,669,0.513,84633.08,Employed,Personal,8,2,1,0,Fair,Low,0.6236908256819209
LN104423,43,545487.79,627,0.458,78810.98,Contract,Vehicle,1,1,2,0,Fair,High,0.14447799097391345
LN104424,36,283257.51,685,0.353,56057.01,Employed,Home,0,2,3,0,Good,Lower-Middle,0.1979012312859772
LN104425,63,567433.15,622,0.249,185999.99,Employed,Vehicle,5,1,3,0,Fair,High,0.32779189936294695
LN104426,33,268582.35,774,0.326,53761.51,Contract,Vehicle,8,3,2,1,Very Good,Lower-Middle,0.20016769530834772
LN104427,44,278348.14,801,0.226,184942.27,Contract,Personal,11,4,3,0,Excellent,Lower-Middle,0.6644278995361708
LN104428,58,154008.51,716,0.312,95126.45,Employed,Personal,15,1,1,0,Good,Low,0.6176700884905645
LN104429,66,455615.3,766,0.383,34966.27,Employed,Vehicle,10,0,1,0,Very Good,High,0.07674516198204932
LN104430,66,185317.49,535,0.348,289413.62,Contract,Business,15,0,1,1,Poor,Low,1.5617177849753956
LN104431,25,229579.68,543,0.413,12258.23,Contract,Vehicle,4,0,2,1,Poor,Lower-Middle,0.05339422896660541
LN104432,65,300172.84,626,0.105,104306.86,Self-employed,Business,10,0,2,0,Fair,Upper-Middle,0.3474893331455304
LN104433,26,320683.86,653,0.059,128066.99,Employed,Home,0,2,1,0,Fair,Upper-Middle,0.39935589524212417
LN104434,49,117381.48,635,0.501,24570.56,Employed,Personal,2,1,6,0,Fair,Low,0.20932228832009958
LN104435,66,264235.1,527,0.584,146539.54,Unemployed,Personal,10,3,2,0,Poor,Lower-Middle,0.5545801447271768
LN104436,53,464591.76,736,0.356,71173.33,Employed,Education,5,1,1,0,Good,High,0.15319542042674197
LN104437,67,243641.18,812,0.271,93591.84,Contract,Personal,9,1,3,0,Excellent,Lower-Middle,0.384138018047688
LN104438,37,265119.33,746,0.357,263337.71,Employed,Education,15,3,0,0,Very Good,Lower-Middle,0.9932799317198033
LN104439,36,328030.24,731,0.412,120692.8,Self-employed,Personal,12,0,3,1,Good,Upper-Middle,0.3679319321291842
LN104440,36,279920.11,667,0.447,87585.39,Employed,Business,5,4,0,0,Fair,Lower-Middle,0.31289423971718217
LN104441,38,170204.21,587,0.199,98463.08,Employed,Home,10,1,2,0,Fair,Low,0.5784996740092387
LN104442,54,294062.43,655,0.241,348956.62,Employed,Education,14,0,2,1,Fair,Lower-Middle,1.1866752920459782
LN104443,43,518283.67,808,0.278,143090.74,Contract,Personal,3,0,0,0,Excellent,High,0.27608575821036385
LN104444,57,168281.08,624,0.591,61931.85,Self-employed,Vehicle,8,0,1,0,Fair,Low,0.36802622136725055
LN104445,41,244158.46,616,0.519,80083.85,Self-employed,Home,11,2,2,0,Fair,Lower-Middle,0.3279994885288841
LN104446,36,140314.35,733,0.313,50751.13,Unemployed,Home,10,1,5,1,Good,Low,0.36169593487765145
LN104447,30,503479.27,738,0.233,82012.26,Employed,Vehicle,7,1,0,0,Good,High,0.16289103620889891
LN104448,48,285141.48,586,0.127,312814.75,Contract,Personal,6,0,1,0,Fair,Lower-Middle,1.0970510148155226
LN104449,65,187949.38,630,0.472,98727.49,Employed,Personal,9,1,1,0,Fair,Low,0.5252876599007669
LN104450,63,315616.72,612,0.067,46128.09,Employed,Home,7,2,1,0,Fair,Upper-Middle,0.1461522380690098
LN104451,33,154748.68,655,0.65,145559.25,Employed,Education,5,1,1,0,Fair,Low,0.9406170702069964
LN104452,44,169925.47,733,0.372,85225.84,Unemployed,Home,13,0,3,0,Good,Low,0.5015483552877623
LN104453,55,134385.03,590,0.493,158443.32,Self-employed,Business,12,2,1,0,Fair,Low,1.179025074444676
LN104454,51,166843.11,732,0.513,93964.89,Employed,Personal,10,0,0,1,Good,Low,0.5631931099821863
LN104455,24,632903.62,658,0.591,281436.28,Unemployed,Home,3,0,0,0,Fair,High,0.44467478318420744
LN104456,49,200450.51,824,0.249,60859.05,Self-employed,Vehicle,8,3,0,0,Excellent,Low,0.30361135025298763
LN104457,22,387690.09,674,0.283,51579.53,Self-employed,Business,3,0,0,0,Good,Upper-Middle,0.13304319953084176
LN104458,26,189391.57,643,0.489,202334.17,Employed,Education,2,1,0,0,Fair,Low,1.0683377829329996
LN104459,53,455559.36,693,0.371,29909.29,Employed,Vehicle,3,0,0,0,Good,High,0.06565399073350178
LN104460,26,170619.75,625,0.356,98368.83,Employed,Education,2,0,5,0,Fair,Low,0.5765383550263085
LN104461,37,306542.94,515,0.108,185096.92,Self-employed,Vehicle,12,1,2,0,Poor,Upper-Middle,0.6038205283736106
LN104462,49,308848.45,632,0.32,26420.04,Employed,Business,8,1,0,0,Fair,Upper-Middle,0.08554370274482517
LN104463,53,1079308.04,631,0.058,114720.46,Employed,Business,11,1,0,0,Fair,High,0.10629074902471773
LN104464,42,424332.09,531,0.071,41600.57,Employed,Home,15,0,3,0,Poor,Upper-Middle,0.09803776565661107
LN104465,25,216520.51,645,0.46,33159.58,Employed,Personal,4,0,0,0,Fair,Lower-Middle,0.15314752399206893
LN104466,60,437273.74,495,0.317,55015.7,Contract,Personal,3,4,2,0,Poor,Upper-Middle,0.1258152387563909
LN104467,67,972410.88,624,0.36,97638.83,Employed,Home,2,0,2,0,Fair,High,0.10040902668633243
LN104468,64,122423.04,668,0.376,69523.25,Employed,Business,0,1,1,0,Fair,Low,0.5678935108946813
LN104469,57,188748.86,657,0.57,225895.78,Employed,Vehicle,0,0,1,0,Fair,Low,1.196806062828671
LN104470,40,263351.28,619,0.272,116051.2,Employed,Vehicle,9,1,0,0,Fair,Lower-Middle,0.44067072694691284
LN104471,63,238503.49,644,0.183,80050.6,Employed,Business,10,0,1,0,Fair,Lower-Middle,0.335637017303185
LN104472,44,249826.4,591,0.476,46948.1,Employed,Personal,4,0,1,0,Fair,Lower-Middle,0.18792289365735568
LN104473,27,146416.42,651,0.114,127249.7,Employed,Vehicle,8,1,2,0,Fair,Low,0.8690944635854365
LN104474,62,649341.2,654,0.399,419374.65,Employed,Education,3,0,1,0,Fair,High,0.6458463593562215
LN104475,36,137187.38,582,0.215,69657.1,Contract,Personal,11,1,0,0,Fair,Low,0.5077515147530335
LN104476,66,268718.79,670,0.174,75178.98,Employed,Personal,11,0,2,1,Good,Lower-Middle,0.2797682290843897
LN104477,39,533249.44,670,0.354,55202.92,Employed,Home,11,0,0,0,Good,High,0.10352175897268641
LN104478,63,295060.61,638,0.261,237506.97,Self-employed,Personal,8,1,2,0,Fair,Lower-Middle,0.8049429912044174
LN104479,47,175057.71,832,0.144,200945.55,Employed,Business,13,0,3,0,Excellent,Low,1.14788174711071
LN104480,43,142880.82,639,0.164,82302.72,Self-employed,Personal,1,0,1,1,Fair,Low,0.5760235698535324
LN104481,35,264352.36,629,0.29,74522.54,Self-employed,Vehicle,6,1,1,0,Fair,Lower-Middle,0.281906089281745
LN104482,61,197831.61,618,0.687,59559.5,Self-employed,Business,1,1,0,0,Fair,Low,0.30106159475727867
LN104483,23,335848.3,577,0.211,91142.83,Employed,Home,13,1,1,0,Poor,Upper-Middle,0.27138094788629274
LN104484,43,138793.1,701,0.304,213449.81,Employed,Personal,1,0,2,0,Good,Low,1.537899290382591
LN104485,39,469163.88,599,0.336,113009.47,Unemployed,Vehicle,6,0,2,0,Fair,High,0.24087419091171297
LN104486,47,319684.54,607,0.183,254029.68,Contract,Business,2,1,1,0,Fair,Upper-Middle,0.7946261023445176
LN104487,33,333016.65,610,0.476,68880.67,Self-employed,Business,11,0,2,0,Fair,Upper-Middle,0.2068385169330122
LN104488,53,662734.66,576,0.275,24464.28,Employed,Business,6,2,0,0,Poor,High,0.03691413996666479
LN104489,39,235802.58,519,0.291,598213.91,Employed,Vehicle,8,1,2,0,Poor,Lower-Middle,2.5369269072458835
LN104490,30,201257.12,615,0.46,126464.22,Self-employed,Personal,15,1,2,0,Fair,Low,0.6283714086736409
LN104491,30,221963.39,716,0.286,182458.43,Employed,Vehicle,14,0,2,1,Good,Lower-Middle,0.8220203791264856
LN104492,55,269857.18,665,0.622,65930.12,Unemployed,Vehicle,6,0,1,0,Fair,Lower-Middle,0.2443148631435339
LN104493,33,285360.07,767,0.355,45368.92,Unemployed,Business,5,0,2,0,Very Good,Lower-Middle,0.15898832657281026
LN104494,36,189976.18,706,0.406,121640.12,Employed,Personal,4,2,2,1,Good,Low,0.6402914302203571
LN104495,51,98601.41,689,0.697,30140.86,Employed,Personal,11,2,2,0,Good,Low,0.3056838639528583
LN104496,37,220361.97,791,0.652,92470.58,Employed,Home,15,0,1,0,Very Good,Lower-Middle,0.4196303926671195
LN104497,40,365653.66,643,0.046,213787.56,Employed,Education,9,1,0,0,Fair,Upper-Middle,0.5846722825090825
LN104498,32,323346.51,655,0.324,147228.58,Employed,Home,9,0,2,0,Fair,Upper-Middle,0.455327567939422
LN104499,37,580295.49,649,0.364,129822.31,Self-employed,Home,15,1,0,0,Fair,High,0.22371759256650436
LN104500,54,879452.96,766,0.02,341692.42,Employed,Business,3,1,0,0,Very Good,High,0.3885283642686244
LN104501,47,455509.26,650,0.093,140393.98,Employed,Education,1,1,1,0,Fair,High,0.30821322929856576
LN104502,69,641730.75,601,0.121,31899.92,Employed,Home,1,1,0,0,Fair,High,0.04970919657504334
LN104503,58,457377.16,694,0.105,99841.59,Employed,Education,9,0,0,0,Good,High,0.21829159549637328
LN104504,21,768335.94,589,0.33,384497.4,Employed,Vehicle,14,0,1,0,Fair,High,0.5004287577644748
LN104505,39,830270.85,690,0.299,89958.32,Contract,Home,3,0,2,0,Good,High,0.1083481613259095
LN104506,35,506195.68,681,0.419,369497.06,Employed,Personal,11,0,1,0,Good,High,0.7299490584352676
LN104507,49,442434.11,636,0.297,213972.83,Contract,Home,14,1,0,0,Fair,High,0.4836264319674629
LN104508,34,267977.97,692,0.187,84349.69,Employed,Home,14,1,2,0,Good,Lower-Middle,0.31476352328514173
LN104509,68,293256.3,538,0.392,54497.66,Self-employed,Vehicle,12,0,2,0,Poor,Lower-Middle,0.18583628041409514
LN104510,35,249129.28,662,0.325,137196.1,Employed,Personal,5,1,2,0,Fair,Lower-Middle,0.5507024304810739
LN104511,46,422196.51,615,0.263,251214.05,Employed,Home,10,0,2,0,Fair,Upper-Middle,0.5950168796989819
LN104512,27,201863.36,850,0.493,39423.63,Employed,Vehicle,8,0,2,1,Excellent,Low,0.19529859207733388
LN104513,65,270068.08,662,0.219,118953.45,Self-employed,Business,7,0,2,0,Fair,Lower-Middle,0.44045727284764635
LN104514,65,82141.14,605,0.247,29182.76,Employed,Education,11,1,0,0,Fair,Low,0.3552758094177899
LN104515,59,773930.38,547,0.292,88212.28,Employed,Home,10,0,1,1,Poor,High,0.11397960627931417
LN104516,38,265740.82,748,0.271,37521.12,Employed,Business,12,0,0,0,Very Good,Lower-Middle,0.14119441642424374
LN104517,23,385426.96,624,0.449,158528.38,Self-employed,Education,8,0,0,0,Fair,Upper-Middle,0.41130589308023496
LN104518,55,668853.57,591,0.195,70290.15,Employed,Personal,10,1,1,1,Fair,High,0.10509049088278022
LN104519,42,353875.04,675,0.515,233505.11,Employed,Home,4,0,2,0,Good,Upper-Middle,0.6598518787874952
LN104520,69,663926.54,699,0.272,77413.47,Self-employed,Home,7,3,2,1,Good,High,0.11659945089708268
LN104521,55,151536.52,698,0.548,72963.43,Employed,Home,13,1,1,0,Good,Low,0.4814907323990283
LN104522,47,1121407.19,651,0.093,38498.63,Employed,Education,12,1,0,0,Fair,High,0.034330643091382354
LN104523,69,545494.7,662,0.449,141834.78,Employed,Vehicle,8,0,0,0,Fair,High,0.26001128883562025
LN104524,60,336582.69,667,0.448,151463.7,Employed,Vehicle,9,0,0,1,Fair,Upper-Middle,0.4500044253612686
LN104525,43,656929.11,675,0.25,202616.33,Unemployed,Vehicle,4,0,1,0,Good,High,0.30842951989142325
LN104526,21,157753.44,682,0.1,168403.22,Self-employed,Vehicle,6,0,1,0,Good,Low,1.0675090191377126
LN104527,25,255965.92,732,0.258,142780.1,Contract,Vehicle,10,1,2,0,Good,Lower-Middle,0.5578090239513135
LN104528,42,663892.47,654,0.43,162030.34,Self-employed,Home,1,1,1,0,Fair,High,0.2440611203196807
LN104529,48,107436.44,589,0.235,173022.33,Employed,Education,0,0,2,0,Fair,Low,1.6104622416751708
LN104530,22,408313.09,639,0.144,198434.15,Unemployed,Business,9,0,1,0,Fair,Upper-Middle,0.48598527664151053
LN104531,27,402010.96,707,0.289,40754.18,Employed,Business,11,0,1,0,Good,Upper-Middle,0.10137579333657967
LN104532,55,886123.8,516,0.478,81475.2,Contract,Home,15,0,2,1,Poor,High,0.09194561753109441
LN104533,57,125606.88,516,0.074,38301.65,Employed,Vehicle,7,2,0,1,Poor,Low,0.304932739353131
LN104534,22,727111.3,719,0.182,136505.83,Self-employed,Vehicle,1,0,0,0,Good,High,0.18773718686533958
LN104535,45,220538.78,764,0.338,317333.74,Unemployed,Education,10,2,3,1,Very Good,Lower-Middle,1.4389022193738443
LN104536,24,234610.64,555,0.15,196980.01,Contract,Vehicle,4,1,3,0,Poor,Lower-Middle,0.8396039071373745
LN104537,56,153190.17,658,0.305,74135.63,Contract,Business,2,1,0,1,Fair,Low,0.483945086032609
LN104538,61,164920.55,620,0.744,152780.03,Contract,Business,9,0,1,1,Fair,Low,0.9263856444815398
LN104539,63,374547.93,630,0.798,138005.22,Employed,Vehicle,11,0,3,0,Fair,Upper-Middle,0.36845810361306763
LN104540,50,162714.95,673,0.397,127998.0,Employed,Vehicle,0,0,2,1,Good,Low,0.7866394575298704
LN104541,51,450761.72,553,0.291,47148.66,Employed,Education,11,0,2,0,Poor,High,0.10459774623275465
LN104542,66,208335.79,567,0.558,258609.32,Employed,Personal,9,2,0,1,Poor,Lower-Middle,1.2413100984713188
LN104543,51,153947.85,627,0.293,51147.91,Employed,Personal,11,0,2,0,Fair,Low,0.3322417948675477
LN104544,42,224412.85,639,0.336,86669.07,Employed,Home,10,0,1,0,Fair,Lower-Middle,0.38620368664272126
LN104545,57,361033.74,566,0.028,205187.16,Contract,Home,7,2,1,0,Poor,Upper-Middle,0.5683323669416603
LN104546,49,257556.26,709,0.541,86293.98,Self-employed,Personal,5,0,1,0,Good,Lower-Middle,0.3350490490893135
LN104547,62,305698.11,619,0.188,115818.74,Employed,Education,10,0,1,0,Fair,Upper-Middle,0.3788663920755022
LN104548,46,439965.62,618,0.549,118893.05,Self-employed,Personal,3,1,2,1,Fair,High,0.2702325922648229
LN104549,63,544089.78,671,0.153,114815.22,Self-employed,Vehicle,8,0,1,0,Good,High,0.21102256322476778
LN104550,23,252959.67,640,0.227,118541.88,Contract,Home,12,2,1,0,Fair,Lower-Middle,0.468619681548446
LN104551,22,168925.94,713,0.181,126409.61,Employed,Home,3,0,4,0,Good,Low,0.7483137876870776
LN104552,25,312822.03,580,0.141,115473.04,Self-employed,Personal,1,1,0,0,Fair,Upper-Middle,0.36913333757216515
LN104553,48,388634.67,545,0.282,61461.64,Employed,Vehicle,0,1,1,0,Poor,Upper-Middle,0.15814759913211038
LN104554,55,134341.3,627,0.531,40163.27,Contract,Home,8,0,1,0,Fair,Low,0.29896442866043427
LN104555,31,183818.33,655,0.065,210453.38,Contract,Vehicle,6,0,0,0,Fair,Low,1.144898770432742
LN104556,28,201992.32,557,0.259,216791.61,Employed,Business,10,0,2,0,Poor,Low,1.0732665974627154
LN104557,63,267596.51,546,0.379,136980.44,Employed,Education,13,0,2,0,Poor,Lower-Middle,0.5118917283338261
LN104558,57,197396.39,664,0.276,136238.93,Employed,Business,15,2,3,1,Fair,Low,0.6901794404649446
LN104559,52,442594.89,593,0.277,60679.63,Employed,Business,5,0,0,1,Fair,High,0.13709970759038811
LN104560,44,124084.06,541,0.399,22542.44,Employed,Home,1,1,2,0,Poor,Low,0.1816707158034642
LN104561,41,125830.68,722,0.166,93581.51,Contract,Business,11,0,1,0,Good,Low,0.7437098011391181
LN104562,22,249670.89,603,0.087,32046.93,Employed,Vehicle,0,1,1,1,Fair,Lower-Middle,0.1283566938860994
LN104563,30,272373.27,736,0.512,124007.27,Employed,Personal,10,2,0,0,Good,Lower-Middle,0.4552842868905601
LN104564,64,134791.39,652,0.433,256784.15,Self-employed,Vehicle,4,2,2,0,Fair,Low,1.9050486088169278
LN104565,37,214878.04,672,0.066,73699.08,Self-employed,Personal,5,0,2,0,Good,Lower-Middle,0.34298097655767895
LN104566,55,240617.46,634,0.129,76502.88,Employed,Personal,1,0,1,0,Fair,Lower-Middle,0.31794400954943175
LN104567,55,241644.73,451,0.277,57207.92,Contract,Home,0,1,2,1,Poor,Lower-Middle,0.23674391740304038
LN104568,36,326136.92,565,0.305,113209.97,Self-employed,Vehicle,3,1,2,0,Poor,Upper-Middle,0.34712405452286726
LN104569,31,208494.8,641,0.081,107649.51,Employed,Home,6,1,2,0,Fair,Lower-Middle,0.5163174812992938
LN104570,54,676270.02,677,0.526,56715.38,Employed,Home,4,1,1,0,Good,High,0.08386499227039518
LN104571,25,392405.22,516,0.114,199069.46,Self-employed,Education,6,0,2,0,Poor,Upper-Middle,0.5073058406307643
LN104572,45,192456.48,646,0.077,637159.96,Employed,Personal,1,0,2,0,Fair,Low,3.310670339600932
LN104573,64,316006.82,566,0.189,238385.38,Employed,Vehicle,2,0,1,0,Poor,Upper-Middle,0.7543678329474028
LN104574,55,321176.53,668,0.242,102369.38,Employed,Home,11,0,1,0,Fair,Upper-Middle,0.3187324428718375
LN104575,58,585156.47,649,0.443,101578.08,Contract,Business,13,0,0,0,Fair,High,0.17359131310639017
LN104576,25,215631.76,706,0.441,78780.61,Self-employed,Education,11,0,4,0,Good,Lower-Middle,0.365347896803328
LN104577,30,457519.16,730,0.479,77732.07,Contract,Personal,15,1,2,1,Good,High,0.16989904859940733
LN104578,34,306986.09,684,0.284,205055.81,Employed,Home,11,0,4,0,Good,Upper-Middle,0.6679644996292828
LN104579,35,681396.29,715,0.307,210943.41,Contract,Personal,1,0,0,0,Good,High,0.3095752253068475
LN104580,30,610191.46,624,0.313,51433.32,Employed,Personal,11,1,1,0,Fair,High,0.08429046188224266
LN104581,68,334327.51,850,0.26,139572.67,Unemployed,Home,3,0,1,0,Excellent,Upper-Middle,0.4174728845975014
LN104582,29,259699.98,559,0.165,226492.51,Employed,Education,12,0,1,1,Poor,Lower-Middle,0.8721314110228272
LN104583,55,396396.8,610,0.037,87607.1,Self-employed,Home,10,0,1,0,Fair,Upper-Middle,0.22100859542761195
LN104584,49,271655.57,718,0.568,95869.07,Contract,Home,13,3,1,0,Good,Lower-Middle,0.3529066972563824
LN104585,50,755931.97,706,0.138,172926.92,Contract,Personal,15,0,3,0,Good,High,0.2287598975341657
LN104586,31,313231.03,687,0.316,176152.84,Employed,Personal,11,0,0,0,Good,Upper-Middle,0.5623735298511133
LN104587,36,240009.63,701,0.285,145382.51,Employed,Education,14,4,0,0,Good,Lower-Middle,0.6057361531701874
LN104588,50,232989.68,494,0.288,129765.51,Self-employed,Education,8,0,1,0,Poor,Lower-Middle,0.5569581880193148
LN104589,35,153947.7,769,0.214,141607.95,Employed,Education,14,1,0,0,Very Good,Low,0.9198445316169063
LN104590,55,407438.5,635,0.35,91832.3,Employed,Education,1,0,1,0,Fair,Upper-Middle,0.22538935323981413
LN104591,22,191096.08,743,0.561,53195.03,Employed,Vehicle,7,1,3,0,Very Good,Low,0.2783679811747054
LN104592,24,548816.43,497,0.381,39992.06,Employed,Vehicle,12,0,3,0,Poor,High,0.072869647871147
LN104593,56,147329.0,669,0.408,161999.83,Employed,Vehicle,15,1,0,0,Fair,Low,1.099578698016005
LN104594,51,321746.92,608,0.093,118014.61,Employed,Business,13,0,2,0,Fair,Upper-Middle,0.3667932858533658
LN104595,23,564762.64,693,0.61,147904.69,Employed,Vehicle,5,1,3,0,Good,High,0.2618882332584889
LN104596,65,91839.88,674,0.356,64181.1,Employed,Vehicle,10,0,2,0,Good,Low,0.6988369322782215
LN104597,21,910349.44,677,0.453,117584.97,Unemployed,Education,1,0,3,0,Good,High,0.12916465352030096
LN104598,67,237430.66,571,0.26,115768.95,Employed,Personal,1,1,3,0,Poor,Lower-Middle,0.4875905664415876
LN104599,56,324207.89,646,0.805,252607.05,Contract,Personal,11,1,1,0,Fair,Upper-Middle,0.7791514574182633
LN104600,69,410788.94,636,0.374,191353.23,Unemployed,Personal,5,0,2,0,Fair,Upper-Middle,0.46581884604780255
LN104601,67,447265.98,687,0.168,67999.89,Employed,Vehicle,8,1,0,0,Good,High,0.1520345678873229
LN104602,36,348772.08,724,0.113,152694.59,Self-employed,Home,3,0,2,0,Good,Upper-Middle,0.43780623150798076
LN104603,58,519228.47,661,0.058,67694.23,Employed,Personal,12,4,1,0,Fair,High,0.13037464991085715
LN104604,31,399123.69,554,0.41,20126.62,Employed,Business,1,0,0,0,Poor,Upper-Middle,0.05042702426408214
LN104605,44,790185.01,658,0.231,337764.38,Employed,Business,9,2,1,0,Fair,High,0.4274497436998963
LN104606,32,399839.26,846,0.46,86209.12,Employed,Business,10,0,1,1,Excellent,Upper-Middle,0.21560944265453072
LN104607,44,883889.46,773,0.514,216184.32,Contract,Vehicle,13,1,2,0,Very Good,High,0.24458298212991478
LN104608,63,492441.58,427,0.234,71565.09,Employed,Home,4,1,0,0,Poor,High,0.14532706600445883
LN104609,42,111121.02,655,0.096,65085.64,Employed,Personal,5,0,2,0,Fair,Low,0.585718525621885
LN104610,25,1261288.31,720,0.618,77107.07,Self-employed,Personal,8,1,2,0,Good,High,0.06113358015662573
LN104611,36,218742.06,636,0.245,129632.36,Employed,Vehicle,4,3,1,0,Fair,Lower-Middle,0.5926265849375287
LN104612,59,682888.56,615,0.479,123343.81,Employed,Personal,11,1,0,0,Fair,High,0.1806207003965625
LN104613,46,304453.65,630,0.189,152015.61,Employed,Business,12,0,3,0,Fair,Upper-Middle,0.4993062490792933
LN104614,48,537743.73,691,0.103,79665.81,Employed,Home,12,0,1,0,Good,High,0.148148282454172
LN104615,42,205432.82,564,0.356,112928.85,Employed,Vehicle,7,0,4,0,Poor,Low,0.549711823067025
LN104616,35,423241.09,739,0.289,63587.64,Employed,Vehicle,10,0,2,0,Good,Upper-Middle,0.1502397605109655
LN104617,50,261001.9,646,0.355,285866.24,Employed,Home,2,0,1,0,Fair,Lower-Middle,1.0952649769982516
LN104618,52,714965.43,580,0.162,46823.25,Employed,Personal,3,0,1,0,Fair,High,0.06549022936675414
LN104619,65,381858.44,734,0.195,64469.96,Employed,Personal,6,2,0,0,Good,Upper-Middle,0.16883209390369897
LN104620,51,501975.31,534,0.635,83534.07,Employed,Home,3,1,0,0,Poor,High,0.1664107145030699
LN104621,69,91244.27,608,0.603,519717.85,Employed,Business,12,1,2,1,Fair,Low,5.695895753234696
LN104622,61,286207.62,607,0.271,181076.71,Employed,Vehicle,4,0,1,1,Fair,Lower-Middle,0.6326760622236403
LN104623,24,375998.77,811,0.078,63158.9,Employed,Education,14,2,4,0,Excellent,Upper-Middle,0.1679763473694342
LN104624,40,339261.32,599,0.196,187711.19,Contract,Personal,6,1,1,0,Fair,Upper-Middle,0.5532938149270893
LN104625,39,508985.2,488,0.276,153817.96,Employed,Business,12,1,0,0,Poor,High,0.302205172173965
LN104626,21,245313.05,606,0.482,131422.1,Employed,Vehicle,1,0,0,0,Fair,Lower-Middle,0.5357322001418189
LN104627,29,308158.85,684,0.26,172907.97,Employed,Education,11,0,1,0,Good,Upper-Middle,0.5611001274180508
LN104628,58,574475.35,709,0.332,114231.47,Employed,Personal,7,0,0,0,Good,High,0.19884485905269914
LN104629,38,85670.07,821,0.218,122915.72,Contract,Business,12,1,2,0,Excellent,Low,1.4347568526557757
LN104630,28,414853.42,756,0.162,40088.02,Self-employed,Personal,2,2,2,0,Very Good,Upper-Middle,0.09663176936085038
LN104631,35,249671.44,664,0.513,281039.34,Employed,Business,3,1,1,0,Fair,Lower-Middle,1.1256367167986856
LN104632,34,181636.51,583,0.814,82236.73,Employed,Home,13,0,2,1,Fair,Low,0.45275440493764163
LN104633,29,361001.39,772,0.593,49219.19,Employed,Vehicle,9,2,2,0,Very Good,Upper-Middle,0.13634072156896682
LN104634,25,589267.76,622,0.288,79254.96,Self-employed,Vehicle,8,2,2,0,Fair,High,0.1344973633039079
LN104635,58,531291.9,601,0.397,81356.85,Unemployed,Education,9,1,0,0,Fair,High,0.15313022841116156
LN104636,61,278514.55,619,0.088,65344.77,Self-employed,Personal,5,0,1,1,Fair,Lower-Middle,0.23461887359206188
LN104637,45,485626.59,556,0.232,182354.54,Employed,Education,15,2,5,1,Poor,High,0.37550361482471545
LN104638,51,483581.48,615,0.179,207204.43,Employed,Home,8,0,2,0,Fair,High,0.428478836699867
LN104639,66,285924.64,633,0.373,30784.17,Employed,Personal,0,0,2,0,Fair,Lower-Middle,0.10766532747929664
LN104640,62,204913.55,705,0.217,78718.33,Employed,Home,4,0,3,0,Good,Low,0.3841538541497134
LN104641,22,211537.81,621,0.284,82472.29,Contract,Home,15,0,4,0,Fair,Lower-Middle,0.3898702080729681
LN104642,67,475611.72,555,0.293,98355.25,Employed,Personal,7,0,1,0,Poor,High,0.20679736403467938
LN104643,24,293125.76,530,0.076,333481.18,Unemployed,Personal,11,1,1,0,Poor,Lower-Middle,1.1376727176758534
LN104644,22,168743.91,666,0.257,64822.6,Employed,Vehicle,0,2,1,0,Fair,Low,0.38414778939281424
LN104645,40,118760.39,655,0.129,303702.39,Employed,Education,0,2,0,1,Fair,Low,2.557270062855132
LN104646,57,474039.08,608,0.26,100027.4,Self-employed,Education,3,0,1,0,Fair,High,0.21101087277445563
LN104647,24,222083.7,615,0.447,305546.93,Employed,Home,8,2,1,0,Fair,Lower-Middle,1.3758188016500084
LN104648,35,359781.08,679,0.216,89869.48,Employed,Education,9,0,1,0,Good,Upper-Middle,0.24978934412004097
LN104649,33,593253.19,754,0.342,83281.57,Employed,Home,1,1,1,1,Very Good,High,0.14038115833814566
LN104650,40,146039.04,591,0.208,108393.28,Employed,Personal,14,1,1,0,Fair,Low,0.7422212580964651
LN104651,69,292644.02,657,0.077,254790.93,Employed,Personal,9,1,1,0,Fair,Lower-Middle,0.8706514146436342
LN104652,37,273117.11,722,0.271,121922.55,Unemployed,Vehicle,5,0,0,0,Good,Lower-Middle,0.4464112482736801
LN104653,31,369681.22,592,0.162,126026.79,Contract,Vehicle,7,1,1,0,Fair,Upper-Middle,0.34090666006782816
LN104654,26,593074.77,649,0.139,166389.91,Self-employed,Home,8,0,1,0,Fair,High,0.280554692960552
LN104655,30,144399.53,647,0.11,62094.67,Employed,Business,12,0,1,0,Fair,Low,0.4300198899539354
LN104656,27,410416.03,552,0.347,136910.53,Employed,Business,1,1,2,0,Poor,Upper-Middle,0.3335896261166992
LN104657,49,529069.9,663,0.576,73126.01,Self-employed,Personal,9,3,1,0,Fair,High,0.13821616009529175
LN104658,41,270771.45,652,0.635,286232.05,Employed,Education,8,3,1,0,Fair,Lower-Middle,1.0570983388388988
LN104659,45,278157.26,692,0.177,144403.39,Employed,Personal,12,1,0,0,Good,Lower-Middle,0.5191429840803005
LN104660,61,377635.57,561,0.141,172561.31,Employed,Education,5,0,2,0,Poor,Upper-Middle,0.45695194973291314
LN104661,49,362647.71,651,0.406,29221.88,Employed,Vehicle,5,0,1,0,Fair,Upper-Middle,0.08057924865980816
LN104662,28,413259.78,754,0.354,174139.4,Employed,Vehicle,12,0,2,0,Very Good,Upper-Middle,0.42137998524802
LN104663,39,408497.9,806,0.32,98010.92,Employed,Vehicle,13,1,2,0,Excellent,Upper-Middle,0.23993004615201202
LN104664,36,174809.66,746,0.46,43221.05,Self-employed,Vehicle,13,0,1,0,Very Good,Low,0.2472463478276887
LN104665,61,517199.69,562,0.494,117005.03,Employed,Vehicle,13,0,1,0,Poor,High,0.22622795848930227
LN104666,36,569929.81,684,0.261,41000.87,Employed,Vehicle,1,1,1,0,Good,High,0.07194020961984775
LN104667,27,332329.87,614,0.277,163636.74,Employed,Education,10,2,1,0,Fair,Upper-Middle,0.4923925134987114
LN104668,57,131893.8,671,0.2,279376.84,Self-employed,Home,11,0,0,0,Good,Low,2.118195396599386
LN104669,41,281652.02,592,0.156,34350.29,Employed,Home,4,0,1,0,Fair,Lower-Middle,0.12196003422947224
LN104670,25,333854.65,521,0.599,107877.06,Contract,Personal,7,0,2,0,Poor,Upper-Middle,0.3231258273622967
LN104671,54,159852.63,624,0.344,98820.14,Employed,Education,15,0,1,1,Fair,Low,0.6181952714822396
LN104672,31,246092.27,704,0.244,30182.41,Employed,Vehicle,2,1,2,0,Good,Lower-Middle,0.12264672108555055
LN104673,63,138189.97,672,0.314,199578.57,Employed,Business,13,0,2,0,Good,Low,1.4442333984152396
LN104674,61,418967.44,680,0.366,165205.83,Employed,Education,5,2,1,1,Good,Upper-Middle,0.39431663233782555
LN104675,39,328671.21,666,0.23,410525.42,Employed,Vehicle,13,2,0,0,Fair,Upper-Middle,1.2490458777937987
LN104676,48,121340.63,680,0.164,151864.58,Employed,Home,8,0,0,0,Good,Low,1.2515558885758216
LN104677,48,363976.08,690,0.077,62123.88,Employed,Vehicle,0,0,0,0,Good,Upper-Middle,0.17068121619420704
LN104678,53,290819.43,629,0.205,153668.66,Employed,Vehicle,1,1,1,1,Fair,Lower-Middle,0.5283988762373959
LN104679,24,398540.98,656,0.158,253561.14,Employed,Business,13,1,1,0,Fair,Upper-Middle,0.6362235070531518
LN104680,36,241879.49,781,0.381,81313.74,Employed,Business,12,2,2,0,Very Good,Lower-Middle,0.33617459669689237
LN104681,29,193053.78,661,0.294,191435.22,Self-employed,Vehicle,3,0,1,0,Fair,Low,0.9916160149777953
LN104682,55,196334.13,653,0.639,23802.47,Self-employed,Vehicle,10,0,1,1,Fair,Low,0.12123449957478101
LN104683,24,223137.65,658,0.478,286940.23,Employed,Home,8,3,1,0,Fair,Lower-Middle,1.2859337274547795
LN104684,46,303122.28,634,0.189,185069.71,Unemployed,Personal,0,1,1,1,Fair,Upper-Middle,0.6105447280219718
LN104685,56,325433.99,617,0.433,21044.52,Employed,Business,11,0,2,1,Fair,Upper-Middle,0.06466601721596445
LN104686,67,270125.47,666,0.484,141063.03,Contract,Vehicle,2,3,2,1,Fair,Lower-Middle,0.5222129923549972
LN104687,35,237687.49,612,0.317,30242.65,Unemployed,Business,6,0,1,0,Fair,Lower-Middle,0.12723702875569937
LN104688,21,247277.37,639,0.354,73941.56,Employed,Vehicle,0,0,0,0,Fair,Lower-Middle,0.2990227532749964
LN104689,56,1191574.84,591,0.218,171013.86,Employed,Personal,3,0,0,0,Fair,High,0.14351919347340364
LN104690,21,196347.03,658,0.158,100691.7,Contract,Home,14,1,1,0,Fair,Low,0.5128251748956936
LN104691,24,220720.65,694,0.106,248956.62,Employed,Education,8,0,1,0,Good,Lower-Middle,1.1279262724171935
LN104692,69,1800000.0,634,0.152,114652.74,Employed,Personal,11,0,1,1,Fair,High,0.06369596666666667
LN104693,63,378168.47,499,0.126,107354.67,Contract,Personal,4,0,1,0,Poor,Upper-Middle,0.28388054138939717
LN104694,55,140441.79,694,0.136,224640.64,Employed,Personal,0,0,5,0,Good,Low,1.5995284594421646
LN104695,61,476877.88,659,0.155,88326.71,Employed,Home,9,0,0,0,Fair,High,0.18521871888878555
LN104696,24,181864.35,576,0.153,108215.25,Employed,Vehicle,3,1,1,0,Poor,Low,0.5950327813010081
LN104697,25,494608.38,708,0.036,117897.46,Contract,Personal,1,0,2,0,Good,High,0.23836526991313817
LN104698,35,267134.75,545,0.196,105278.0,Employed,Education,7,0,1,0,Poor,Lower-Middle,0.3941007300622626
LN104699,22,235543.3,728,0.165,233836.47,Contract,Business,6,0,1,0,Good,Lower-Middle,0.9927536465694419
LN104700,64,726924.93,646,0.18,71311.61,Employed,Personal,1,0,2,0,Fair,High,0.0981003774351225
LN104701,23,409650.03,480,0.497,64121.6,Self-employed,Education,9,1,0,0,Poor,Upper-Middle,0.15652775614345737
LN104702,47,512308.34,663,0.211,55168.28,Employed,Education,7,5,2,0,Fair,High,0.10768569568865499
LN104703,62,381071.99,620,0.395,27338.32,Employed,Personal,15,0,2,0,Fair,Upper-Middle,0.0717405653456713
LN104704,57,234941.84,608,0.113,288562.79,Employed,Home,1,1,0,0,Fair,Lower-Middle,1.2282307399993122
LN104705,32,419904.54,595,0.346,61250.32,Employed,Vehicle,7,1,0,1,Fair,Upper-Middle,0.14586724877992507
LN104706,44,583387.1,640,0.53,94197.48,Employed,Home,12,0,2,0,Fair,High,0.16146651168666568
LN104707,47,323076.26,614,0.076,302829.92,Self-employed,Vehicle,6,1,2,0,Fair,Upper-Middle,0.9373326285255376
LN104708,58,808100.08,511,0.43,100308.84,Employed,Personal,3,0,1,1,Poor,High,0.1241292291420142
LN104709,41,478928.08,745,0.247,153675.5,Self-employed,Education,15,0,1,1,Very Good,High,0.32087385646713384
LN104710,34,337097.73,632,0.454,43688.95,Contract,Business,5,2,0,0,Fair,Upper-Middle,0.12960321625422988
LN104711,59,344502.06,595,0.403,272983.34,Self-employed,Business,14,1,2,1,Fair,Upper-Middle,0.7923997319493533
LN104712,64,323520.63,565,0.49,101640.46,Contract,Personal,13,0,2,1,Poor,Upper-Middle,0.31416994953304833
LN104713,44,150746.73,708,0.468,56746.22,Employed,Personal,10,0,3,0,Good,Low,0.37643416875443997
LN104714,22,285500.21,553,0.233,56719.31,Contract,Home,12,0,1,0,Poor,Lower-Middle,0.1986664388092744
LN104715,45,338808.5,660,0.282,329957.77,Self-employed,Vehicle,8,0,1,0,Fair,Upper-Middle,0.9738768950601889
LN104716,64,238635.11,606,0.084,75148.43,Employed,Personal,10,0,1,0,Fair,Lower-Middle,0.3149093609905097
LN104717,69,361226.37,611,0.286,57552.29,Self-employed,Vehicle,4,1,0,0,Fair,Upper-Middle,0.15932471928890463
LN104718,40,303536.42,567,0.534,83012.0,Self-employed,Vehicle,0,1,0,0,Poor,Upper-Middle,0.2734828328014148
LN104719,28,459120.64,603,0.547,113292.44,Self-employed,Business,9,3,0,1,Fair,High,0.2467596316297172
LN104720,49,432029.68,651,0.292,121408.76,Employed,Personal,12,0,0,0,Fair,Upper-Middle,0.2810194892165742
LN104721,61,328887.84,668,0.682,146835.48,Employed,Home,13,0,1,0,Fair,Upper-Middle,0.44646065357721954
LN104722,67,141431.48,591,0.393,128133.8,Contract,Personal,12,2,1,0,Fair,Low,0.9059779336255266
LN104723,23,803261.23,643,0.149,167522.98,Unemployed,Personal,15,1,3,0,Fair,High,0.20855354863821823
LN104724,35,277478.21,717,0.149,92129.49,Employed,Business,9,0,1,0,Good,Lower-Middle,0.33202423354251853
LN104725,44,286946.25,525,0.549,423010.51,Employed,Personal,2,0,0,1,Poor,Lower-Middle,1.4741803038025414
LN104726,25,248488.36,650,0.07,80077.45,Employed,Home,3,0,0,0,Fair,Lower-Middle,0.32225835447583945
LN104727,64,229328.64,579,0.458,264948.73,Self-employed,Personal,4,1,1,0,Poor,Lower-Middle,1.155323338593906
LN104728,26,701355.16,571,0.36,74524.08,Employed,Personal,15,1,3,0,Poor,High,0.10625726343839831
LN104729,53,642975.65,670,0.167,43485.68,Unemployed,Vehicle,14,0,0,0,Good,High,0.0676319235417391
LN104730,66,383062.76,609,0.826,37220.99,Employed,Personal,11,0,1,0,Fair,Upper-Middle,0.09716681934834907
LN104731,54,282776.66,559,0.267,134027.95,Employed,Education,13,1,2,0,Poor,Lower-Middle,0.4739710483885057
LN104732,58,421701.35,749,0.23,234101.25,Employed,Business,5,0,3,0,Very Good,Upper-Middle,0.5551351685262568
LN104733,33,312426.99,719,0.268,52055.81,Employed,Business,11,1,1,0,Good,Upper-Middle,0.16661751918424206
LN104734,61,270199.31,505,0.378,62184.7,Employed,Vehicle,2,1,0,0,Poor,Lower-Middle,0.23014381494904632
LN104735,41,361311.6,539,0.613,141381.75,Self-employed,Vehicle,1,1,1,0,Poor,Upper-Middle,0.39130144174723425
LN104736,24,235366.93,695,0.122,109818.4,Employed,Home,10,2,4,0,Good,Lower-Middle,0.466583814472152
LN104737,38,344649.45,629,0.304,75174.32,Employed,Vehicle,11,0,0,0,Fair,Upper-Middle,0.21811820677502897
LN104738,38,335661.76,763,0.346,47892.55,Employed,Vehicle,9,1,1,0,Very Good,Upper-Middle,0.1426809833804125
LN104739,46,417964.83,696,0.135,134475.16,Employed,Education,7,0,2,0,Good,Upper-Middle,0.32173797972427487
LN104740,33,213418.95,672,0.341,168154.94,Employed,Home,9,0,2,0,Good,Lower-Middle,0.7879100707786257
LN104741,43,443349.09,573,0.223,151429.1,Employed,Personal,5,2,1,0,Poor,High,0.34155725908899465
LN104742,41,182237.57,687,0.136,111912.15,Self-employed,Home,4,0,0,0,Good,Low,0.6141003197090479
LN104743,37,218956.0,554,0.54,55382.97,Employed,Vehicle,4,0,0,1,Poor,Lower-Middle,0.25294109318767244
LN104744,55,224275.16,748,0.488,134954.93,Self-employed,Home,5,1,1,0,Very Good,Lower-Middle,0.6017381951706109
LN104745,35,166359.98,682,0.293,128556.52,Employed,Vehicle,5,0,1,0,Good,Low,0.7727610931427138
LN104746,58,524474.46,588,0.183,46847.17,Employed,Home,2,0,2,0,Fair,High,0.08932211875483889
LN104747,33,176056.26,710,0.282,90374.16,Employed,Business,8,0,1,0,Good,Low,0.5133254563058423
LN104748,63,204256.89,818,0.057,139583.09,Employed,Vehicle,6,1,0,0,Excellent,Low,0.6833702892470359
LN104749,38,598398.38,634,0.547,104545.68,Employed,Business,2,1,0,0,Fair,High,0.17470916281558113
LN104750,22,219195.05,691,0.132,30757.48,Contract,Home,14,1,3,0,Good,Lower-Middle,0.14032013952869832
LN104751,28,270508.63,618,0.242,72548.14,Employed,Home,8,0,1,0,Fair,Lower-Middle,0.26819159152149785
LN104752,60,171943.6,656,0.336,69478.03,Employed,Personal,2,2,1,0,Fair,Low,0.4040745337424597
LN104753,63,474331.12,537,0.665,158225.52,Unemployed,Education,0,1,0,0,Poor,High,0.33357608920958
LN104754,31,477941.05,650,0.41,595516.79,Employed,Home,1,1,0,0,Fair,High,1.2460046903273951
LN104755,50,450430.02,653,0.398,120007.92,Self-employed,Home,6,1,0,0,Fair,High,0.26642966647738087
LN104756,49,403196.44,785,0.545,50491.33,Self-employed,Business,3,1,1,0,Very Good,Upper-Middle,0.12522761857718784
LN104757,27,312391.27,515,0.265,99102.18,Employed,Vehicle,15,0,0,0,Poor,Upper-Middle,0.31723735429610433
LN104758,43,224836.91,629,0.355,110763.01,Employed,Vehicle,7,1,1,0,Fair,Lower-Middle,0.492637129731057
LN104759,54,191626.73,747,0.269,179875.94,Contract,Business,11,1,2,0,Very Good,Low,0.9386787532198665
LN104760,68,609860.67,632,0.692,246622.69,Employed,Personal,3,1,0,0,Fair,High,0.40439185888147205
LN104761,62,456881.85,637,0.427,271684.63,Employed,Personal,1,0,0,0,Fair,High,0.5946496451982061
LN104762,25,204888.34,588,0.157,155972.44,Employed,Education,5,0,0,0,Fair,Low,0.7612558137764209
LN104763,32,306644.76,580,0.639,109943.34,Employed,Personal,11,1,0,0,Fair,Upper-Middle,0.358536503281517
LN104764,42,254352.01,513,0.179,288499.01,Contract,Education,12,3,1,1,Poor,Lower-Middle,1.1342509540223409
LN104765,28,161300.1,603,0.112,87759.84,Contract,Home,3,0,1,0,Fair,Low,0.5440780259900645
LN104766,48,330792.32,576,0.535,113965.08,Contract,Education,4,1,0,1,Poor,Upper-Middle,0.34452154149165254
LN104767,21,238712.88,659,0.437,93901.49,Employed,Business,7,4,2,0,Fair,Lower-Middle,0.39336582927573915
LN104768,26,177662.79,591,0.389,27526.27,Unemployed,Vehicle,5,0,1,0,Fair,Low,0.15493548198809665
LN104769,23,132988.09,614,0.357,251419.42,Self-employed,Education,4,1,2,0,Fair,Low,1.8905408747505135
LN104770,35,126936.96,616,0.444,170642.01,Employed,Vehicle,15,2,1,0,Fair,Low,1.344305157457686
LN104771,58,244569.15,646,0.426,23569.99,Self-employed,Personal,14,0,0,1,Fair,Lower-Middle,0.09637352053601202
LN104772,29,286282.83,610,0.217,210949.87,Self-employed,Personal,5,1,0,0,Fair,Lower-Middle,0.7368582670501056
LN104773,69,185372.45,570,0.554,90309.81,Employed,Education,0,1,0,0,Poor,Low,0.48718032264233435
LN104774,34,429099.64,656,0.538,209146.57,Employed,Home,5,0,1,0,Fair,Upper-Middle,0.4874079363012283
LN104775,23,289377.45,730,0.206,115554.69,Employed,Vehicle,14,1,1,0,Good,Lower-Middle,0.3993216817689146
LN104776,37,412018.97,660,0.492,45522.64,Employed,Vehicle,14,1,1,0,Fair,Upper-Middle,0.1104867574422605
LN104777,57,271288.15,604,0.302,111900.51,Employed,Personal,11,3,0,0,Fair,Lower-Middle,0.41247842930109546
LN104778,26,194584.75,641,0.465,61343.32,Employed,Vehicle,10,1,0,0,Fair,Low,0.31525245426478693
LN104779,24,319432.87,496,0.071,49680.13,Employed,Vehicle,5,1,1,0,Poor,Upper-Middle,0.15552604213836854
LN104780,62,149801.56,640,0.533,193262.47,Self-employed,Vehicle,7,0,2,0,Fair,Low,1.290123213670138
LN104781,50,403619.93,620,0.147,141880.48,Self-employed,Vehicle,14,0,0,0,Fair,Upper-Middle,0.3515200054665289
LN104782,37,179172.75,580,0.227,291167.9,Employed,Personal,3,0,1,0,Fair,Low,1.6250679860637292
LN104783,58,497109.52,594,0.315,85125.8,Employed,Personal,6,1,2,0,Fair,High,0.17124154049594545
LN104784,62,249044.55,619,0.28,58826.54,Self-employed,Personal,14,0,1,0,Fair,Lower-Middle,0.23620890318619703
LN104785,38,538170.76,724,0.402,166617.91,Employed,Home,11,0,3,0,Good,High,0.3096004509795367
LN104786,48,161796.56,732,0.195,63981.06,Contract,Personal,1,1,2,0,Good,Low,0.39544141111529196
LN104787,21,206646.4,580,0.346,89914.0,Employed,Vehicle,12,2,1,1,Fair,Low,0.4351104108273844
LN104788,36,369923.67,611,0.302,154747.14,Contract,Home,1,0,5,0,Fair,Upper-Middle,0.4183218121727653
LN104789,50,571095.17,613,0.49,101353.63,Employed,Personal,4,1,0,0,Fair,High,0.177472399215003
LN104790,30,750258.17,711,0.071,80062.31,Self-employed,Home,14,2,1,0,Good,High,0.10671301320184223
LN104791,69,306903.65,661,0.312,44201.11,Employed,Home,1,1,3,0,Fair,Upper-Middle,0.14402275763093725
LN104792,68,824306.62,657,0.307,202240.94,Employed,Home,3,1,3,0,Fair,High,0.24534673760111256
LN104793,33,255818.18,690,0.175,86574.29,Employed,Personal,13,0,3,0,Good,Lower-Middle,0.3384211786668172
LN104794,40,549003.42,605,0.13,164389.86,Employed,Home,10,1,0,0,Fair,High,0.2994332166455356
LN104795,30,178677.58,752,0.329,150863.51,Employed,Personal,3,3,3,0,Very Good,Low,0.8443337434948471
LN104796,45,377999.45,650,0.162,223590.65,Employed,Vehicle,5,1,3,0,Fair,Upper-Middle,0.5915105167481064
LN104797,27,82752.26,586,0.264,94383.0,Employed,Vehicle,14,0,0,0,Fair,Low,1.1405489106883606
LN104798,40,161888.43,633,0.321,87747.48,Employed,Education,9,0,0,0,Fair,Low,0.5420244053265573
LN104799,48,387786.42,742,0.065,53522.7,Employed,Personal,5,0,0,0,Very Good,Upper-Middle,0.1380210787164749
LN104800,50,145757.04,618,0.761,77304.9,Employed,Personal,2,2,0,0,Fair,Low,0.5303682072577763
LN104801,50,379405.2,721,0.377,137309.38,Employed,Home,6,0,0,0,Good,Upper-Middle,0.3619069533048045
LN104802,31,493900.68,603,0.213,64676.31,Employed,Personal,5,1,1,0,Fair,High,0.13095003230204097
LN104803,59,227706.24,593,0.305,135063.08,Employed,Education,6,0,2,0,Fair,Lower-Middle,0.5931461518138458
LN104804,54,176065.9,699,0.144,285493.76,Employed,Business,0,0,3,0,Good,Low,1.6215164889964497
LN104805,57,231129.89,584,0.067,82359.38,Employed,Education,7,1,0,0,Fair,Lower-Middle,0.35633374809290136
LN104806,43,176370.29,712,0.185,46812.03,Employed,Vehicle,3,2,3,0,Good,Low,0.2654190226709952
LN104807,64,283756.09,676,0.177,84080.07,Employed,Personal,15,0,4,1,Good,Lower-Middle,0.2963110677201677
LN104808,40,317326.85,584,0.19,43630.28,Employed,Home,4,1,0,0,Fair,Upper-Middle,0.137493187229508
LN104809,60,253528.67,645,0.501,261837.91,Self-employed,Personal,3,1,4,1,Fair,Lower-Middle,1.032774360390878
LN104810,30,753463.11,609,0.431,116237.29,Self-employed,Education,4,0,2,0,Fair,High,0.15427071140881735
LN104811,33,201968.22,676,0.169,68510.39,Employed,Home,9,1,4,0,Good,Low,0.33921371391994243
LN104812,46,644884.17,792,0.048,76445.18,Employed,Home,11,0,1,0,Very Good,High,0.11854094666333644
LN104813,48,169203.29,622,0.43,51014.35,Employed,Home,4,0,3,1,Fair,Low,0.30149738814180266
LN104814,57,312251.87,690,0.297,212240.8,Employed,Home,11,0,2,0,Good,Upper-Middle,0.6797102608224572
LN104815,35,575069.24,652,0.514,363092.6,Self-employed,Education,2,0,1,0,Fair,High,0.6313893610445935
LN104816,63,558932.61,652,0.526,41650.78,Self-employed,Personal,3,0,1,0,Fair,High,0.07451842897482758
LN104817,37,238088.07,638,0.232,216718.65,Employed,Home,4,0,1,0,Fair,Lower-Middle,0.9102457338580635
LN104818,47,407104.87,586,0.191,93754.29,Self-employed,Home,11,3,1,0,Fair,Upper-Middle,0.2302951816813196
LN104819,66,378202.96,675,0.212,250723.09,Contract,Personal,8,2,1,0,Good,Upper-Middle,0.6629326486498148
LN104820,47,222920.66,628,0.387,33397.87,Contract,Vehicle,7,1,2,0,Fair,Lower-Middle,0.14981953669076703
LN104821,54,420967.21,582,0.255,127356.08,Employed,Personal,9,2,1,1,Fair,Upper-Middle,0.3025320665711707
LN104822,65,835602.62,726,0.161,84381.29,Contract,Home,3,0,2,0,Good,High,0.10098255795320507
LN104823,68,388859.4,657,0.173,168829.32,Employed,Personal,4,0,1,0,Fair,Upper-Middle,0.4341654592893987
LN104824,45,409639.9,633,0.129,114459.68,Employed,Personal,11,2,2,0,Fair,Upper-Middle,0.27941535968542125
LN104825,41,434183.7,751,0.592,111602.87,Employed,Home,15,0,0,0,Very Good,Upper-Middle,0.2570406719552116
LN104826,30,134322.73,512,0.633,102677.1,Employed,Vehicle,0,0,0,0,Poor,Low,0.7644059944284932
LN104827,47,386412.73,745,0.198,303680.04,Employed,Vehicle,5,1,2,0,Very Good,Upper-Middle,0.7858955371371952
LN104828,65,171496.82,584,0.463,98174.59,Employed,Home,14,1,2,0,Fair,Low,0.5724572035796348
LN104829,44,216880.1,666,0.136,192917.86,Self-employed,Vehicle,13,0,3,0,Fair,Lower-Middle,0.8895138834775527
LN104830,38,985205.7,606,0.266,165507.09,Employed,Personal,4,0,0,1,Fair,High,0.16799242026309835
LN104831,26,260991.7,581,0.399,196017.96,Self-employed,Personal,0,0,1,0,Fair,Lower-Middle,0.751050550649695
LN104832,40,199674.14,749,0.447,56877.09,Employed,Home,9,1,0,0,Very Good,Low,0.28484955538058154
LN104833,32,565495.81,789,0.352,174189.34,Employed,Personal,11,4,1,1,Very Good,High,0.3080294087413309
LN104834,68,178138.28,633,0.154,136926.67,Employed,Vehicle,4,1,0,0,Fair,Low,0.7686538233107449
LN104835,46,234557.78,675,0.548,50771.42,Self-employed,Home,4,3,1,0,Good,Lower-Middle,0.21645591973116388
LN104836,27,596310.3,654,0.116,95815.37,Employed,Home,10,2,2,1,Fair,High,0.16068038737549895
LN104837,24,307140.3,780,0.348,488706.49,Unemployed,Vehicle,8,0,1,0,Very Good,Upper-Middle,1.5911506565566291
LN104838,62,127091.09,492,0.747,85268.59,Employed,Home,4,0,0,1,Poor,Low,0.6709250034758534
LN104839,66,404631.49,678,0.198,86618.03,Self-employed,Home,13,1,1,0,Good,Upper-Middle,0.21406645834707527
LN104840,58,241224.07,595,0.409,147443.04,Employed,Vehicle,14,0,0,0,Fair,Lower-Middle,0.6112285560889509
LN104841,27,699734.37,473,0.347,77394.41,Self-employed,Business,11,1,1,0,Poor,High,0.11060541445177262
LN104842,25,214944.46,623,0.386,120515.08,Self-employed,Personal,15,2,1,0,Fair,Lower-Middle,0.5606800938251677
LN104843,30,534834.18,789,0.338,82161.71,Contract,Business,5,0,2,0,Very Good,High,0.1536209035854814
LN104844,57,796650.76,601,0.402,142883.75,Employed,Home,1,0,3,0,Fair,High,0.17935556855553617
LN104845,58,187872.53,709,0.289,105662.88,Employed,Business,11,0,4,0,Good,Low,0.5624179330527992
LN104846,62,269755.32,740,0.348,391222.2,Employed,Home,8,0,1,0,Very Good,Lower-Middle,1.4502853919618712
LN104847,25,371491.65,649,0.435,113339.18,Unemployed,Vehicle,6,1,0,0,Fair,Upper-Middle,0.30509213329559354
LN104848,28,187212.12,659,0.62,95181.28,Employed,Home,4,2,1,0,Fair,Low,0.5084140919936166
LN104849,65,348084.3,521,0.402,214779.93,Employed,Vehicle,1,1,0,0,Poor,Upper-Middle,0.6170342356722208
LN104850,66,265091.84,596,0.209,44535.0,Employed,Home,2,0,0,0,Fair,Lower-Middle,0.16799838124025243
LN104851,56,262170.57,718,0.276,330332.6,Employed,Personal,10,0,2,0,Good,Lower-Middle,1.259991157665027
LN104852,26,308184.49,655,0.352,57856.62,Contract,Personal,3,0,2,0,Fair,Upper-Middle,0.18773371755340448
LN104853,24,311992.16,678,0.232,238786.85,Self-employed,Vehicle,14,1,1,0,Good,Upper-Middle,0.7653617001145158
LN104854,23,328296.41,660,0.11,283518.31,Employed,Personal,7,0,0,1,Fair,Upper-Middle,0.8636046614094867
LN104855,54,215816.39,814,0.245,78155.96,Contract,Home,1,1,1,0,Excellent,Lower-Middle,0.36214098475097284
LN104856,62,221060.86,618,0.247,83193.31,Contract,Home,10,0,1,1,Fair,Lower-Middle,0.3763366794103669
LN104857,51,281057.51,770,0.143,102464.32,Self-employed,Home,11,0,3,0,Very Good,Lower-Middle,0.3645670951827617
LN104858,33,292705.15,660,0.196,164759.28,Employed,Vehicle,2,1,3,1,Fair,Lower-Middle,0.5628848006261591
LN104859,58,235665.95,777,0.034,57497.56,Self-employed,Home,13,0,2,0,Very Good,Lower-Middle,0.24397907292080165
LN104860,23,358507.39,558,0.213,102461.11,Self-employed,Home,11,0,3,0,Poor,Upper-Middle,0.2857991574455411
LN104861,61,110571.63,664,0.316,89725.43,Contract,Vehicle,9,1,1,1,Fair,Low,0.811468818900472
LN104862,64,200743.11,620,0.217,52045.97,Self-employed,Business,1,0,1,0,Fair,Low,0.25926653223615
LN104863,56,257191.82,660,0.235,55769.53,Employed,Business,7,1,0,0,Fair,Lower-Middle,0.216840216768947
LN104864,64,187338.87,742,0.717,119562.69,Employed,Business,15,0,0,0,Very Good,Low,0.6382161374198532
LN104865,49,734978.6,678,0.377,118193.35,Employed,Home,3,1,0,0,Good,High,0.16081196105573686
LN104866,43,303128.4,742,0.312,66946.59,Employed,Home,14,0,1,0,Very Good,Upper-Middle,0.22085225270875308
LN104867,36,330631.94,600,0.333,115814.26,Self-employed,Education,3,1,0,0,Fair,Upper-Middle,0.3502815245254285
LN104868,66,229983.04,588,0.268,72237.63,Unemployed,Personal,9,1,2,0,Fair,Lower-Middle,0.31409981362103917
LN104869,55,297407.74,651,0.244,257260.59,Employed,Vehicle,6,2,0,0,Fair,Lower-Middle,0.865009733774918
LN104870,30,153760.02,647,0.224,102877.83,Employed,Personal,1,0,1,0,Fair,Low,0.6690804930956695
LN104871,67,273248.9,636,0.139,224500.54,Self-employed,Business,10,2,3,0,Fair,Lower-Middle,0.8215972324133783
LN104872,23,179186.62,578,0.498,36606.73,Employed,Vehicle,7,2,0,0,Poor,Low,0.20429388087123918
LN104873,49,257549.13,740,0.166,135677.15,Employed,Business,5,0,2,0,Very Good,Lower-Middle,0.5268010418051111
LN104874,30,73392.99,623,0.386,162054.32,Contract,Home,3,2,2,0,Fair,Low,2.2080353995660893
LN104875,53,161318.51,757,0.041,100570.22,Employed,Education,7,0,0,0,Very Good,Low,0.6234264127532544
LN104876,41,671116.0,651,0.221,77495.95,Self-employed,Home,1,0,2,0,Fair,High,0.11547325648621103
LN104877,42,473665.43,699,0.361,99529.64,Self-employed,Education,9,1,2,0,Good,High,0.21012645993607768
LN104878,53,619711.54,692,0.419,178231.4,Self-employed,Home,1,2,3,1,Good,High,0.2876038099919843
LN104879,58,643568.95,588,0.104,50080.6,Employed,Education,3,1,1,0,Fair,High,0.07781699225856065
LN104880,39,434382.53,678,0.238,173434.28,Employed,Home,8,0,0,0,Good,Upper-Middle,0.399266241209102
LN104881,69,233855.8,795,0.453,135289.66,Employed,Vehicle,11,4,1,0,Very Good,Lower-Middle,0.578517445365905
LN104882,45,169574.86,669,0.126,92848.14,Employed,Personal,6,0,3,0,Fair,Low,0.5475348173662064
LN104883,28,563682.98,718,0.141,95463.09,Employed,Vehicle,10,0,2,0,Good,High,0.16935599155397596
LN104884,21,310845.14,702,0.177,114513.13,Self-employed,Education,14,0,1,0,Good,Upper-Middle,0.3683928595441447
LN104885,30,1182628.79,673,0.39,323300.78,Employed,Business,9,1,0,0,Good,High,0.27337469097128947
LN104886,54,245421.86,664,0.326,137921.12,Contract,Business,12,0,1,0,Fair,Lower-Middle,0.5619756936077333
LN104887,47,887914.27,691,0.361,59604.46,Contract,Business,7,1,2,0,Good,High,0.06712862042413172
LN104888,37,275213.45,707,0.135,82891.83,Employed,Home,4,0,2,0,Good,Lower-Middle,0.3011910573411292
LN104889,44,625536.2,549,0.085,52274.28,Employed,Education,5,2,1,0,Poor,High,0.08356715406718268
LN104890,62,762774.87,669,0.598,32204.88,Employed,Personal,5,0,3,0,Fair,High,0.04222068826153122
LN104891,49,170913.92,636,0.18,51681.03,Self-employed,Business,8,1,0,1,Fair,Low,0.30238046146270586
LN104892,23,229759.6,621,0.074,118929.4,Employed,Vehicle,2,1,2,1,Fair,Lower-Middle,0.5176253788742669
LN104893,23,169973.73,747,0.21,251779.25,Employed,Business,12,0,1,0,Very Good,Low,1.481283313603814
LN104894,44,152522.63,595,0.414,210131.41,Self-employed,Vehicle,2,0,3,1,Fair,Low,1.3777064426439538
LN104895,40,432970.35,545,0.427,51912.56,Employed,Personal,11,1,1,1,Poor,Upper-Middle,0.11989864894905622
LN104896,62,269249.07,710,0.539,65497.23,Employed,Education,7,0,3,0,Good,Lower-Middle,0.2432588903649695
LN104897,49,308766.08,543,0.14,59759.96,Employed,Vehicle,11,3,0,0,Poor,Upper-Middle,0.19354444633296505
LN104898,58,407366.8,505,0.43,20541.23,Employed,Home,2,2,1,0,Poor,Upper-Middle,0.05042440866560554
LN104899,49,108009.56,718,0.083,98643.64,Contract,Home,3,0,3,0,Good,Low,0.9132861942961346
LN104900,37,608808.51,662,0.079,185414.91,Self-employed,Personal,4,0,2,0,Fair,High,0.3045537421939125
LN104901,53,247591.62,685,0.35,93356.6,Employed,Education,12,2,2,0,Good,Lower-Middle,0.37705880352493354
LN104902,51,402060.75,617,0.301,48250.18,Self-employed,Vehicle,4,1,1,0,Fair,Upper-Middle,0.12000718796848486
LN104903,56,422071.42,546,0.519,63505.98,Employed,Personal,5,1,0,1,Poor,Upper-Middle,0.15046263971154455
LN104904,30,637606.03,561,0.127,88830.49,Employed,Education,2,1,3,0,Poor,High,0.13931877338111123
LN104905,52,283187.98,630,0.607,181475.99,Self-employed,Home,3,0,2,1,Fair,Lower-Middle,0.640832248600382
LN104906,34,93296.43,555,0.422,97675.3,Employed,Vehicle,13,1,3,0,Poor,Low,1.0469350220581861
LN104907,59,309575.7,673,0.391,166196.6,Self-employed,Vehicle,1,1,1,0,Good,Upper-Middle,0.5368528602212641
LN104908,60,335013.64,615,0.108,104335.17,Employed,Vehicle,14,0,0,0,Fair,Upper-Middle,0.31143558811515853
LN104909,51,169853.96,664,0.43,128302.81,Employed,Business,13,0,1,0,Fair,Low,0.7553713201623324
LN104910,67,325350.26,662,0.55,59702.29,Employed,Business,15,1,3,1,Fair,Upper-Middle,0.1835015899480148
LN104911,47,245973.14,679,0.236,70434.36,Self-employed,Education,9,0,2,0,Good,Lower-Middle,0.28634980225889706
LN104912,22,143346.93,687,0.607,48628.22,Employed,Vehicle,10,1,1,1,Good,Low,0.33923447122306705
LN104913,50,434023.71,624,0.105,162642.8,Contract,Personal,13,3,1,0,Fair,Upper-Middle,0.3747325232531651
LN104914,59,220023.34,664,0.127,91031.9,Employed,Home,11,0,1,0,Fair,Lower-Middle,0.41373746985206206
LN104915,25,239912.41,668,0.149,10612.37,Employed,Education,8,1,0,0,Fair,Lower-Middle,0.04423435202872582
LN104916,26,232610.2,468,0.084,150389.82,Contract,Business,6,1,0,1,Poor,Lower-Middle,0.646531493459874
LN104917,34,591875.14,698,0.557,207197.45,Employed,Business,13,2,1,0,Good,High,0.3500695264883063
LN104918,62,293324.23,661,0.094,64901.36,Employed,Business,5,2,1,0,Fair,Lower-Middle,0.22126150301323558
LN104919,46,313339.53,692,0.169,150304.85,Employed,Home,8,2,1,0,Good,Upper-Middle,0.4796868432144517
LN104920,68,235434.46,553,0.12,95981.68,Employed,Education,0,0,1,0,Poor,Lower-Middle,0.40767897783527524
LN104921,63,386974.67,626,0.523,27768.35,Self-employed,Personal,10,0,0,1,Fair,Upper-Middle,0.07175753906579983
LN104922,48,630118.19,568,0.4,391470.16,Self-employed,Home,2,1,1,1,Poor,High,0.6212646551276356
LN104923,54,428420.81,706,0.16,96357.25,Employed,Personal,0,1,2,0,Good,Upper-Middle,0.2249126273768074
LN104924,37,437711.19,545,0.157,125386.46,Self-employed,Vehicle,4,0,0,0,Poor,Upper-Middle,0.28645934320299193
LN104925,25,418722.78,580,0.53,73295.28,Employed,Business,10,2,3,0,Fair,Upper-Middle,0.1750448829175236
LN104926,40,140421.56,690,0.27,90775.17,Self-employed,Vehicle,13,0,3,0,Good,Low,0.6464475255794053
LN104927,50,185289.06,603,0.186,122188.01,Self-employed,Vehicle,9,1,1,0,Fair,Low,0.6594453552735385
LN104928,29,268014.05,580,0.568,55858.94,Contract,Business,10,0,1,1,Fair,Lower-Middle,0.2084179542079977
LN104929,31,201251.88,718,0.054,330814.38,Contract,Personal,3,2,1,1,Good,Low,1.64378280590472
LN104930,21,167048.99,721,0.108,189668.11,Contract,Education,1,3,1,0,Good,Low,1.1354041110933983
LN104931,56,107134.58,704,0.135,153917.83,Unemployed,Business,1,1,2,1,Good,Low,1.43667740145152
LN104932,65,143049.6,714,0.154,100315.66,Contract,Personal,1,0,1,0,Good,Low,0.7012648759591079
LN104933,61,260523.59,633,0.186,67066.74,Contract,Education,5,1,0,0,Fair,Lower-Middle,0.2574305843090831
LN104934,39,288760.6,635,0.221,214871.16,Employed,Vehicle,11,0,1,0,Fair,Lower-Middle,0.7441152290167011
LN104935,50,193950.49,601,0.529,163601.09,Self-employed,Personal,0,1,2,0,Fair,Low,0.8435198591145606
LN104936,68,313309.44,663,0.294,84847.52,Self-employed,Education,5,2,1,0,Fair,Upper-Middle,0.2708106081961654
LN104937,49,236316.96,610,0.089,54355.24,Unemployed,Personal,9,2,0,0,Fair,Lower-Middle,0.23000989857012377
LN104938,35,546534.78,618,0.259,39493.8,Self-employed,Business,0,1,1,0,Fair,High,0.07226218979147128
LN104939,37,274482.72,695,0.128,112062.0,Employed,Vehicle,8,1,2,0,Good,Lower-Middle,0.4082661378464918
LN104940,56,439995.48,739,0.163,93567.18,Employed,Personal,6,1,1,0,Good,High,0.21265486636362718
LN104941,42,335475.87,680,0.561,237730.18,Employed,Personal,14,1,2,0,Good,Upper-Middle,0.7086357060494396
LN104942,62,138745.79,785,0.36,209644.51,Employed,Home,7,0,0,0,Very Good,Low,1.5109972706198869
LN104943,63,285408.21,597,0.553,112816.39,Self-employed,Personal,8,1,2,0,Fair,Lower-Middle,0.39528081550281957
LN104944,22,152046.93,512,0.256,104350.2,Employed,Personal,13,0,1,0,Poor,Low,0.6863025777633261
LN104945,56,282680.14,704,0.066,52019.76,Employed,Education,11,1,0,0,Good,Lower-Middle,0.1840233983186792
LN104946,39,199130.53,592,0.118,219228.76,Employed,Home,8,0,0,0,Fair,Low,1.1009299277212792
LN104947,46,370132.9,629,0.542,106017.69,Contract,Home,10,0,0,0,Fair,Upper-Middle,0.28643141422986174
LN104948,33,143378.44,517,0.454,163026.54,Employed,Home,6,0,0,0,Poor,Low,1.1370366423292093
LN104949,39,302435.64,583,0.389,236371.1,Employed,Vehicle,11,2,0,0,Fair,Upper-Middle,0.7815583507287699
LN104950,37,411007.33,537,0.47,76159.93,Employed,Personal,4,1,1,0,Poor,Upper-Middle,0.1853006611828553
LN104951,23,494209.76,617,0.372,64221.31,Employed,Education,5,1,1,1,Fair,High,0.1299474741251569
LN104952,59,197056.44,620,0.279,547377.7,Self-employed,Education,13,0,1,0,Fair,Low,2.777771180683057
LN104953,28,302943.25,657,0.29,161884.82,Contract,Vehicle,6,1,1,0,Fair,Upper-Middle,0.5343734181236915
LN104954,39,331976.21,743,0.08,91779.72,Employed,Personal,8,1,2,0,Very Good,Upper-Middle,0.27646475029038975
LN104955,30,702539.71,701,0.357,246266.09,Contract,Business,1,1,2,1,Good,High,0.35053689705312174
LN104956,28,132827.45,528,0.192,90027.34,Self-employed,Personal,5,1,0,1,Poor,Low,0.6777766192153805
LN104957,39,181757.99,696,0.024,135917.2,Employed,Personal,10,2,3,1,Good,Low,0.7477921603336394
LN104958,66,1402815.89,658,0.24,76030.06,Employed,Vehicle,8,0,1,0,Fair,High,0.05419817421657521
LN104959,67,258159.85,643,0.326,108793.28,Employed,Business,4,2,2,0,Fair,Lower-Middle,0.42141828018570665
LN104960,39,106031.46,648,0.296,92050.26,Employed,Business,0,2,1,0,Fair,Low,0.8681410215420969
LN104961,45,217757.03,665,0.632,67475.04,Employed,Business,8,2,2,0,Fair,Lower-Middle,0.3098638882060432
LN104962,69,65424.85,598,0.405,128810.33,Contract,Personal,5,1,3,0,Fair,Low,1.968828816573519
LN104963,32,342505.89,636,0.493,72631.12,Employed,Vehicle,14,1,1,0,Fair,Upper-Middle,0.2120580174548239
LN104964,67,468325.75,739,0.606,159951.71,Contract,Vehicle,0,0,1,0,Good,High,0.3415394306206737
LN104965,26,181702.03,597,0.187,90244.86,Employed,Vehicle,10,1,0,0,Fair,Low,0.49666401635688934
LN104966,32,231570.49,573,0.526,35960.3,Employed,Vehicle,6,2,1,0,Poor,Lower-Middle,0.1552887848533723
LN104967,37,498594.06,645,0.17,164684.52,Self-employed,Vehicle,4,1,5,0,Fair,High,0.33029779777159796
LN104968,22,114567.48,565,0.157,166487.25,Contract,Business,11,1,1,0,Poor,Low,1.4531806931600486
LN104969,60,145026.76,521,0.337,475938.75,Unemployed,Education,8,0,2,1,Poor,Low,3.2817305578639417
LN104970,62,264626.43,624,0.281,111274.44,Employed,Vehicle,1,0,3,0,Fair,Lower-Middle,0.42049632003878074
LN104971,39,198343.09,759,0.573,123920.4,Employed,Personal,9,4,3,0,Very Good,Low,0.6247780046181594
LN104972,61,255227.6,647,0.197,150139.35,Employed,Vehicle,2,0,0,0,Fair,Lower-Middle,0.5882567167500694
LN104973,58,149712.95,663,0.18,213425.27,Employed,Home,13,0,2,0,Fair,Low,1.4255631860837688
LN104974,60,337530.17,490,0.22,204928.25,Employed,Personal,3,1,3,0,Poor,Upper-Middle,0.6071405409477915
LN104975,60,276359.98,683,0.064,135326.57,Self-employed,Vehicle,12,2,3,1,Good,Lower-Middle,0.48967498839737944
LN104976,49,405790.59,657,0.061,107667.35,Employed,Vehicle,5,0,2,0,Fair,Upper-Middle,0.26532736996193035
LN104977,26,334957.01,600,0.282,190225.56,Contract,Education,5,0,1,0,Fair,Upper-Middle,0.5679103715429034
LN104978,66,336117.91,664,0.625,104793.4,Self-employed,Home,0,1,2,1,Fair,Upper-Middle,0.3117757098989459
LN104979,50,135410.84,663,0.097,47585.17,Employed,Vehicle,14,1,0,0,Fair,Low,0.35141329896483914
LN104980,65,393353.16,571,0.31,41458.14,Employed,Education,8,2,1,0,Poor,Upper-Middle,0.10539673813730135
LN104981,67,250086.27,675,0.573,90908.93,Self-employed,Business,2,0,3,0,Good,Lower-Middle,0.3635102798726215
LN104982,30,273733.06,740,0.159,118921.1,Employed,Vehicle,0,0,0,0,Very Good,Lower-Middle,0.43444186098675847
LN104983,40,533963.71,633,0.187,548561.49,Employed,Education,4,0,1,0,Fair,High,1.0273385245600306
LN104984,30,201964.7,585,0.432,101744.4,Employed,Education,7,1,1,0,Fair,Low,0.5037731841257407
LN104985,23,630765.31,637,0.347,113382.92,Employed,Personal,0,0,4,0,Fair,High,0.17975452708393236
LN104986,68,663974.6,714,0.169,84577.14,Employed,Education,5,2,2,0,Good,High,0.1273800835152429
LN104987,66,453871.41,558,0.277,164466.06,Employed,Personal,4,2,1,0,Poor,High,0.3623626788918033
LN104988,66,174939.65,693,0.393,131986.99,Employed,Business,13,1,2,0,Good,Low,0.7544715563338557
LN104989,64,90136.14,599,0.509,72643.33,Self-employed,Vehicle,6,1,1,1,Fair,Low,0.8059290091632502
LN104990,52,543017.57,668,0.189,56998.85,Self-employed,Personal,1,0,1,0,Fair,High,0.10496686138535076
LN104991,46,318953.16,608,0.146,84685.29,Employed,Vehicle,3,1,1,0,Fair,Upper-Middle,0.26551011440049693
LN104992,69,199123.23,607,0.397,63579.38,Employed,Personal,13,1,2,0,Fair,Low,0.31929664861302215
LN104993,48,572058.79,764,0.617,94653.77,Employed,Personal,0,1,1,0,Very Good,High,0.16546161278284002
LN104994,52,186778.81,544,0.399,120595.53,Employed,Education,2,1,3,1,Poor,Low,0.6456595906141601
LN104995,31,237578.26,686,0.373,79416.37,Employed,Education,0,1,1,0,Good,Lower-Middle,0.33427456704161396
LN104996,57,400403.25,780,0.064,283129.57,Contract,Education,0,0,0,0,Very Good,Upper-Middle,0.7071110686539133
LN104997,61,162601.26,701,0.186,233711.39,Employed,Vehicle,14,0,1,0,Good,Low,1.4373282839259671
LN104998,54,282468.76,550,0.163,94752.47,Contract,Education,15,1,1,0,Poor,Lower-Middle,0.3354440682219159
LN104999,45,546103.18,554,0.306,58778.27,Employed,Personal,11,1,0,0,Poor,High,0.10763216943728471
