loan_id,age,annual_income,credit_score,debt_to_income,loan_amount,employment_status,loan_purpose,employment_tenure_years,late_payments_12m,existing_credit_accounts,default
LN100000,25,243940.7,666,0.164,262925.26,Self-employed,Vehicle,6,0,1,0
LN100001,58,233186.25,744,0.175,197909.31,Contract,Business,4,0,0,0
LN100002,53,457928.8,735,0.247,77576.47,Self-employed,Personal,4,0,1,0
LN100003,42,470732.39,651,0.316,107495.12,Employed,Education,12,1,3,0
LN100004,42,223516.34,475,0.278,137721.15,Contract,Home,7,2,0,0
LN100005,63,240337.22,567,0.146,81056.22,Employed,Education,0,0,0,0
LN100006,25,403995.78,707,0.216,79317.71,Employed,Personal,8,2,1,0
LN100007,55,190301.78,534,0.347,76273.59,Contract,Vehicle,12,0,3,0
LN100008,30,239364.81,625,0.314,574669.31,Employed,Home,2,1,1,0
LN100009,25,315153.08,675,0.122,92228.7,Employed,Education,1,0,1,0
LN100010,46,518815.72,760,0.392,220328.48,Contract,Personal,10,1,0,0
LN100011,68,215132.31,607,0.345,62512.65,Employed,Education,14,0,2,0
LN100012,57,108904.46,602,0.309,332498.1,Employed,Vehicle,1,0,0,0
LN100013,58,104548.79,646,0.235,86005.52,Unemployed,Business,10,1,2,0
LN100014,56,150070.52,676,0.22,113853.82,Contract,Business,12,0,2,0
LN100015,59,145698.62,638,0.326,33421.87,Contract,Personal,2,1,4,0
LN100016,46,275543.79,729,0.139,227300.06,Employed,Home,4,0,2,0
LN100017,27,156006.61,590,0.178,261667.14,Contract,Vehicle,8,0,1,0
LN100018,62,203826.11,659,0.269,50843.58,Self-employed,Personal,9,2,5,0
LN100019,43,195984.43,683,0.138,236064.04,Self-employed,Personal,8,0,1,0
LN100020,45,235451.08,620,0.296,46119.85,Employed,Education,2,0,0,0
LN100021,39,620893.68,713,0.234,165889.85,Employed,Vehicle,14,1,0,0
LN100022,29,431752.99,661,0.326,91222.36,Employed,Business,6,2,1,0
LN100023,66,302673.19,709,0.332,262183.7,Contract,Vehicle,8,0,3,0
LN100024,59,232808.92,665,0.211,129341.32,Employed,Business,8,0,0,1
LN100025,52,236395.09,678,0.361,201529.29,Self-employed,Education,8,1,0,0
LN100026,40,359258.8,603,0.264,245923.92,Employed,Personal,4,2,1,0
LN100027,61,413672.86,603,0.453,91040.99,Employed,Home,5,0,0,0
LN100028,47,182106.71,742,0.373,107952.71,Employed,Vehicle,2,1,0,0
LN100029,42,306080.12,698,0.406,53421.44,Contract,Business,11,1,2,1
LN100030,43,98139.67,573,0.236,90510.38,Self-employed,Personal,5,0,0,0
LN100031,32,337047.9,664,0.213,384936.27,Employed,Education,0,0,1,0
LN100032,25,456215.17,472,0.105,179780.92,Employed,Education,0,0,1,0
LN100033,48,257171.9,607,0.182,55784.2,Employed,Home,15,0,0,0
LN100034,64,814742.67,722,0.32,317639.81,Employed,Personal,6,0,1,0
LN100035,24,184768.06,641,0.443,141646.2,Employed,Home,9,0,3,1
LN100036,63,338111.16,659,0.549,188718.46,Employed,Vehicle,8,0,2,0
LN100037,61,294146.77,424,0.028,151309.0,Employed,Vehicle,13,0,0,0
LN100038,34,283899.06,621,0.063,144506.33,Self-employed,Personal,14,0,3,1
LN100039,51,281717.64,675,0.072,30023.08,Employed,Vehicle,12,1,1,0
LN100040,29,318203.22,685,0.478,225880.02,Employed,Business,15,2,1,0
LN100041,58,478262.52,722,0.39,25410.5,Employed,Personal,3,1,2,0
LN100042,55,640044.31,634,0.279,212910.67,Employed,Business,7,1,0,0
LN100043,38,299628.94,638,0.213,117354.43,Employed,Education,4,0,1,0
LN100044,24,469752.67,550,0.344,189337.69,Employed,Vehicle,13,0,0,0
LN100045,68,203936.9,635,0.196,121929.25,Employed,Business,4,1,1,0
LN100046,42,457171.22,555,0.094,216787.83,Self-employed,Home,12,0,2,0
LN100047,64,197292.45,511,0.632,111160.67,Employed,Business,3,0,1,0
LN100048,54,546560.74,569,0.292,132037.07,Contract,Home,11,0,0,0
LN100049,59,1011950.52,763,0.151,143104.4,Employed,Personal,0,0,0,0
LN100050,58,280517.56,630,0.232,373007.25,Self-employed,Personal,12,0,0,0
LN100051,30,89826.82,666,0.439,162496.94,Unemployed,Personal,13,2,4,0
LN100052,38,221925.64,611,0.399,46736.53,Employed,Personal,9,1,0,0
LN100053,43,590703.26,516,0.166,76240.55,Employed,Home,8,0,0,1
LN100054,45,406658.88,720,0.192,162257.24,Employed,Vehicle,7,1,1,0
LN100055,23,344014.89,487,0.546,249464.15,Employed,Vehicle,9,1,2,1
LN100056,47,522460.86,608,0.345,68790.52,Contract,Business,9,0,0,0
LN100057,28,391596.46,646,0.385,471727.18,Employed,Education,7,0,3,0
LN100058,57,586123.97,667,0.182,123300.3,Contract,Home,8,0,0,0
LN100059,54,497435.3,596,0.078,144582.34,Contract,Vehicle,1,2,1,0
LN100060,66,692783.63,512,0.236,48683.13,Self-employed,Business,7,3,2,0
LN100061,57,365446.66,590,0.306,227134.0,Employed,Business,6,1,1,0
LN100062,38,493575.16,594,0.403,82328.77,Contract,Business,14,1,1,0
LN100063,68,253372.97,592,0.269,67738.62,Employed,Home,4,0,1,1
LN100064,41,215503.9,723,0.039,89505.94,Self-employed,Personal,15,0,3,0
LN100065,36,767013.71,559,0.361,270233.32,Employed,Vehicle,14,2,2,0
LN100066,65,337881.43,673,0.332,148890.8,Employed,Personal,12,0,0,0
LN100067,39,467064.23,662,0.129,61717.96,Employed,Personal,11,2,1,0
LN100068,24,321127.9,722,0.336,77924.0,Employed,Vehicle,5,2,0,0
LN100069,44,217282.61,640,0.682,274980.07,Employed,Education,2,0,1,0
LN100070,59,301817.66,709,0.526,94333.15,Self-employed,Vehicle,12,0,0,0
LN100071,30,660884.56,637,0.565,158340.62,Employed,Vehicle,11,3,0,0
LN100072,43,407143.02,683,0.168,185643.33,Contract,Vehicle,13,0,3,0
LN100073,27,117034.91,537,0.387,11920.6,Self-employed,Vehicle,8,0,1,1
LN100074,54,266506.34,452,0.05,250218.49,Contract,Vehicle,14,1,1,0
LN100075,44,799546.0,678,0.247,63209.33,Contract,Vehicle,1,2,2,0
LN100076,37,266718.61,682,0.288,87016.53,Contract,Education,1,0,3,0
LN100077,32,111443.66,686,0.352,299177.76,Employed,Personal,1,1,1,0
LN100078,48,849764.59,611,0.414,281739.09,Employed,Business,5,0,0,0
LN100079,53,436635.33,762,0.36,151530.56,Employed,Vehicle,2,1,1,0
LN100080,67,288667.47,616,0.178,176613.84,Employed,Personal,0,0,0,0
LN100081,42,244570.28,682,0.229,207712.62,Contract,Business,12,1,1,0
LN100082,28,544068.98,695,0.265,278676.2,Employed,Education,2,0,2,0
LN100083,61,222670.17,779,0.3,302718.24,Contract,Personal,13,1,2,0
LN100084,51,564151.88,626,0.796,117976.66,Employed,Business,10,0,0,0
LN100085,55,404232.37,601,0.483,68116.03,Contract,Personal,9,2,2,0
LN100086,25,343215.16,538,0.186,93189.13,Employed,Home,1,1,0,0
LN100087,36,324996.89,766,0.399,119481.36,Employed,Home,0,2,3,0
LN100088,58,272475.87,682,0.05,106270.38,Contract,Vehicle,2,0,1,0
LN100089,61,533193.58,684,0.259,56970.64,Employed,Personal,5,0,1,0
LN100090,42,186390.5,850,0.148,146115.38,Self-employed,Personal,15,0,0,0
LN100091,60,122943.35,674,0.293,39702.67,Employed,Home,6,1,2,0
LN100092,62,420617.78,552,0.321,116277.81,Contract,Vehicle,3,0,0,0
LN100093,39,424521.88,635,0.372,121225.87,Self-employed,Vehicle,4,0,0,0
LN100094,65,390690.27,577,0.379,118556.17,Contract,Personal,5,0,1,0
LN100095,35,375415.37,620,0.033,191286.06,Employed,Vehicle,9,0,1,0
LN100096,32,251510.63,620,0.085,175488.64,Self-employed,Vehicle,12,2,1,0
LN100097,54,462616.29,606,0.23,466482.86,Employed,Education,0,2,0,0
LN100098,52,292576.31,546,0.318,78568.25,Employed,Home,12,1,3,0
LN100099,27,229492.42,769,0.228,131900.38,Self-employed,Personal,0,0,3,0
LN100100,61,252709.92,672,0.279,126517.96,Employed,Vehicle,5,1,0,0
LN100101,30,911538.94,633,0.232,122707.26,Self-employed,Education,9,1,0,0
LN100102,60,115531.78,707,0.279,48343.18,Employed,Personal,1,0,2,0
LN100103,21,394913.18,685,0.259,50969.17,Employed,Home,4,0,0,0
LN100104,60,119136.72,671,0.02,110463.33,Self-employed,Home,10,0,0,0
LN100105,59,282662.65,701,0.562,39494.02,Self-employed,Business,10,0,1,0
LN100106,59,236343.76,660,0.174,88521.63,Self-employed,Personal,1,0,1,0
LN100107,53,95298.77,700,0.185,72210.08,Unemployed,Vehicle,12,0,1,0
LN100108,44,371575.9,706,0.558,90630.88,Employed,Personal,6,0,3,1
LN100109,55,243413.47,662,0.125,229635.41,Unemployed,Vehicle,9,0,4,0
LN100110,34,94558.53,633,0.118,54574.25,Employed,Personal,3,1,3,0
LN100111,59,476060.49,765,0.368,193610.77,Employed,Personal,15,1,4,0
LN100112,48,660525.59,614,0.177,75879.26,Self-employed,Home,12,2,0,0
LN100113,43,680856.02,679,0.287,82276.96,Employed,Personal,10,2,0,0
LN100114,45,365478.89,681,0.258,148871.73,Unemployed,Vehicle,2,0,0,0
LN100115,48,307696.67,604,0.462,92045.58,Employed,Education,12,1,2,0
LN100116,22,622826.89,589,0.11,61582.41,Employed,Vehicle,6,0,1,0
LN100117,27,756795.78,623,0.421,86470.22,Self-employed,Business,10,0,0,0
LN100118,33,559612.88,613,0.327,34662.85,Employed,Education,10,0,0,0
LN100119,26,178740.81,541,0.185,140928.17,Employed,Business,12,0,2,1
LN100120,42,335131.22,601,0.019,14647.62,Employed,Vehicle,13,0,1,0
LN100121,53,382036.58,670,0.115,195917.39,Contract,Vehicle,6,1,1,0
LN100122,53,110884.95,745,0.04,164087.63,Employed,Personal,1,2,2,1
LN100123,44,388359.26,692,0.41,311504.25,Employed,Vehicle,6,2,2,0
LN100124,62,1047255.26,455,0.341,454333.04,Employed,Business,6,0,2,1
LN100125,48,426557.58,698,0.649,202093.71,Contract,Personal,5,1,0,0
LN100126,24,674626.81,608,0.292,73161.34,Contract,Business,7,0,2,0
LN100127,58,331751.29,684,0.114,451549.46,Contract,Home,9,1,1,0
LN100128,49,288159.0,649,0.332,50623.9,Employed,Vehicle,9,2,0,0
LN100129,52,369992.13,636,0.31,31935.65,Employed,Vehicle,5,0,0,0
LN100130,48,191536.39,642,0.37,366713.88,Contract,Business,9,0,1,0
LN100131,48,176568.01,648,0.274,162632.52,Employed,Home,15,0,2,0
LN100132,25,601995.51,751,0.449,32498.66,Employed,Personal,10,3,0,0
LN100133,48,638148.34,649,0.195,45581.27,Contract,Personal,9,0,1,1
LN100134,59,173933.67,731,0.331,157403.98,Employed,Business,4,0,1,0
LN100135,35,510904.06,720,0.206,62489.79,Employed,Business,5,0,1,0
LN100136,50,285989.33,700,0.252,68613.11,Employed,Personal,0,2,2,0
LN100137,22,361650.11,516,0.213,394908.84,Employed,Vehicle,8,1,0,1
LN100138,38,386411.45,734,0.317,444436.21,Unemployed,Personal,1,0,2,0
LN100139,42,518362.72,616,0.348,121010.33,Employed,Education,12,1,0,0
LN100140,69,313963.74,704,0.372,99749.26,Employed,Personal,15,0,1,0
LN100141,31,651561.36,577,0.19,197764.36,Employed,Vehicle,12,0,1,0
LN100142,34,355654.42,561,0.284,76358.25,Employed,Personal,2,2,1,0
LN100143,41,422878.04,798,0.23,25806.83,Self-employed,Vehicle,10,1,1,0
LN100144,69,189708.38,578,0.134,18274.13,Self-employed,Personal,6,0,0,0
LN100145,62,983428.49,736,0.176,104861.61,Employed,Vehicle,0,0,0,0
LN100146,22,388458.44,659,0.346,195136.92,Employed,Personal,11,0,3,0
LN100147,32,444047.29,618,0.551,111149.97,Employed,Home,13,1,2,0
LN100148,61,123875.9,647,0.137,186224.86,Employed,Home,7,1,3,0
LN100149,23,190813.47,552,0.24,198715.11,Contract,Business,14,0,2,0
LN100150,62,592658.59,649,0.517,270807.11,Contract,Personal,0,1,1,1
LN100151,34,351276.12,569,0.128,124157.67,Employed,Home,13,0,1,0
LN100152,65,104710.94,620,0.185,131604.25,Contract,Education,10,0,0,0
LN100153,35,531042.44,719,0.343,107400.05,Contract,Personal,10,1,0,0
LN100154,42,222449.91,669,0.337,92992.47,Contract,Education,8,0,1,0
LN100155,53,651975.39,539,0.689,39593.34,Contract,Vehicle,0,0,2,1
LN100156,27,285851.62,714,0.271,235631.71,Unemployed,Personal,7,3,1,0
LN100157,48,335751.45,649,0.299,85715.72,Employed,Home,15,0,3,0
LN100158,45,573757.88,609,0.282,82582.6,Employed,Personal,7,0,1,1
LN100159,59,183123.6,706,0.312,77356.82,Unemployed,Education,1,0,1,0
LN100160,69,173767.24,637,0.053,46027.0,Employed,Personal,7,0,0,0
LN100161,53,269268.32,563,0.33,104050.6,Self-employed,Vehicle,2,1,2,0
LN100162,41,472826.03,789,0.268,153877.47,Employed,Home,6,0,0,0
LN100163,40,144286.37,649,0.541,69549.83,Employed,Business,10,1,0,0
LN100164,41,119864.68,644,0.191,215922.83,Unemployed,Business,1,1,3,0
LN100165,60,471929.2,620,0.21,86575.16,Employed,Business,7,2,1,0
LN100166,36,215324.11,738,0.413,40619.78,Employed,Personal,8,0,1,0
LN100167,29,241787.24,611,0.43,268643.26,Employed,Home,12,2,2,0
LN100168,37,108043.81,534,0.543,125146.01,Unemployed,Personal,1,0,2,0
LN100169,22,206508.97,599,0.743,192792.49,Employed,Vehicle,10,1,0,0
LN100170,26,298753.99,750,0.39,195769.73,Contract,Vehicle,9,0,0,0
LN100171,25,500441.29,712,0.137,59472.2,Employed,Vehicle,0,1,0,0
LN100172,58,196292.5,631,0.286,78353.95,Contract,Home,1,0,1,0
LN100173,56,746457.99,753,0.093,215458.07,Employed,Home,10,0,1,0
LN100174,55,205876.54,706,0.088,362625.91,Contract,Home,13,1,1,0
LN100175,43,206042.4,630,0.549,114619.34,Employed,Personal,13,0,2,0
LN100176,56,698775.23,638,0.174,73171.57,Employed,Business,12,1,1,0
LN100177,28,337000.89,675,0.333,328323.32,Employed,Vehicle,13,0,1,0
LN100178,65,221443.81,588,0.3,73198.35,Self-employed,Home,9,2,0,0
LN100179,45,275464.63,650,0.375,136225.45,Self-employed,Vehicle,2,0,1,0
LN100180,66,631421.07,673,0.246,83297.75,Employed,Personal,8,0,0,0
LN100181,28,671956.78,523,0.256,131023.63,Employed,Vehicle,5,1,0,0
LN100182,45,191434.6,636,0.53,59497.63,Contract,Personal,4,0,2,0
LN100183,55,293079.49,627,0.552,86224.19,Self-employed,Home,1,3,3,0
LN100184,45,315250.87,727,0.317,73166.46,Self-employed,Personal,0,1,0,0
LN100185,42,174399.81,512,0.185,169175.26,Employed,Personal,12,0,0,0
LN100186,29,290951.24,621,0.337,122311.34,Employed,Vehicle,2,0,1,0
LN100187,39,300879.56,614,0.117,194924.22,Employed,Business,10,0,3,0
LN100188,32,561660.56,722,0.359,64311.37,Employed,Education,4,2,1,0
LN100189,35,582812.92,647,0.576,96061.37,Contract,Home,7,0,1,0
LN100190,54,250314.29,785,0.24,165132.94,Employed,Education,6,1,3,0
LN100191,51,266695.68,700,0.679,192219.02,Employed,Vehicle,4,3,0,0
LN100192,50,432310.14,619,0.306,42979.39,Employed,Business,7,1,0,0
LN100193,38,217441.28,668,0.403,135239.57,Employed,Vehicle,12,1,1,0
LN100194,68,414691.37,623,0.451,64836.44,Self-employed,Business,8,1,1,0
LN100195,25,285840.48,714,0.276,198646.33,Self-employed,Personal,12,0,1,0
LN100196,37,176022.75,550,0.115,368635.59,Contract,Personal,14,0,1,1
LN100197,26,177243.11,588,0.243,20140.52,Employed,Home,7,0,2,0
LN100198,37,664918.69,684,0.338,71816.49,Contract,Home,12,1,0,0
LN100199,68,275269.51,742,0.554,130572.86,Unemployed,Business,1,0,0,0
LN100200,38,739502.18,485,0.223,109725.48,Unemployed,Education,9,0,1,0
LN100201,65,226169.01,753,0.334,202604.03,Employed,Business,7,0,1,0
LN100202,45,352110.6,639,0.504,115800.89,Employed,Education,0,1,1,1
LN100203,55,1118512.18,509,0.27,77956.32,Contract,Education,14,1,3,0
LN100204,43,167707.23,425,0.62,56671.14,Self-employed,Business,11,0,0,1
LN100205,34,105634.44,535,0.223,50801.87,Employed,Personal,9,2,1,0
LN100206,58,608749.62,649,0.092,67876.71,Contract,Vehicle,11,0,1,0
LN100207,68,190382.93,645,0.308,76185.16,Contract,Personal,12,0,3,0
LN100208,33,296602.83,697,0.166,141163.59,Contract,Vehicle,12,0,2,0
LN100209,59,217354.02,609,0.144,99345.92,Employed,Education,4,0,2,0
LN100210,33,347676.35,567,0.32,72052.81,Self-employed,Vehicle,6,1,2,0
LN100211,56,177858.37,619,0.265,57078.34,Self-employed,Business,5,0,1,0
LN100212,59,271731.77,653,0.625,69670.15,Employed,Business,14,2,2,0
LN100213,43,384206.78,667,0.123,76237.92,Contract,Business,1,1,0,0
LN100214,57,172295.77,591,0.145,67639.94,Employed,Vehicle,14,1,1,0
LN100215,34,204125.76,718,0.468,170375.3,Employed,Personal,5,1,0,0
LN100216,24,247824.77,603,0.107,267657.78,Contract,Vehicle,12,2,2,0
LN100217,25,136719.86,585,0.349,51215.37,Employed,Vehicle,2,1,2,1
LN100218,42,237786.67,609,0.118,227692.36,Employed,Personal,13,0,0,0
LN100219,65,320255.97,731,0.469,172618.55,Contract,Home,8,0,1,0
LN100220,27,240815.37,640,0.222,123642.58,Contract,Home,15,1,0,0
LN100221,43,258404.3,598,0.214,296726.88,Contract,Personal,6,2,0,0
LN100222,55,296734.13,719,0.23,98475.33,Employed,Personal,15,1,1,0
LN100223,30,209165.03,811,0.267,142838.33,Self-employed,Vehicle,13,0,2,0
LN100224,56,438722.41,666,0.097,119211.69,Employed,Personal,0,3,4,0
LN100225,35,660878.79,743,0.187,113585.85,Employed,Business,6,1,0,0
LN100226,60,232379.84,728,0.074,148239.54,Employed,Home,6,0,1,0
LN100227,49,391756.9,605,0.122,113369.74,Employed,Personal,3,0,2,0
LN100228,47,262957.66,652,0.241,148927.08,Self-employed,Education,14,0,0,0
LN100229,29,366794.05,554,0.235,71171.84,Employed,Vehicle,1,0,1,0
LN100230,43,709784.37,635,0.577,72631.85,Contract,Home,4,1,1,0
LN100231,62,396844.78,603,0.107,70962.18,Unemployed,Vehicle,4,2,1,0
LN100232,21,113114.94,620,0.593,86778.77,Employed,Personal,6,4,0,0
LN100233,58,385091.15,594,0.302,212536.84,Contract,Education,11,1,1,0
LN100234,45,591024.54,628,0.484,81454.72,Self-employed,Home,0,2,4,1
LN100235,56,265576.94,690,0.279,168103.51,Employed,Vehicle,10,0,2,0
LN100236,53,518729.02,641,0.531,130715.14,Employed,Business,6,0,2,0
LN100237,42,205247.98,510,0.444,82562.56,Self-employed,Vehicle,9,0,3,1
LN100238,36,132520.31,594,0.229,257610.57,Employed,Home,0,0,2,0
LN100239,51,324221.02,536,0.102,177496.81,Self-employed,Business,13,0,1,0
LN100240,27,114173.62,668,0.057,110127.49,Employed,Vehicle,9,0,0,0
LN100241,49,262935.41,688,0.312,104348.92,Employed,Personal,4,2,0,1
LN100242,25,608834.04,669,0.202,116909.79,Employed,Home,12,2,0,0
LN100243,52,104942.53,591,0.388,40702.15,Employed,Vehicle,7,2,1,0
LN100244,51,148421.95,669,0.618,64344.77,Self-employed,Vehicle,6,2,2,1
LN100245,25,170062.28,615,0.384,148578.8,Self-employed,Business,2,0,1,0
LN100246,58,289732.06,565,0.125,39313.93,Employed,Personal,7,3,1,0
LN100247,41,245338.34,706,0.174,67661.98,Contract,Vehicle,3,0,3,0
LN100248,59,647622.19,711,0.291,85227.71,Employed,Personal,11,0,1,0
LN100249,23,507082.67,721,0.502,726222.09,Self-employed,Personal,5,1,0,1
LN100250,29,393933.69,604,0.292,170444.47,Employed,Education,1,0,0,0
LN100251,45,325017.54,738,0.466,224472.35,Employed,Education,11,1,2,0
LN100252,30,372433.63,613,0.12,65178.83,Contract,Education,13,1,2,1
LN100253,37,186735.31,699,0.188,139186.77,Contract,Home,13,0,0,0
LN100254,53,480702.3,612,0.52,35035.68,Employed,Personal,7,0,1,0
LN100255,28,162740.7,633,0.216,88728.47,Employed,Personal,4,1,1,0
LN100256,54,474964.38,468,0.33,152775.3,Self-employed,Business,3,1,0,0
LN100257,26,576030.64,627,0.514,43774.64,Employed,Personal,6,0,0,0
LN100258,29,336890.52,657,0.182,142027.31,Contract,Personal,1,0,1,1
LN100259,49,272289.35,619,0.225,149893.76,Employed,Personal,14,2,1,0
LN100260,59,373886.74,782,0.141,74355.17,Employed,Business,3,0,0,0
LN100261,29,62174.65,563,0.288,63934.38,Employed,Personal,12,0,2,0
LN100262,35,354257.66,608,0.196,69101.28,Employed,Personal,6,0,4,0
LN100263,66,281867.69,582,0.443,87791.4,Contract,Personal,11,1,0,0
LN100264,69,291761.59,608,0.331,89530.31,Self-employed,Vehicle,14,0,1,0
LN100265,49,442471.19,727,0.299,153197.21,Employed,Education,6,2,2,0
LN100266,42,287913.35,761,0.245,77720.47,Employed,Personal,15,0,3,0
LN100267,37,160239.36,597,0.099,311644.26,Employed,Home,5,0,2,0
LN100268,51,277552.75,596,0.433,310178.72,Self-employed,Education,4,2,2,0
LN100269,49,311356.32,563,0.328,128253.81,Employed,Home,11,0,2,0
LN100270,35,319576.32,748,0.229,87923.59,Employed,Vehicle,2,0,1,0
LN100271,22,327942.45,734,0.344,77777.14,Self-employed,Education,1,0,2,0
LN100272,28,531357.71,642,0.16,135148.4,Self-employed,Vehicle,5,1,0,0
LN100273,67,165085.49,545,0.345,151425.69,Unemployed,Personal,8,1,2,0
LN100274,41,330437.56,552,0.515,96527.46,Employed,Personal,7,1,3,0
LN100275,44,609868.77,663,0.294,85195.29,Employed,Vehicle,0,1,0,0
LN100276,43,115554.95,691,0.238,138346.79,Employed,Home,8,1,0,0
LN100277,59,331155.53,495,0.244,115048.91,Contract,Vehicle,9,1,2,0
LN100278,24,217418.55,626,0.548,75838.1,Employed,Education,4,0,2,0
LN100279,25,244665.45,771,0.177,118386.66,Employed,Personal,9,2,2,0
LN100280,34,182388.38,634,0.241,74221.61,Employed,Personal,5,2,2,0
LN100281,44,273288.93,762,0.291,67484.79,Employed,Home,0,2,2,1
LN100282,53,825899.47,699,0.071,109644.7,Employed,Education,11,0,0,0
LN100283,45,149656.97,569,0.254,75712.65,Self-employed,Business,6,0,1,0
LN100284,42,157668.85,628,0.516,68308.3,Employed,Business,15,3,1,0
LN100285,66,146601.56,640,0.075,217064.49,Self-employed,Personal,3,1,2,0
LN100286,28,775775.0,579,0.173,85246.49,Contract,Vehicle,0,3,0,0
LN100287,49,232640.8,577,0.193,364550.63,Employed,Home,12,3,2,0
LN100288,47,295799.24,763,0.148,165305.57,Employed,Vehicle,13,0,1,0
LN100289,44,240387.42,577,0.145,64523.09,Unemployed,Vehicle,14,0,0,0
LN100290,60,178457.4,731,0.2,233766.82,Employed,Personal,15,1,2,0
LN100291,34,263604.43,617,0.526,69039.42,Employed,Home,5,0,1,0
LN100292,67,1159583.84,648,0.135,396690.45,Employed,Business,10,2,1,0
LN100293,37,645110.41,692,0.136,127422.18,Employed,Personal,0,1,4,0
LN100294,47,187666.54,605,0.184,156514.58,Self-employed,Business,6,1,1,0
LN100295,46,428353.26,693,0.636,112235.54,Self-employed,Business,14,1,1,0
LN100296,62,189890.0,497,0.362,130752.22,Employed,Vehicle,10,2,1,1
LN100297,42,112931.37,683,0.335,94780.06,Employed,Personal,13,0,1,0
LN100298,34,525585.82,465,0.515,60262.19,Employed,Business,15,0,1,1
LN100299,22,567836.51,633,0.201,137176.6,Employed,Home,12,1,4,0
LN100300,38,533314.45,714,0.248,214133.56,Self-employed,Home,10,0,1,0
LN100301,61,231679.88,697,0.053,50732.3,Self-employed,Vehicle,5,1,2,0
LN100302,21,273706.35,553,0.302,299402.36,Contract,Vehicle,8,2,2,0
LN100303,64,453118.43,562,0.264,162588.02,Employed,Personal,1,1,1,0
LN100304,47,372078.66,598,0.442,82805.13,Employed,Vehicle,9,0,1,0
LN100305,27,241599.61,664,0.132,81848.9,Contract,Vehicle,15,0,0,0
LN100306,35,123136.44,498,0.61,369513.01,Employed,Personal,2,1,2,0
LN100307,48,319390.29,649,0.643,202482.09,Employed,Personal,7,1,1,0
LN100308,36,543069.76,673,0.205,230791.25,Contract,Vehicle,14,1,2,0
LN100309,26,155261.21,629,0.081,93437.26,Self-employed,Personal,5,1,1,0
LN100310,53,426281.59,689,0.238,157837.45,Employed,Business,9,0,1,0
LN100311,53,360009.5,667,0.485,138044.55,Self-employed,Vehicle,12,1,1,0
LN100312,26,453213.82,609,0.552,98195.24,Employed,Education,12,0,0,0
LN100313,34,484621.9,505,0.508,118095.96,Employed,Home,10,0,0,0
LN100314,32,204757.55,660,0.542,226334.42,Employed,Personal,1,3,1,0
LN100315,53,123279.58,579,0.123,311131.26,Employed,Business,0,0,1,0
LN100316,56,223709.14,607,0.097,93410.85,Employed,Home,12,0,0,0
LN100317,56,489215.21,686,0.152,46852.0,Self-employed,Business,15,2,1,0
LN100318,66,222667.66,756,0.45,320158.37,Employed,Home,4,1,1,0
LN100319,58,204805.07,647,0.475,322783.89,Employed,Business,8,2,2,0
LN100320,36,110171.67,692,0.437,142698.25,Self-employed,Education,1,1,2,1
LN100321,26,786614.76,542,0.291,352725.63,Employed,Vehicle,3,0,0,1
LN100322,51,472446.72,668,0.079,136105.5,Contract,Business,7,0,0,0
LN100323,65,458163.11,646,0.183,60921.86,Self-employed,Personal,0,2,1,1
LN100324,68,510827.23,742,0.42,46880.22,Employed,Home,9,1,1,0
LN100325,32,411978.87,609,0.158,46589.86,Employed,Personal,8,0,0,0
LN100326,32,262277.11,632,0.216,110326.3,Employed,Home,1,0,1,0
LN100327,22,274160.09,729,0.405,81241.05,Self-employed,Business,9,1,0,0
LN100328,27,237133.22,643,0.356,75506.91,Employed,Home,7,1,2,0
LN100329,48,1277793.31,567,0.353,102615.71,Self-employed,Education,1,0,1,1
LN100330,47,407293.51,841,0.351,192127.99,Employed,Education,3,1,0,0
LN100331,39,232453.97,569,0.337,77086.25,Employed,Education,8,2,2,0
LN100332,36,387534.82,645,0.441,69094.46,Employed,Education,12,1,0,0
LN100333,61,172053.34,676,0.169,80465.09,Employed,Vehicle,6,0,2,0
LN100334,43,686263.16,670,0.274,200152.97,Employed,Personal,10,1,1,0
LN100335,60,208553.26,636,0.155,105105.93,Self-employed,Home,7,1,0,0
LN100336,68,395195.06,636,0.062,131949.65,Employed,Personal,13,1,0,0
LN100337,36,539191.16,632,0.275,301854.67,Employed,Home,15,0,1,1
LN100338,30,370704.47,566,0.882,698271.49,Contract,Business,6,3,4,0
LN100339,67,315999.61,811,0.294,166789.44,Employed,Personal,4,1,2,0
LN100340,52,301787.65,634,0.201,156391.46,Employed,Personal,9,1,2,0
LN100341,35,290830.28,695,0.175,50934.36,Employed,Vehicle,14,0,2,0
LN100342,51,218458.99,625,0.595,139772.41,Employed,Business,9,0,1,0
LN100343,46,234291.62,623,0.232,114523.19,Employed,Personal,5,1,2,0
LN100344,65,676922.76,616,0.49,196456.64,Unemployed,Business,12,0,1,0
LN100345,33,282615.5,534,0.242,85266.35,Employed,Home,2,1,2,1
LN100346,69,194726.21,638,0.089,125329.52,Employed,Personal,4,0,1,0
LN100347,66,225838.2,619,0.428,163021.38,Employed,Personal,2,0,1,0
LN100348,29,549487.68,738,0.145,377863.51,Contract,Business,14,0,1,0
LN100349,29,435008.74,560,0.073,303970.92,Employed,Vehicle,15,1,1,0
LN100350,47,408284.21,607,0.472,250492.1,Contract,Vehicle,15,0,0,0
LN100351,23,260380.97,583,0.114,176462.41,Employed,Business,0,0,1,0
LN100352,35,411221.43,758,0.297,83106.1,Contract,Vehicle,14,1,0,0
LN100353,42,210571.2,585,0.345,176395.83,Contract,Personal,3,0,1,0
LN100354,68,260081.43,692,0.263,66586.79,Employed,Vehicle,15,1,1,0
LN100355,69,511411.7,723,0.378,96200.84,Unemployed,Business,5,0,1,0
LN100356,28,485235.92,639,0.286,349470.83,Contract,Education,4,0,1,0
LN100357,64,174815.66,547,0.192,156048.75,Employed,Vehicle,10,1,0,0
LN100358,25,187399.54,548,0.255,127490.12,Employed,Personal,12,0,1,0
LN100359,57,318482.86,714,0.224,138613.91,Self-employed,Home,6,1,3,0
LN100360,62,775226.53,555,0.26,103491.79,Contract,Home,13,2,4,0
LN100361,64,104608.17,679,0.194,27090.91,Self-employed,Personal,0,0,1,0
LN100362,31,349626.55,659,0.48,48357.86,Self-employed,Vehicle,14,1,1,0
LN100363,64,140746.25,678,0.105,164298.57,Employed,Home,8,0,1,0
LN100364,26,211642.9,685,0.566,60468.71,Contract,Education,8,1,0,0
LN100365,46,245512.25,580,0.153,102570.42,Employed,Vehicle,14,1,2,0
LN100366,44,238055.27,577,0.362,49533.16,Self-employed,Business,0,1,2,1
LN100367,36,223675.13,704,0.227,68948.47,Employed,Personal,14,1,2,0
LN100368,22,301191.52,603,0.512,109695.72,Self-employed,Business,3,0,0,0
LN100369,58,223495.64,444,0.346,200535.2,Contract,Personal,15,2,0,1
LN100370,37,134213.38,699,0.346,228444.47,Employed,Business,11,0,3,0
LN100371,53,460683.27,572,0.269,68235.58,Contract,Vehicle,5,1,2,0
LN100372,41,453893.31,685,0.198,134267.96,Contract,Personal,1,1,3,0
LN100373,39,477005.65,754,0.459,43551.83,Employed,Business,1,0,1,0
LN100374,64,128557.79,651,0.544,114108.22,Employed,Personal,1,0,3,0
LN100375,25,353607.47,725,0.439,204411.89,Employed,Business,1,0,0,0
LN100376,57,435097.81,662,0.225,105309.07,Employed,Business,9,1,0,0
LN100377,57,170139.95,769,0.651,258702.07,Contract,Home,13,1,3,0
LN100378,39,301517.41,570,0.382,189516.85,Employed,Education,12,1,0,0
LN100379,33,281416.51,649,0.218,128681.62,Self-employed,Vehicle,11,0,2,0
LN100380,21,826306.14,700,0.422,93519.71,Employed,Business,15,1,1,0
LN100381,66,864589.9,636,0.536,77724.15,Employed,Business,10,1,0,0
LN100382,67,120107.41,736,0.563,42640.39,Self-employed,Education,1,0,1,0
LN100383,32,1182566.47,618,0.032,47400.28,Employed,Home,7,0,2,0
LN100384,22,181346.28,805,0.041,210016.88,Contract,Vehicle,12,0,1,0
LN100385,27,514478.0,809,0.176,294235.18,Employed,Home,7,3,2,0
LN100386,24,511606.8,671,0.172,54478.52,Self-employed,Education,4,2,0,0
LN100387,61,173495.71,691,0.602,114985.02,Self-employed,Business,7,1,0,0
LN100388,64,393499.49,739,0.334,39530.5,Self-employed,Vehicle,12,1,0,0
LN100389,28,282771.43,561,0.214,58298.19,Self-employed,Personal,5,0,1,0
LN100390,57,406939.28,552,0.288,130238.77,Employed,Personal,5,0,0,1
LN100391,29,340580.75,744,0.45,78517.95,Self-employed,Personal,7,2,1,0
LN100392,38,579270.29,671,0.257,31656.85,Employed,Home,6,3,1,0
LN100393,50,312702.49,633,0.442,336212.19,Contract,Vehicle,3,0,3,0
LN100394,56,273541.06,651,0.244,106541.55,Employed,Vehicle,4,1,0,0
LN100395,63,548187.73,471,0.342,53657.26,Employed,Vehicle,1,0,2,0
LN100396,23,412815.29,636,0.38,119546.16,Employed,Home,12,0,1,0
LN100397,30,448666.5,594,0.341,104367.33,Employed,Education,3,1,0,1
LN100398,34,208150.17,719,0.056,144700.63,Employed,Personal,15,3,3,0
LN100399,36,168829.27,725,0.331,88197.16,Employed,Vehicle,15,0,1,1
LN100400,69,219540.19,693,0.151,134928.96,Employed,Personal,10,2,0,0
LN100401,59,213221.33,680,0.161,203129.51,Employed,Education,15,0,0,0
LN100402,36,462289.85,538,0.21,46696.1,Employed,Home,13,1,0,0
LN100403,68,513152.82,694,0.24,70095.96,Contract,Vehicle,12,0,6,1
LN100404,45,275465.07,697,0.392,189805.65,Contract,Vehicle,5,0,0,0
LN100405,45,659042.44,743,0.103,76867.26,Employed,Education,13,0,0,0
LN100406,42,636790.45,809,0.524,104312.71,Employed,Personal,5,0,2,0
LN100407,28,342973.05,523,0.298,81022.37,Employed,Vehicle,1,0,2,0
LN100408,66,190898.52,621,0.394,84374.41,Contract,Home,9,1,2,0
LN100409,21,713540.81,594,0.093,79843.83,Contract,Vehicle,1,0,0,0
LN100410,29,290099.2,663,0.104,48537.33,Employed,Home,1,0,2,0
LN100411,32,321556.52,651,0.28,148258.65,Employed,Personal,1,0,0,0
LN100412,34,248887.18,632,0.806,219417.75,Employed,Personal,14,1,1,0
LN100413,27,183901.04,727,0.504,98077.84,Employed,Personal,1,1,3,0
LN100414,21,133757.81,567,0.667,203900.32,Employed,Personal,6,0,2,0
LN100415,54,424902.64,572,0.32,79940.02,Self-employed,Vehicle,11,1,1,0
LN100416,68,194982.91,573,0.06,76930.7,Employed,Home,12,0,2,1
LN100417,26,1614086.84,623,0.17,143657.7,Employed,Education,0,1,1,0
LN100418,35,165081.95,558,0.174,145223.49,Self-employed,Personal,14,0,1,0
LN100419,45,150238.21,646,0.238,102226.12,Self-employed,Personal,15,0,2,0
LN100420,66,397167.76,638,0.394,170760.61,Employed,Personal,15,0,1,0
LN100421,55,695690.51,591,0.192,47652.99,Self-employed,Personal,10,2,1,0
LN100422,58,310848.85,716,0.227,90278.43,Employed,Personal,8,0,2,0
LN100423,49,410968.19,646,0.506,205945.58,Employed,Personal,2,0,2,1
LN100424,41,108834.83,730,0.475,205585.59,Employed,Business,1,1,0,0
LN100425,30,206675.75,635,0.361,189406.8,Employed,Home,13,0,3,1
LN100426,63,166216.94,648,0.452,213569.18,Employed,Home,13,3,2,0
LN100427,60,105795.42,608,0.337,86343.11,Self-employed,Education,13,0,1,0
LN100428,22,319936.2,649,0.576,36310.31,Contract,Vehicle,9,0,2,1
LN100429,56,87376.58,703,0.214,92969.29,Employed,Vehicle,9,0,2,0
LN100430,25,144976.94,619,0.366,166314.0,Employed,Personal,3,0,0,0
LN100431,57,223257.52,689,0.344,184955.31,Employed,Education,1,0,2,0
LN100432,61,189914.75,589,0.307,78132.33,Employed,Education,3,2,1,0
LN100433,27,373085.33,707,0.304,58631.38,Contract,Home,6,1,2,1
LN100434,42,354905.51,607,0.495,62548.94,Employed,Education,4,0,2,1
LN100435,27,490473.76,714,0.209,77253.77,Self-employed,Personal,8,0,0,0
LN100436,48,453771.39,655,0.213,32051.36,Employed,Vehicle,12,1,3,0
LN100437,66,561846.97,764,0.467,78087.94,Contract,Vehicle,11,2,0,0
LN100438,24,299683.63,563,0.366,113477.01,Employed,Education,13,0,1,0
LN100439,40,354493.24,539,0.438,103219.27,Employed,Business,4,0,3,1
LN100440,68,397468.23,604,0.144,88748.32,Employed,Home,14,1,1,0
LN100441,35,324307.99,546,0.117,70278.18,Self-employed,Vehicle,13,0,3,0
LN100442,27,241127.44,546,0.39,75804.35,Employed,Home,5,1,2,0
LN100443,44,249869.57,697,0.159,76680.65,Employed,Vehicle,4,0,1,0
LN100444,45,191354.05,650,0.285,173997.77,Employed,Personal,14,0,2,1
LN100445,53,378294.02,614,0.485,109933.6,Employed,Vehicle,15,0,3,0
LN100446,36,284881.73,621,0.302,861716.91,Employed,Vehicle,7,2,1,0
LN100447,67,208311.99,605,0.185,88629.2,Employed,Business,1,1,2,0
LN100448,46,208418.45,774,0.299,146217.89,Contract,Vehicle,9,1,0,0
LN100449,35,154171.12,595,0.552,89923.42,Contract,Education,13,0,1,0
LN100450,68,513959.88,551,0.312,88514.16,Employed,Business,7,0,1,0
LN100451,66,313256.45,710,0.037,303694.39,Employed,Education,2,1,1,0
LN100452,45,186651.35,634,0.244,210373.98,Employed,Home,11,0,2,0
LN100453,22,468007.23,803,0.295,35160.81,Contract,Home,12,0,0,0
LN100454,50,220420.18,611,0.442,56590.35,Employed,Business,13,1,2,1
LN100455,48,138408.18,713,0.357,100677.6,Employed,Business,13,1,1,0
LN100456,28,526080.76,731,0.374,78598.85,Self-employed,Vehicle,7,0,2,0
LN100457,52,223269.4,611,0.336,41267.19,Employed,Personal,5,0,2,0
LN100458,62,239580.14,594,0.135,118599.66,Employed,Home,2,0,1,1
LN100459,26,306872.23,706,0.138,32449.95,Employed,Vehicle,1,1,0,0
LN100460,56,562396.18,693,0.263,119446.63,Employed,Business,13,0,0,0
LN100461,27,303324.44,544,0.072,176790.46,Employed,Vehicle,15,0,2,0
LN100462,57,155130.71,565,0.337,193980.7,Unemployed,Home,10,1,3,1
LN100463,41,404606.43,460,0.185,100150.72,Employed,Education,15,0,1,1
LN100464,21,229760.65,695,0.105,293685.83,Contract,Business,4,2,3,0
LN100465,68,847372.73,630,0.418,136460.79,Employed,Personal,12,0,0,0
LN100466,29,299815.3,638,0.129,190617.12,Contract,Personal,6,1,0,0
LN100467,50,87751.85,523,0.383,68163.48,Self-employed,Personal,6,0,0,0
LN100468,29,365159.12,568,0.571,295758.42,Self-employed,Personal,10,0,1,0
LN100469,66,874201.82,614,0.157,109788.73,Contract,Business,2,1,0,0
LN100470,57,713754.19,600,0.194,306550.21,Employed,Personal,6,0,1,1
LN100471,60,821233.38,659,0.144,265942.47,Self-employed,Education,6,0,1,0
LN100472,42,171214.02,694,0.449,130053.39,Contract,Business,6,0,3,0
LN100473,43,495449.93,820,0.309,143190.64,Employed,Vehicle,11,0,2,0
LN100474,52,201680.64,648,0.185,97858.43,Employed,Education,4,0,1,0
LN100475,59,339387.2,734,0.473,64586.89,Unemployed,Business,2,1,0,0
LN100476,62,148957.14,588,0.246,161961.59,Contract,Business,9,1,1,0
LN100477,21,210467.62,524,0.142,156664.68,Employed,Vehicle,0,0,1,1
LN100478,53,206819.57,624,0.245,38410.97,Contract,Education,15,0,0,0
LN100479,26,491758.57,530,0.226,104237.71,Contract,Personal,14,0,0,1
LN100480,35,465996.44,651,0.081,193386.29,Employed,Education,6,0,0,0
LN100481,61,349335.69,591,0.063,285205.36,Employed,Vehicle,11,0,1,0
LN100482,33,142743.7,503,0.079,176255.76,Employed,Home,8,0,4,0
LN100483,60,252744.93,780,0.105,41028.09,Employed,Home,11,2,2,0
LN100484,43,199022.6,610,0.338,55428.36,Employed,Vehicle,3,0,1,0
LN100485,32,484009.31,527,0.176,87845.73,Unemployed,Vehicle,15,0,2,0
LN100486,37,573515.03,717,0.165,273064.53,Self-employed,Personal,14,1,3,0
LN100487,47,536354.08,595,0.132,74134.48,Contract,Home,8,0,0,0
LN100488,58,198028.67,732,0.319,218890.22,Employed,Home,14,1,3,1
LN100489,50,66489.18,595,0.361,73364.79,Employed,Education,5,0,0,0
LN100490,66,113517.09,609,0.396,155505.63,Employed,Home,12,1,1,0
LN100491,63,655682.92,676,0.449,59707.75,Self-employed,Business,14,0,2,0
LN100492,57,240589.52,694,0.523,96979.7,Employed,Vehicle,11,1,0,0
LN100493,50,198518.83,708,0.117,52716.73,Employed,Personal,15,0,4,0
LN100494,35,740440.76,643,0.562,281039.45,Contract,Vehicle,3,0,1,0
LN100495,41,601616.65,690,0.162,70023.18,Employed,Business,0,0,0,0
LN100496,26,304061.28,706,0.349,40238.94,Employed,Education,8,1,1,0
LN100497,39,255292.71,665,0.268,38220.59,Employed,Business,5,2,1,0
LN100498,66,278976.29,639,0.05,104058.06,Unemployed,Education,10,1,3,0
LN100499,41,339923.98,542,0.575,81674.03,Employed,Personal,5,0,0,0
LN100500,26,723288.72,695,0.57,167695.66,Employed,Home,13,0,0,0
LN100501,52,378471.04,653,0.249,94410.73,Unemployed,Vehicle,1,2,1,0
LN100502,68,447241.38,619,0.67,234711.81,Unemployed,Vehicle,15,0,2,0
LN100503,63,570709.91,746,0.282,85623.51,Employed,Personal,3,0,1,0
LN100504,34,157663.13,543,0.384,214367.89,Contract,Education,5,0,2,0
LN100505,43,454390.3,773,0.342,59223.49,Contract,Personal,0,1,1,0
LN100506,47,255129.09,648,0.456,41401.36,Employed,Vehicle,10,1,4,0
LN100507,33,75183.37,674,0.46,64412.67,Self-employed,Home,11,1,2,0
LN100508,34,93064.17,620,0.527,52815.12,Employed,Personal,14,1,1,0
LN100509,32,171368.77,525,0.232,49110.37,Contract,Vehicle,1,1,1,1
LN100510,69,401800.32,640,0.233,143933.92,Employed,Vehicle,7,0,0,0
LN100511,57,319377.0,675,0.779,92635.7,Self-employed,Business,14,2,1,1
LN100512,62,332016.33,701,0.551,120618.71,Contract,Home,0,0,2,0
LN100513,61,877258.22,635,0.755,154994.17,Employed,Personal,9,0,2,0
LN100514,67,149273.95,486,0.053,36773.5,Self-employed,Home,3,0,1,0
LN100515,26,295507.47,534,0.269,159323.25,Employed,Personal,5,1,1,0
LN100516,64,354682.14,804,0.225,50254.36,Employed,Education,12,0,0,0
LN100517,24,200103.01,568,0.557,75606.89,Contract,Personal,12,0,1,0
LN100518,44,304710.51,757,0.374,32155.99,Contract,Personal,0,0,2,0
LN100519,50,124438.34,580,0.347,168335.23,Self-employed,Home,10,0,1,0
LN100520,38,651469.7,636,0.297,36693.13,Contract,Vehicle,6,2,0,0
LN100521,28,206209.88,697,0.298,50421.09,Employed,Vehicle,12,3,2,0
LN100522,30,916949.65,588,0.146,52855.01,Employed,Personal,13,1,1,0
LN100523,61,294689.3,769,0.177,101168.39,Contract,Vehicle,14,0,1,0
LN100524,36,528061.07,656,0.315,99181.88,Contract,Education,1,0,2,0
LN100525,36,291332.7,685,0.388,186459.51,Employed,Vehicle,12,0,2,0
LN100526,66,294969.91,630,0.222,102771.72,Employed,Education,15,2,3,1
LN100527,28,217579.94,699,0.659,206073.13,Self-employed,Vehicle,12,2,1,1
LN100528,65,320313.64,768,0.313,140757.88,Employed,Business,6,0,2,0
LN100529,66,357337.87,640,0.068,59496.58,Contract,Business,11,2,2,0
LN100530,50,194890.97,780,0.489,71293.41,Employed,Vehicle,1,0,0,0
LN100531,29,280061.17,604,0.443,293641.48,Employed,Business,6,1,2,0
LN100532,28,214482.49,707,0.407,244278.83,Employed,Personal,13,2,2,0
LN100533,34,1062731.45,687,0.296,187941.64,Self-employed,Vehicle,10,0,2,0
LN100534,49,285553.83,570,0.292,204700.59,Unemployed,Education,4,1,1,0
LN100535,28,701808.21,666,0.228,148831.08,Employed,Vehicle,9,2,3,0
LN100536,43,269398.1,651,0.55,136769.87,Unemployed,Personal,0,0,0,0
LN100537,26,345983.36,586,0.193,113612.67,Employed,Business,15,3,0,0
LN100538,47,145043.29,677,0.345,331866.36,Employed,Personal,8,0,2,0
LN100539,22,234602.49,661,0.359,81324.91,Contract,Personal,8,1,0,0
LN100540,55,336829.39,645,0.291,128595.96,Employed,Personal,5,1,0,1
LN100541,23,717723.63,645,0.36,36237.87,Employed,Education,3,1,1,0
LN100542,30,338956.91,643,0.564,43402.38,Self-employed,Education,5,1,1,0
LN100543,29,642154.34,622,0.153,357929.42,Employed,Education,7,1,2,0
LN100544,61,426743.65,660,0.189,164249.65,Contract,Personal,6,0,2,0
LN100545,23,734252.67,602,0.245,95796.52,Employed,Personal,6,1,0,0
LN100546,42,290414.51,849,0.069,115745.21,Employed,Home,8,1,3,0
LN100547,49,1117003.54,544,0.32,45499.48,Employed,Home,7,0,2,0
LN100548,46,229709.29,606,0.297,83279.5,Employed,Vehicle,4,0,0,0
LN100549,54,196807.97,612,0.458,42635.68,Self-employed,Personal,9,1,1,1
LN100550,60,154200.45,803,0.502,90788.43,Employed,Vehicle,3,0,0,0
LN100551,40,1081220.79,551,0.204,171175.39,Contract,Vehicle,15,0,0,0
LN100552,61,470821.31,682,0.231,147691.56,Employed,Business,10,0,1,0
LN100553,36,249639.05,669,0.293,309020.61,Employed,Business,4,0,1,0
LN100554,69,596300.63,675,0.506,133227.35,Self-employed,Education,11,0,1,0
LN100555,45,437909.9,743,0.151,21965.36,Employed,Personal,15,1,0,1
LN100556,57,884615.05,741,0.319,390885.21,Employed,Vehicle,12,0,1,0
LN100557,63,128056.86,616,0.085,63690.13,Employed,Personal,12,2,1,0
LN100558,59,259260.78,665,0.072,122223.03,Employed,Vehicle,3,0,2,0
LN100559,62,232617.56,510,0.096,117527.07,Employed,Education,2,0,1,0
LN100560,47,101317.28,657,0.325,128646.01,Contract,Personal,8,0,2,0
LN100561,23,537518.1,590,0.159,113490.44,Employed,Vehicle,4,0,2,0
LN100562,45,258543.61,636,0.137,114797.53,Employed,Personal,1,2,2,0
LN100563,29,450599.82,524,0.169,46591.41,Employed,Vehicle,14,1,0,0
LN100564,64,1098451.83,680,0.347,591120.07,Contract,Home,5,1,1,0
LN100565,32,247027.2,523,0.476,167991.6,Employed,Business,12,1,2,1
LN100566,32,237970.88,661,0.351,113772.73,Employed,Vehicle,11,0,3,0
LN100567,33,320232.65,558,0.151,364196.61,Employed,Vehicle,2,0,1,0
LN100568,52,516341.58,586,0.07,54802.15,Self-employed,Education,3,2,2,0
LN100569,48,219662.07,737,0.02,193433.47,Employed,Vehicle,9,0,1,0
LN100570,67,212035.48,694,0.394,76678.59,Contract,Personal,9,3,0,0
LN100571,41,536591.22,736,0.139,142878.8,Employed,Vehicle,4,1,1,0
LN100572,34,369456.9,767,0.459,144947.93,Contract,Business,2,0,0,0
LN100573,23,97434.65,592,0.621,24089.29,Contract,Vehicle,10,1,1,1
LN100574,21,152905.03,762,0.559,43375.67,Self-employed,Vehicle,3,0,0,0
LN100575,39,685029.7,540,0.224,308482.73,Self-employed,Education,2,1,0,1
LN100576,66,374219.69,706,0.494,93370.26,Self-employed,Home,6,1,1,0
LN100577,46,197270.27,613,0.087,404037.41,Contract,Home,5,1,2,0
LN100578,64,273159.85,580,0.338,257768.5,Employed,Vehicle,6,1,2,0
LN100579,25,302192.02,696,0.276,95325.92,Contract,Home,6,0,1,0
LN100580,25,449634.86,721,0.071,90012.27,Employed,Personal,9,0,1,0
LN100581,61,142129.36,719,0.203,321163.72,Contract,Business,8,0,0,0
LN100582,26,188908.06,666,0.419,431575.87,Employed,Vehicle,0,1,1,0
LN100583,23,348594.08,660,0.136,91303.52,Self-employed,Education,3,1,2,0
LN100584,40,283971.38,690,0.35,298953.36,Employed,Personal,8,1,2,0
LN100585,66,410881.57,673,0.281,214861.24,Employed,Home,11,0,0,0
LN100586,54,152559.31,691,0.126,240359.59,Employed,Education,0,0,0,0
LN100587,25,365111.67,665,0.1,117474.96,Self-employed,Business,12,0,2,0
LN100588,62,546838.47,713,0.363,71051.77,Employed,Home,1,0,1,0
LN100589,62,392106.18,528,0.19,55430.88,Contract,Home,10,0,1,0
LN100590,60,323854.37,640,0.256,47120.46,Contract,Vehicle,3,1,2,0
LN100591,65,284589.13,546,0.365,380908.1,Contract,Education,14,2,1,0
LN100592,32,189542.7,671,0.37,110785.34,Contract,Business,11,2,0,0
LN100593,68,288352.37,773,0.137,52267.58,Employed,Vehicle,12,1,4,0
LN100594,36,599814.65,614,0.134,211042.22,Contract,Vehicle,12,2,1,0
LN100595,60,280989.36,660,0.336,80577.01,Employed,Vehicle,0,0,3,0
LN100596,49,183899.66,707,0.572,72048.99,Employed,Business,13,1,3,0
LN100597,59,228845.38,495,0.338,421865.65,Employed,Education,1,1,2,0
LN100598,51,335040.07,611,0.395,46317.67,Employed,Vehicle,8,0,0,0
LN100599,52,244288.47,677,0.537,128157.65,Employed,Home,10,2,1,0
LN100600,51,391779.54,433,0.157,74917.11,Employed,Home,14,1,2,0
LN100601,59,399952.8,577,0.595,67535.45,Unemployed,Business,11,1,0,0
LN100602,57,489176.43,733,0.247,42477.51,Employed,Education,11,1,0,0
LN100603,27,656380.19,725,0.334,114343.8,Contract,Home,15,1,3,0
LN100604,61,518792.9,678,0.234,62330.12,Contract,Business,0,1,3,0
LN100605,47,179459.76,716,0.312,161559.91,Contract,Business,0,2,4,0
LN100606,36,182516.13,666,0.349,106689.83,Contract,Vehicle,3,2,1,0
LN100607,46,287754.64,692,0.482,89772.07,Unemployed,Vehicle,3,1,0,0
LN100608,68,234073.7,626,0.116,62547.51,Employed,Business,7,2,1,0
LN100609,63,160405.15,659,0.423,278784.54,Employed,Home,13,0,3,1
LN100610,61,235297.81,603,0.401,177447.12,Employed,Vehicle,6,1,2,0
LN100611,43,231088.41,745,0.652,70640.79,Employed,Vehicle,14,3,2,1
LN100612,59,207320.56,764,0.283,45467.47,Employed,Personal,10,1,3,0
LN100613,39,252168.69,753,0.681,32242.56,Employed,Vehicle,7,0,2,0
LN100614,54,573598.94,619,0.084,230386.9,Unemployed,Vehicle,12,2,1,0
LN100615,52,334743.11,578,0.102,198629.8,Employed,Personal,7,0,1,1
LN100616,33,1168267.86,746,0.567,217185.33,Contract,Business,0,0,2,0
LN100617,34,329495.26,691,0.167,101727.03,Employed,Home,13,0,0,0
LN100618,23,255761.74,675,0.394,185747.49,Self-employed,Home,2,0,2,0
LN100619,27,300682.7,602,0.356,214467.13,Employed,Personal,7,1,2,0
LN100620,42,345451.78,682,0.491,105121.14,Unemployed,Vehicle,2,0,1,0
LN100621,44,381142.05,569,0.508,87154.65,Self-employed,Personal,12,0,2,0
LN100622,29,940088.2,698,0.639,58317.14,Employed,Home,10,0,2,0
LN100623,41,188454.43,753,0.195,145107.83,Contract,Personal,15,0,0,0
LN100624,50,481187.88,772,0.311,158217.29,Employed,Vehicle,13,3,0,0
LN100625,32,336314.02,703,0.16,84456.18,Contract,Vehicle,4,0,1,0
LN100626,37,126428.73,546,0.198,91176.6,Employed,Home,4,1,4,1
LN100627,39,458365.46,665,0.291,95510.73,Employed,Home,4,0,0,0
LN100628,45,602432.38,810,0.219,183972.64,Employed,Education,2,0,1,0
LN100629,38,187229.56,585,0.164,45022.78,Self-employed,Education,15,2,2,1
LN100630,57,298529.53,646,0.368,53627.69,Contract,Personal,1,1,1,0
LN100631,37,116144.79,756,0.156,54312.04,Self-employed,Personal,6,0,1,0
LN100632,42,150120.59,696,0.414,99876.52,Employed,Vehicle,4,1,2,0
LN100633,39,533894.76,836,0.401,135018.33,Employed,Personal,0,0,0,0
LN100634,29,232119.75,595,0.321,54910.86,Employed,Home,13,1,1,0
LN100635,54,163031.08,576,0.242,198608.23,Employed,Personal,8,2,0,0
LN100636,32,340353.8,742,0.104,284633.53,Employed,Education,14,0,0,0
LN100637,35,225079.94,560,0.276,143947.52,Employed,Vehicle,9,0,2,0
LN100638,59,231558.04,635,0.359,228216.32,Employed,Personal,7,0,3,0
LN100639,67,450524.2,645,0.16,60680.27,Self-employed,Business,3,1,1,0
LN100640,53,158353.38,728,0.382,61626.78,Employed,Vehicle,9,0,4,0
LN100641,65,182332.44,696,0.519,153697.43,Contract,Personal,11,2,1,0
LN100642,62,326531.52,684,0.451,107288.19,Contract,Vehicle,0,0,0,0
LN100643,44,511300.69,620,0.736,61552.3,Contract,Vehicle,3,1,1,0
LN100644,58,592748.76,741,0.254,277761.08,Contract,Vehicle,5,2,5,0
LN100645,37,208095.8,850,0.328,133579.13,Employed,Vehicle,1,1,1,0
LN100646,43,502371.46,702,0.26,173624.36,Unemployed,Vehicle,1,1,3,0
LN100647,47,194903.43,657,0.126,70967.14,Employed,Personal,3,3,1,0
LN100648,68,819092.99,553,0.223,327805.64,Employed,Vehicle,5,1,2,0
LN100649,62,160807.57,602,0.046,99397.45,Contract,Education,8,0,1,0
LN100650,44,622937.27,634,0.473,213335.76,Contract,Home,13,0,1,0
LN100651,52,209079.62,610,0.204,75312.21,Employed,Home,13,0,1,0
LN100652,30,907839.88,649,0.328,122744.07,Contract,Education,6,1,1,1
LN100653,60,415303.21,783,0.154,158075.66,Self-employed,Education,8,0,0,0
LN100654,48,171566.92,744,0.318,402419.46,Employed,Education,0,1,0,0
LN100655,47,225101.48,638,0.291,82653.55,Contract,Personal,13,0,1,0
LN100656,58,461015.72,559,0.356,125479.96,Employed,Personal,3,0,3,0
LN100657,52,535251.59,750,0.138,161610.04,Contract,Home,1,2,1,0
LN100658,24,288555.92,646,0.101,43852.61,Contract,Home,9,1,1,0
LN100659,35,307459.86,521,0.428,26766.72,Employed,Vehicle,5,0,1,0
LN100660,29,455263.62,703,0.132,57580.62,Contract,Vehicle,6,1,0,1
LN100661,57,322554.34,727,0.325,206262.02,Employed,Home,6,0,3,0
LN100662,22,147282.84,468,0.469,335675.48,Contract,Education,10,0,1,1
LN100663,30,191837.14,588,0.509,60372.87,Self-employed,Home,12,1,2,1
LN100664,50,341414.9,642,0.324,49879.47,Self-employed,Education,9,2,0,0
LN100665,55,585401.42,705,0.181,298289.73,Contract,Vehicle,9,0,0,0
LN100666,45,729655.72,611,0.499,76168.88,Self-employed,Business,12,0,5,0
LN100667,63,460597.08,588,0.225,86385.2,Employed,Business,12,0,3,0
LN100668,66,351353.34,705,0.019,283983.88,Employed,Business,2,0,2,0
LN100669,27,452881.32,615,0.354,255197.02,Self-employed,Personal,5,1,1,0
LN100670,67,207902.56,691,0.366,201869.8,Employed,Business,7,0,0,0
LN100671,51,275752.97,567,0.541,36162.55,Employed,Home,14,1,1,0
LN100672,52,190663.59,549,0.138,48544.67,Employed,Education,9,3,3,0
LN100673,25,150953.83,707,0.28,227878.05,Contract,Personal,13,0,1,0
LN100674,51,360407.17,669,0.603,135247.85,Self-employed,Education,12,2,0,0
LN100675,56,332225.78,719,0.098,66350.6,Contract,Home,14,1,0,0
LN100676,49,437900.34,610,0.223,87927.89,Employed,Personal,8,4,0,0
LN100677,25,405104.06,590,0.381,226471.9,Contract,Business,4,1,0,0
LN100678,46,342830.73,752,0.48,296909.39,Contract,Education,6,1,1,1
LN100679,66,407451.39,536,0.301,109573.74,Employed,Vehicle,0,1,3,0
LN100680,56,293039.31,744,0.316,70385.25,Employed,Home,10,0,2,0
LN100681,27,376482.94,749,0.308,91965.17,Unemployed,Home,9,1,1,0
LN100682,68,201220.85,715,0.6,263347.11,Unemployed,Personal,2,0,2,0
LN100683,67,367646.08,598,0.315,260024.81,Employed,Education,7,1,1,0
LN100684,29,433292.15,589,0.5,124804.18,Contract,Home,11,1,2,1
LN100685,60,207567.73,634,0.293,77969.07,Contract,Business,12,0,2,0
LN100686,40,308675.37,553,0.343,222355.51,Employed,Vehicle,12,0,1,1
LN100687,50,212895.43,578,0.112,315890.08,Employed,Personal,1,0,0,0
LN100688,42,224573.67,698,0.313,42764.18,Self-employed,Personal,5,1,0,1
LN100689,59,161591.47,699,0.511,94575.62,Employed,Personal,9,2,1,0
LN100690,69,601820.17,571,0.197,233190.03,Contract,Business,1,2,3,1
LN100691,59,539104.44,701,0.599,115395.73,Employed,Business,3,1,1,0
LN100692,66,403175.15,684,0.363,80069.84,Employed,Home,15,0,2,0
LN100693,67,887572.54,763,0.221,124070.83,Employed,Vehicle,8,0,1,0
LN100694,25,270344.57,693,0.385,139971.41,Self-employed,Business,9,0,0,1
LN100695,33,1589622.43,729,0.334,52880.58,Employed,Personal,2,0,3,0
LN100696,56,264711.7,686,0.088,116687.24,Employed,Vehicle,10,0,1,0
LN100697,49,345205.13,723,0.11,139665.06,Employed,Business,14,1,1,0
LN100698,23,241050.06,553,0.18,79952.36,Employed,Personal,15,0,1,0
LN100699,25,368176.16,641,0.08,66275.02,Contract,Vehicle,2,0,1,0
LN100700,46,475026.54,647,0.268,77544.61,Employed,Vehicle,3,1,1,1
LN100701,51,281780.52,632,0.244,58521.09,Employed,Business,9,1,2,0
LN100702,29,797098.6,683,0.19,191212.18,Employed,Business,14,0,1,0
LN100703,29,342172.36,698,0.295,58038.95,Employed,Business,0,1,1,0
LN100704,27,348120.76,679,0.489,124382.13,Employed,Personal,3,0,2,0
LN100705,48,181968.53,637,0.406,86250.08,Employed,Home,2,1,0,0
LN100706,21,377645.89,595,0.359,69509.3,Self-employed,Vehicle,12,2,0,0
LN100707,49,278680.93,732,0.639,268229.6,Employed,Vehicle,7,2,2,0
LN100708,44,214701.91,676,0.483,101035.42,Employed,Vehicle,11,1,2,0
LN100709,43,195727.14,574,0.453,71191.31,Employed,Personal,0,2,0,1
LN100710,54,1304079.01,635,0.283,66896.94,Contract,Home,2,0,3,0
LN100711,46,259529.4,519,0.688,137122.19,Employed,Education,8,1,3,1
LN100712,56,134617.91,653,0.267,188248.42,Self-employed,Business,6,1,0,0
LN100713,58,204334.97,635,0.301,251255.66,Unemployed,Personal,2,1,1,0
LN100714,66,291610.84,607,0.04,98642.66,Employed,Vehicle,4,1,0,0
LN100715,60,405227.79,769,0.358,94865.03,Employed,Home,11,2,1,0
LN100716,46,407043.7,563,0.158,119773.29,Self-employed,Vehicle,0,1,1,1
LN100717,45,435249.96,703,0.582,122622.61,Contract,Education,13,0,0,0
LN100718,32,210420.79,814,0.28,66595.93,Employed,Business,2,1,3,0
LN100719,50,361775.81,731,0.121,284589.6,Self-employed,Education,12,1,1,0
LN100720,27,185295.11,648,0.236,111600.39,Self-employed,Vehicle,10,0,1,0
LN100721,66,213359.56,565,0.609,155720.29,Employed,Personal,1,1,1,1
LN100722,62,181098.76,548,0.406,144948.11,Self-employed,Vehicle,12,0,1,0
LN100723,26,156048.77,619,0.792,143027.48,Employed,Personal,7,2,2,0
LN100724,59,538667.07,598,0.01,57272.32,Contract,Home,4,1,0,0
LN100725,26,438131.42,596,0.148,109543.32,Employed,Vehicle,1,0,1,0
LN100726,56,513345.15,626,0.256,484425.74,Employed,Vehicle,1,2,1,0
LN100727,25,306557.29,642,0.394,308629.04,Self-employed,Education,6,0,3,0
LN100728,44,459908.11,686,0.098,121818.88,Employed,Vehicle,4,0,3,0
LN100729,53,113871.81,557,0.029,86662.26,Employed,Vehicle,13,0,2,0
LN100730,56,482258.66,599,0.347,26021.51,Employed,Personal,8,1,0,0
LN100731,41,330695.62,638,0.22,79615.74,Self-employed,Home,0,1,2,1
LN100732,66,423558.97,635,0.123,104533.54,Employed,Vehicle,14,1,2,0
LN100733,58,369738.24,788,0.176,89498.75,Contract,Home,4,3,0,0
LN100734,31,174321.65,667,0.184,93642.73,Contract,Vehicle,9,2,0,0
LN100735,53,131612.32,529,0.309,164854.08,Employed,Education,13,1,3,0
LN100736,56,202786.29,681,0.334,57411.76,Self-employed,Home,10,1,0,0
LN100737,37,409315.8,691,0.292,131328.78,Employed,Home,6,1,0,0
LN100738,57,438488.13,641,0.444,102392.36,Employed,Business,0,0,1,0
LN100739,65,141374.76,559,0.506,61990.62,Employed,Vehicle,3,0,1,0
LN100740,61,174893.61,782,0.262,326571.35,Employed,Personal,9,1,0,0
LN100741,58,201543.02,570,0.162,178851.67,Contract,Personal,15,1,1,0
LN100742,52,246476.02,700,0.152,65977.94,Unemployed,Home,0,0,0,0
LN100743,34,141833.6,665,0.121,153960.11,Employed,Education,2,0,1,0
LN100744,59,137229.4,695,0.089,44581.99,Employed,Education,5,1,0,0
LN100745,38,190904.45,778,0.128,71465.79,Employed,Home,12,1,0,0
LN100746,47,314574.86,692,0.102,260707.93,Employed,Home,15,0,1,0
LN100747,36,156719.19,608,0.466,138236.37,Contract,Vehicle,2,0,1,1
LN100748,36,281488.2,733,0.268,131204.69,Employed,Vehicle,9,0,2,0
LN100749,28,536993.79,603,0.283,208932.16,Contract,Vehicle,15,0,1,0
LN100750,68,146614.05,662,0.149,163663.28,Employed,Vehicle,15,0,2,0
LN100751,28,267799.16,553,0.11,92531.29,Employed,Education,12,1,0,0
LN100752,25,527104.42,573,0.061,202176.97,Self-employed,Vehicle,12,0,1,0
LN100753,66,238348.73,654,0.21,36695.69,Employed,Personal,4,1,1,0
LN100754,48,218823.21,678,0.339,71280.43,Self-employed,Home,4,2,2,0
LN100755,42,568900.28,522,0.447,103281.91,Contract,Personal,15,2,1,0
LN100756,57,253501.9,687,0.132,157040.58,Employed,Personal,9,0,1,0
LN100757,39,550735.54,589,0.217,89052.92,Employed,Vehicle,1,0,2,0
LN100758,27,379826.07,746,0.242,34495.92,Employed,Vehicle,1,1,0,0
LN100759,56,248444.11,624,0.407,31486.83,Unemployed,Vehicle,13,2,2,0
LN100760,29,390571.97,566,0.417,105237.54,Unemployed,Vehicle,2,0,0,0
LN100761,48,357819.87,656,0.667,80634.47,Employed,Home,11,0,1,0
LN100762,67,525982.54,581,0.236,60885.51,Self-employed,Education,5,0,5,0
LN100763,66,221892.37,745,0.109,54612.02,Contract,Personal,2,2,0,0
LN100764,38,306876.63,650,0.278,119993.17,Contract,Vehicle,1,0,3,0
LN100765,59,290019.7,639,0.339,256454.23,Employed,Business,8,1,0,0
LN100766,51,441891.31,694,0.653,119999.75,Unemployed,Business,12,1,1,1
LN100767,44,170704.49,575,0.207,258687.83,Contract,Vehicle,0,1,3,0
LN100768,27,524853.85,553,0.673,86261.71,Self-employed,Personal,11,1,3,0
LN100769,39,387712.2,681,0.215,146748.15,Employed,Home,9,1,0,0
LN100770,52,145397.84,568,0.343,264887.68,Employed,Personal,12,1,0,0
LN100771,69,583081.53,567,0.421,99271.83,Employed,Personal,9,0,1,0
LN100772,21,1025087.93,713,0.226,111872.78,Contract,Vehicle,2,0,1,0
LN100773,56,520500.66,689,0.051,86234.12,Self-employed,Vehicle,6,2,1,0
LN100774,62,657617.92,556,0.114,161678.44,Contract,Education,15,0,1,0
LN100775,67,314422.22,604,0.057,197740.83,Employed,Vehicle,13,0,2,0
LN100776,41,120295.93,582,0.101,138215.28,Contract,Education,5,3,1,0
LN100777,26,108800.53,783,0.087,94759.59,Contract,Business,14,1,2,0
LN100778,34,345184.0,718,0.353,41498.61,Employed,Vehicle,0,0,0,1
LN100779,62,216630.72,618,0.486,106591.2,Employed,Home,8,1,0,1
LN100780,64,181411.06,693,0.098,97096.99,Contract,Education,12,0,1,0
LN100781,52,289823.41,548,0.42,128236.71,Self-employed,Personal,10,2,2,1
LN100782,27,420882.79,600,0.142,118675.79,Employed,Education,2,1,0,0
LN100783,26,134931.31,658,0.117,305682.1,Contract,Home,2,0,0,1
LN100784,44,234369.7,684,0.393,69952.32,Employed,Personal,11,0,3,0
LN100785,49,688290.75,643,0.581,39510.22,Self-employed,Home,15,1,3,0
LN100786,22,166064.1,669,0.137,52343.74,Contract,Vehicle,12,1,0,0
LN100787,54,484032.05,656,0.278,72866.24,Employed,Vehicle,13,0,2,0
LN100788,47,229793.38,638,0.084,222246.03,Employed,Business,14,0,0,0
LN100789,21,405033.2,628,0.4,47336.07,Self-employed,Business,15,2,1,0
LN100790,25,548568.74,618,0.132,51625.15,Self-employed,Personal,12,1,0,0
LN100791,43,451009.07,667,0.331,143957.69,Employed,Personal,12,0,4,0
LN100792,56,494635.07,681,0.344,191048.88,Employed,Home,12,0,0,0
LN100793,61,159238.97,665,0.089,40184.25,Employed,Personal,5,0,1,0
LN100794,42,553518.58,562,0.335,34766.17,Contract,Personal,8,3,2,0
LN100795,35,187691.8,575,0.523,65972.08,Self-employed,Personal,3,1,1,0
LN100796,68,346031.72,680,0.137,168639.91,Employed,Personal,8,0,0,0
LN100797,43,345785.24,760,0.222,120732.55,Employed,Home,8,0,1,0
LN100798,36,391740.6,661,0.062,67558.73,Employed,Vehicle,1,0,0,0
LN100799,42,361083.29,619,0.217,177880.17,Employed,Personal,1,0,2,0
LN100800,21,188611.06,667,0.348,119256.76,Employed,Home,15,0,0,0
LN100801,35,142787.2,565,0.221,102569.77,Contract,Home,8,1,3,0
LN100802,46,484721.38,748,0.34,38519.07,Contract,Business,0,1,3,0
LN100803,66,332284.49,664,0.326,66662.55,Employed,Business,5,0,2,0
LN100804,57,564499.64,600,0.218,392479.1,Contract,Vehicle,14,0,1,0
LN100805,59,292709.12,637,0.356,88401.58,Employed,Home,11,1,1,0
LN100806,47,138509.94,610,0.274,59060.63,Self-employed,Vehicle,13,2,2,1
LN100807,26,510379.11,748,0.345,85799.83,Contract,Home,10,3,1,0
LN100808,40,244711.18,635,0.189,118852.75,Employed,Home,11,1,0,0
LN100809,69,362086.95,662,0.407,195322.86,Self-employed,Vehicle,3,0,0,0
LN100810,23,210120.21,693,0.495,164709.88,Employed,Personal,13,0,3,0
LN100811,64,741109.52,594,0.191,70859.07,Contract,Vehicle,11,0,1,0
LN100812,54,185243.62,665,0.062,251389.95,Employed,Home,3,3,0,0
LN100813,34,249185.13,671,0.18,186798.0,Self-employed,Personal,4,0,1,0
LN100814,59,318263.37,533,0.227,82363.6,Employed,Home,12,0,1,0
LN100815,62,164528.23,669,0.32,101205.34,Employed,Business,3,1,0,0
LN100816,23,359807.16,647,0.188,162538.56,Employed,Vehicle,10,1,1,0
LN100817,26,728023.43,660,0.545,221193.44,Self-employed,Vehicle,6,0,2,0
LN100818,53,229070.15,653,0.542,40990.74,Employed,Vehicle,4,0,3,1
LN100819,69,372825.7,669,0.375,115154.28,Employed,Home,2,0,2,0
LN100820,22,66128.05,750,0.465,107796.95,Employed,Home,11,2,0,0
LN100821,53,293644.96,562,0.391,75911.51,Employed,Business,5,0,0,0
LN100822,27,252549.99,624,0.204,75656.97,Employed,Business,8,1,1,0
LN100823,52,191255.23,700,0.184,218290.13,Employed,Business,4,0,1,0
LN100824,51,543799.29,686,0.291,155714.02,Employed,Personal,2,1,0,0
LN100825,25,250722.93,684,0.161,432591.06,Unemployed,Home,0,2,3,1
LN100826,54,272100.06,850,0.321,75953.02,Employed,Business,15,0,0,0
LN100827,64,243794.68,696,0.288,120255.4,Employed,Personal,4,0,1,0
LN100828,63,104536.23,735,0.167,134529.77,Contract,Vehicle,9,1,0,0
LN100829,22,160965.48,627,0.102,196947.07,Employed,Personal,7,2,1,0
LN100830,33,508967.36,576,0.267,265987.32,Contract,Education,5,0,2,0
LN100831,32,94001.39,626,0.17,116901.06,Employed,Personal,13,0,1,0
LN100832,43,196823.82,703,0.148,53994.18,Employed,Personal,14,0,2,0
LN100833,28,240792.71,681,0.321,69297.55,Unemployed,Business,2,2,0,0
LN100834,62,782719.58,680,0.213,120693.38,Employed,Personal,0,0,2,0
LN100835,59,457837.6,634,0.382,228212.12,Contract,Business,5,0,1,0
LN100836,60,220817.97,622,0.1,42962.02,Employed,Education,1,0,0,0
LN100837,30,614780.32,637,0.314,51417.5,Employed,Vehicle,0,2,1,1
LN100838,21,199636.61,704,0.175,179941.2,Employed,Personal,12,1,0,0
LN100839,65,522584.85,713,0.129,47447.45,Employed,Education,1,2,0,1
LN100840,35,142081.38,575,0.179,52942.98,Contract,Home,1,2,1,0
LN100841,53,541354.47,707,0.147,230264.74,Employed,Education,5,1,4,0
LN100842,65,239944.82,601,0.182,95261.07,Employed,Vehicle,9,0,0,0
LN100843,22,170392.59,685,0.607,90640.63,Employed,Vehicle,7,2,2,1
LN100844,21,266228.11,636,0.116,267701.18,Employed,Personal,11,0,1,0
LN100845,21,349436.47,767,0.287,55121.81,Employed,Business,11,0,3,0
LN100846,28,228530.76,619,0.416,48370.51,Employed,Home,0,0,2,0
LN100847,23,406855.02,663,0.381,317179.7,Employed,Personal,12,1,1,0
LN100848,61,217703.89,695,0.084,128014.03,Self-employed,Home,0,0,4,0
LN100849,50,421992.39,584,0.254,171106.89,Contract,Education,14,1,2,0
LN100850,69,382605.57,645,0.09,89862.05,Employed,Business,4,2,2,0
LN100851,60,290114.25,630,0.735,102636.27,Employed,Business,14,0,1,1
LN100852,68,235337.86,611,0.412,69618.66,Employed,Vehicle,15,1,0,0
LN100853,32,326075.81,617,0.21,135268.05,Self-employed,Personal,1,1,5,0
LN100854,35,406027.96,733,0.275,188834.84,Employed,Business,6,0,0,0
LN100855,62,932409.42,605,0.079,124944.37,Employed,Home,1,1,2,0
LN100856,32,502936.39,692,0.538,219218.68,Self-employed,Vehicle,15,2,2,0
LN100857,23,513154.49,674,0.207,169192.57,Employed,Personal,7,0,1,0
LN100858,53,1640020.76,545,0.231,55645.04,Employed,Home,13,2,1,0
LN100859,60,398441.08,689,0.106,100122.73,Contract,Personal,9,0,2,0
LN100860,68,391637.4,544,0.596,82189.19,Contract,Vehicle,13,1,3,0
LN100861,66,441858.97,697,0.404,179506.7,Employed,Education,9,3,0,1
LN100862,26,172233.51,612,0.413,148489.2,Employed,Vehicle,0,1,2,0
LN100863,58,235012.0,651,0.225,119495.55,Employed,Home,7,0,2,0
LN100864,62,227099.76,553,0.257,212578.87,Employed,Vehicle,10,1,1,0
LN100865,55,428362.66,659,0.383,32713.51,Self-employed,Business,15,2,1,0
LN100866,61,272594.81,720,0.44,74324.88,Contract,Personal,13,0,1,0
LN100867,62,323696.18,589,0.179,78538.88,Employed,Education,8,0,2,0
LN100868,42,545598.04,604,0.397,129555.29,Employed,Personal,12,0,2,0
LN100869,22,482275.43,684,0.335,157560.1,Employed,Home,14,2,1,0
LN100870,43,274468.34,686,0.332,109906.53,Self-employed,Home,14,2,2,0
LN100871,30,207531.92,467,0.628,46794.07,Employed,Education,15,0,1,0
LN100872,26,560138.22,801,0.096,143291.64,Self-employed,Home,5,0,0,0
LN100873,27,459170.97,690,0.147,119548.31,Self-employed,Home,7,2,2,0
LN100874,55,124007.4,702,0.301,42343.56,Employed,Personal,0,1,1,0
LN100875,45,252534.48,639,0.245,90782.74,Contract,Business,2,0,1,0
LN100876,47,328591.71,511,0.58,140273.81,Contract,Vehicle,13,0,1,0
LN100877,57,460419.86,701,0.458,322165.73,Employed,Vehicle,5,1,0,0
LN100878,47,494891.38,608,0.272,54194.76,Employed,Personal,7,1,1,0
LN100879,51,350699.87,691,0.318,183838.68,Employed,Personal,5,0,0,0
LN100880,25,413918.3,634,0.244,54640.34,Employed,Vehicle,14,1,1,0
LN100881,62,310771.44,668,0.15,48162.7,Employed,Personal,14,1,1,1
LN100882,42,207092.19,592,0.221,50046.17,Employed,Business,11,0,1,0
LN100883,28,259845.46,715,0.328,162998.24,Contract,Home,15,1,2,0
LN100884,60,303149.97,561,0.239,119690.7,Employed,Vehicle,8,0,3,0
LN100885,56,294332.15,818,0.279,89651.71,Employed,Personal,2,0,1,0
LN100886,23,106348.07,818,0.575,148127.17,Contract,Home,10,1,1,0
LN100887,30,241089.12,772,0.055,112957.8,Employed,Vehicle,0,0,1,0
LN100888,21,309418.76,746,0.021,118192.86,Employed,Business,6,1,2,0
LN100889,34,256987.89,644,0.38,90304.6,Unemployed,Personal,13,0,0,0
LN100890,25,261917.45,737,0.459,56405.96,Employed,Personal,2,0,1,0
LN100891,55,392359.19,643,0.134,330243.41,Employed,Personal,8,0,2,0
LN100892,46,165729.35,533,0.237,273352.16,Employed,Education,12,1,1,0
LN100893,69,122530.41,763,0.263,309229.44,Self-employed,Personal,12,0,1,0
LN100894,57,247717.53,735,0.216,77472.71,Self-employed,Business,9,0,1,0
LN100895,50,456708.53,648,0.139,70613.92,Self-employed,Personal,5,0,1,0
LN100896,45,758950.57,558,0.229,84023.05,Employed,Education,3,0,0,0
LN100897,23,461255.91,606,0.206,221107.69,Contract,Personal,2,0,0,0
LN100898,24,133785.45,513,0.569,109986.27,Employed,Personal,11,0,0,0
LN100899,51,264008.29,721,0.317,77277.73,Contract,Vehicle,4,1,1,0
LN100900,21,345478.84,530,0.297,139350.24,Employed,Vehicle,10,0,2,0
LN100901,23,330781.35,672,0.286,68155.28,Employed,Vehicle,0,1,2,0
LN100902,31,403590.19,587,0.124,45580.34,Contract,Education,4,0,2,0
LN100903,64,181164.52,543,0.26,119639.5,Self-employed,Home,6,0,3,0
LN100904,43,310909.28,668,0.167,78651.98,Employed,Home,12,0,3,0
LN100905,55,378024.89,625,0.399,109024.79,Self-employed,Home,1,0,4,0
LN100906,41,472435.63,713,0.324,19207.9,Employed,Home,7,0,1,0
LN100907,29,192604.23,555,0.114,61598.0,Employed,Education,7,0,3,0
LN100908,39,248128.36,593,0.478,106825.12,Employed,Personal,5,0,2,0
LN100909,25,67808.17,471,0.163,41051.46,Employed,Personal,12,0,2,0
LN100910,58,213146.22,486,0.225,41968.86,Employed,Personal,15,2,1,0
LN100911,29,224832.19,785,0.465,112807.23,Self-employed,Vehicle,0,0,1,0
LN100912,39,171230.57,806,0.549,173557.44,Self-employed,Personal,14,1,1,0
LN100913,69,328609.19,657,0.408,61612.51,Employed,Personal,14,0,2,0
LN100914,50,290909.58,588,0.56,92767.66,Employed,Personal,13,2,3,0
LN100915,43,86592.64,628,0.532,94171.32,Employed,Personal,1,0,1,0
LN100916,47,337751.99,716,0.422,39844.17,Unemployed,Vehicle,6,0,1,0
LN100917,59,180044.53,611,0.359,237461.69,Contract,Education,10,1,3,0
LN100918,33,391862.65,668,0.382,97666.44,Contract,Personal,3,1,2,0
LN100919,52,148229.88,649,0.782,98349.22,Contract,Home,3,0,1,0
LN100920,63,304992.16,607,0.297,140178.92,Self-employed,Vehicle,9,1,1,0
LN100921,49,256734.54,611,0.129,39904.28,Employed,Education,13,1,0,1
LN100922,42,354422.08,672,0.128,200024.06,Contract,Vehicle,2,1,2,0
LN100923,28,321297.02,577,0.363,217756.48,Self-employed,Business,0,1,1,1
LN100924,33,260718.73,684,0.427,120521.24,Employed,Personal,15,2,1,0
LN100925,67,128873.68,615,0.057,148549.15,Employed,Home,6,2,1,0
LN100926,47,133128.94,660,0.358,88990.42,Employed,Education,1,2,0,0
LN100927,35,217596.98,754,0.269,192793.85,Employed,Personal,15,0,0,0
LN100928,41,298636.93,637,0.503,64429.37,Unemployed,Personal,4,0,1,0
LN100929,49,214700.94,719,0.467,107707.74,Employed,Education,1,2,0,0
LN100930,47,423117.13,516,0.234,111966.71,Employed,Home,10,2,1,0
LN100931,55,257291.83,615,0.148,107268.55,Employed,Business,12,1,0,0
LN100932,33,176447.87,652,0.248,220393.0,Employed,Vehicle,2,0,2,0
LN100933,52,257451.03,794,0.286,456146.26,Self-employed,Home,11,0,1,0
LN100934,42,339680.47,503,0.383,102420.44,Employed,Home,6,0,1,0
LN100935,67,358693.79,643,0.259,149338.09,Employed,Personal,5,0,0,0
LN100936,28,842935.97,759,0.093,65294.16,Contract,Personal,10,2,0,0
LN100937,28,207655.89,591,0.361,215127.17,Employed,Vehicle,0,1,0,0
LN100938,43,288117.74,634,0.359,78579.85,Employed,Education,2,0,2,0
LN100939,45,379232.94,675,0.495,849640.77,Employed,Business,13,0,1,0
LN100940,54,296160.0,664,0.279,37132.76,Employed,Education,15,0,2,0
LN100941,40,227794.18,767,0.457,444219.91,Employed,Vehicle,14,1,1,1
LN100942,65,127956.59,684,0.362,209510.69,Self-employed,Vehicle,12,0,2,0
LN100943,44,226517.79,750,0.161,53038.77,Employed,Home,2,0,1,0
LN100944,27,166209.02,623,0.097,496767.35,Contract,Business,4,1,1,0
LN100945,26,116064.82,594,0.203,60160.36,Employed,Home,13,2,2,0
LN100946,68,193670.66,633,0.099,89672.6,Employed,Home,11,0,1,0
LN100947,27,168659.52,563,0.283,47356.08,Self-employed,Home,13,2,2,0
LN100948,67,413585.84,686,0.317,100011.64,Self-employed,Home,6,0,0,0
LN100949,34,417541.1,621,0.224,106295.94,Unemployed,Vehicle,9,0,0,0
LN100950,25,182481.51,600,0.663,188670.16,Employed,Business,11,2,3,0
LN100951,35,259993.53,687,0.11,536670.48,Employed,Home,12,0,2,0
LN100952,51,107958.73,564,0.29,78811.27,Unemployed,Home,11,0,2,0
LN100953,41,228582.11,708,0.367,18380.14,Employed,Vehicle,0,1,2,0
LN100954,59,373613.75,614,0.109,167671.07,Self-employed,Business,3,0,0,0
LN100955,50,472245.19,737,0.546,76920.96,Employed,Business,7,1,1,0
LN100956,40,202675.58,621,0.702,358695.94,Employed,Business,11,1,1,1
LN100957,52,535019.21,697,0.418,107554.79,Unemployed,Home,15,1,2,0
LN100958,68,130340.72,663,0.084,67159.57,Unemployed,Personal,4,0,1,0
LN100959,41,151046.42,706,0.397,56943.0,Unemployed,Personal,12,2,5,1
LN100960,28,443233.4,658,0.27,164902.89,Contract,Home,10,1,0,0
LN100961,41,752122.46,525,0.312,91980.49,Employed,Personal,4,1,0,0
LN100962,62,393535.02,726,0.727,285570.83,Employed,Personal,2,0,0,0
LN100963,31,293416.81,643,0.251,95927.93,Employed,Personal,9,0,1,0
LN100964,67,89696.47,709,0.463,275884.82,Contract,Home,5,2,1,0
LN100965,49,98636.03,702,0.09,44853.12,Self-employed,Vehicle,3,1,1,0
LN100966,50,322130.81,592,0.395,35530.01,Self-employed,Education,3,0,1,0
LN100967,36,246373.33,581,0.073,188566.8,Employed,Home,3,0,1,1
LN100968,66,163297.41,699,0.233,81337.22,Employed,Home,1,0,1,0
LN100969,22,311010.1,627,0.456,92681.82,Contract,Personal,3,1,1,0
LN100970,35,319611.03,720,0.461,56971.68,Unemployed,Home,15,1,1,0
LN100971,41,504320.11,637,0.171,54320.65,Employed,Home,3,0,0,0
LN100972,44,323407.69,727,0.319,166278.48,Employed,Home,6,0,3,0
LN100973,44,589573.49,682,0.387,108660.64,Contract,Home,7,1,1,0
LN100974,28,301321.92,672,0.463,55221.35,Self-employed,Vehicle,11,0,2,0
LN100975,32,281560.75,622,0.317,183889.29,Self-employed,Personal,4,0,1,0
LN100976,25,538697.49,667,0.465,236080.8,Contract,Personal,13,1,0,0
LN100977,49,175149.52,739,0.532,102487.36,Self-employed,Home,12,1,1,1
LN100978,38,1410540.97,646,0.262,211148.21,Self-employed,Education,8,0,2,0
LN100979,48,368770.35,690,0.243,57357.71,Self-employed,Home,14,1,5,1
LN100980,49,369902.17,653,0.204,160078.79,Employed,Home,5,0,1,0
LN100981,55,400448.54,659,0.237,122194.98,Employed,Personal,7,1,1,1
LN100982,47,842360.05,779,0.307,65756.97,Employed,Business,9,0,0,0
LN100983,52,463896.54,740,0.207,417785.63,Self-employed,Vehicle,3,0,1,0
LN100984,49,124089.33,656,0.492,127968.5,Employed,Personal,1,1,3,0
LN100985,52,649167.77,666,0.546,74921.97,Contract,Vehicle,15,3,0,0
LN100986,51,248710.45,597,0.363,111412.11,Employed,Personal,0,2,1,1
LN100987,36,318211.98,637,0.41,62500.78,Self-employed,Education,0,1,2,1
LN100988,33,148441.77,673,0.049,51858.01,Employed,Education,1,0,0,0
LN100989,59,400692.21,714,0.33,82134.46,Employed,Personal,8,1,1,0
LN100990,37,209668.27,706,0.18,85829.89,Employed,Personal,4,0,0,0
LN100991,47,316991.76,567,0.216,65220.08,Self-employed,Business,3,0,0,0
LN100992,30,256602.46,723,0.427,248068.28,Employed,Vehicle,13,1,2,0
LN100993,42,864835.67,643,0.424,66868.34,Employed,Business,15,3,3,1
LN100994,46,892499.22,576,0.298,60011.22,Contract,Personal,14,0,0,0
LN100995,51,307773.68,750,0.424,50894.87,Self-employed,Education,5,2,3,0
LN100996,46,310744.25,760,0.144,47807.92,Self-employed,Education,1,1,0,0
LN100997,38,244298.01,670,0.544,214503.05,Self-employed,Business,15,1,1,0
LN100998,68,551193.5,703,0.502,130098.13,Self-employed,Education,8,0,1,0
LN100999,46,250354.16,708,0.232,172292.44,Employed,Vehicle,15,1,3,0
LN101000,60,237946.77,755,0.22,213245.41,Employed,Home,2,0,4,0
LN101001,57,513889.65,705,0.385,88573.75,Employed,Vehicle,15,2,0,1
LN101002,48,223121.84,550,0.281,286413.4,Employed,Home,4,0,0,0
LN101003,64,293834.65,801,0.135,73185.82,Employed,Home,12,0,2,0
LN101004,27,125720.54,730,0.346,53960.83,Contract,Personal,1,0,0,1
LN101005,66,441901.57,612,0.138,140236.63,Self-employed,Vehicle,11,0,2,0
LN101006,62,872409.82,573,0.291,120836.27,Employed,Home,7,0,2,0
LN101007,45,446061.32,688,0.087,120711.6,Contract,Vehicle,15,0,2,0
LN101008,56,670331.27,629,0.441,212818.4,Employed,Home,2,0,4,0
LN101009,46,188373.43,675,0.283,117862.36,Employed,Education,3,0,2,0
LN101010,34,341641.12,706,0.352,134823.17,Employed,Vehicle,10,1,1,0
LN101011,60,178581.4,608,0.548,266193.12,Contract,Business,12,0,1,1
LN101012,33,264677.32,566,0.513,130820.09,Self-employed,Personal,14,0,2,0
LN101013,36,458746.97,679,0.43,151676.31,Employed,Personal,1,1,1,0
LN101014,46,317279.73,610,0.057,43770.76,Self-employed,Vehicle,0,1,1,0
LN101015,62,137941.53,661,0.411,1000000.0,Self-employed,Personal,5,0,0,0
LN101016,39,145549.53,549,0.585,39112.14,Employed,Personal,1,1,3,1
LN101017,45,140350.42,631,0.159,77471.98,Self-employed,Business,6,1,0,0
LN101018,23,393106.83,704,0.16,75964.16,Employed,Personal,7,1,1,0
LN101019,26,933484.6,695,0.29,432979.53,Employed,Business,15,1,0,0
LN101020,23,634688.62,591,0.214,74447.25,Employed,Business,0,0,2,0
LN101021,24,105740.78,562,0.515,146599.15,Employed,Business,5,1,1,0
LN101022,63,655484.23,651,0.133,76300.74,Contract,Education,5,0,0,0
LN101023,62,502101.71,692,0.171,55947.7,Employed,Vehicle,8,0,0,0
LN101024,61,128235.38,680,0.059,159367.26,Employed,Education,5,4,1,0
LN101025,23,253920.59,612,0.236,68934.19,Employed,Business,10,0,1,0
LN101026,24,548024.39,672,0.14,125890.67,Self-employed,Business,13,1,1,0
LN101027,34,406068.11,763,0.199,165311.32,Employed,Business,10,0,0,0
LN101028,48,146025.34,665,0.287,379885.94,Contract,Vehicle,10,1,2,0
LN101029,37,419763.17,528,0.652,48427.44,Employed,Personal,1,1,2,0
LN101030,44,92587.78,665,0.348,99598.84,Employed,Education,14,1,1,1
LN101031,29,265397.92,803,0.295,102311.82,Employed,Personal,8,0,1,0
LN101032,56,560965.1,553,0.314,110066.38,Contract,Vehicle,2,1,2,0
LN101033,36,303050.45,652,0.524,584175.37,Employed,Vehicle,10,0,1,0
LN101034,24,228004.83,633,0.459,98279.38,Employed,Vehicle,7,1,0,0
LN101035,57,489274.12,657,0.556,21372.33,Employed,Vehicle,14,0,3,1
LN101036,65,512805.16,665,0.2,96689.06,Employed,Vehicle,10,0,0,0
LN101037,21,616651.67,735,0.228,101853.47,Employed,Personal,15,3,1,0
LN101038,42,485253.2,656,0.161,94047.81,Employed,Home,15,0,1,0
LN101039,61,543776.66,746,0.245,68948.62,Self-employed,Personal,3,0,0,0
LN101040,55,448936.83,641,0.219,46601.57,Contract,Home,4,0,1,0
LN101041,62,347173.01,624,0.413,447711.72,Employed,Home,3,1,0,0
LN101042,41,315138.56,600,0.101,135283.3,Employed,Vehicle,3,1,1,0
LN101043,39,263298.83,514,0.306,97078.91,Employed,Home,10,0,1,0
LN101044,55,154004.21,671,0.29,438533.96,Contract,Personal,15,0,2,0
LN101045,28,177391.85,804,0.414,62542.91,Employed,Personal,7,0,0,0
LN101046,32,256896.82,684,0.209,162722.42,Employed,Personal,12,0,1,0
LN101047,50,342606.02,702,0.482,48841.99,Self-employed,Personal,11,1,1,1
LN101048,53,662638.37,619,0.255,179194.78,Employed,Personal,4,2,2,0
LN101049,26,293182.12,632,0.227,52618.01,Employed,Personal,13,0,2,0
LN101050,45,520971.03,724,0.207,149348.33,Unemployed,Education,7,1,2,0
LN101051,38,543161.17,801,0.124,391538.41,Employed,Home,0,1,3,0
LN101052,45,264141.97,762,0.103,116888.75,Employed,Business,11,0,1,0
LN101053,67,416073.57,710,0.47,26451.22,Self-employed,Education,14,1,2,0
LN101054,24,262392.65,653,0.137,112587.63,Employed,Business,3,0,1,0
LN101055,69,620767.87,666,0.085,150321.18,Employed,Business,4,3,1,0
LN101056,43,425598.46,593,0.326,197575.33,Self-employed,Vehicle,11,1,1,0
LN101057,58,155869.08,541,0.384,286665.16,Self-employed,Business,15,0,1,0
LN101058,41,327871.26,565,0.16,296323.36,Contract,Home,4,0,1,0
LN101059,36,742664.33,654,0.285,101025.15,Employed,Personal,6,2,2,0
LN101060,58,271538.9,628,0.286,71653.74,Employed,Personal,10,1,0,0
LN101061,54,383763.22,540,0.555,53167.56,Contract,Business,13,0,2,1
LN101062,28,405052.15,647,0.407,77440.74,Self-employed,Education,0,1,3,0
LN101063,55,169633.44,626,0.587,149938.5,Employed,Vehicle,3,1,1,1
LN101064,57,397292.13,562,0.193,45780.55,Self-employed,Home,14,0,0,0
LN101065,40,139375.7,622,0.488,60221.0,Employed,Education,8,0,1,0
LN101066,66,212658.85,626,0.291,158534.9,Unemployed,Vehicle,12,1,0,0
LN101067,52,542088.95,604,0.345,72259.49,Self-employed,Vehicle,1,3,1,0
LN101068,37,365036.9,720,0.058,139906.09,Contract,Personal,1,0,1,0
LN101069,21,253742.43,507,0.35,64791.78,Employed,Education,11,0,0,0
LN101070,54,383498.63,501,0.138,132628.14,Contract,Home,6,0,3,0
LN101071,31,290246.84,650,0.103,66603.71,Employed,Home,15,0,1,0
LN101072,58,302082.65,657,0.107,31950.75,Employed,Business,6,0,1,0
LN101073,46,430536.74,680,0.113,204762.82,Employed,Personal,13,3,3,0
LN101074,43,201085.51,610,0.361,69975.76,Contract,Education,8,1,1,0
LN101075,29,306729.88,581,0.493,93585.06,Self-employed,Education,10,1,1,1
LN101076,55,252657.54,649,0.518,70192.26,Employed,Home,10,0,0,0
LN101077,29,125424.08,617,0.19,156709.05,Employed,Vehicle,1,0,1,0
LN101078,41,180825.38,766,0.199,136597.71,Employed,Personal,12,0,3,0
LN101079,61,710732.42,626,0.117,156466.37,Employed,Home,15,0,1,0
LN101080,66,370695.25,646,0.385,76959.35,Employed,Home,6,0,0,0
LN101081,69,144865.96,836,0.279,106501.27,Self-employed,Education,5,0,5,0
LN101082,67,128584.67,635,0.541,144250.5,Employed,Business,9,1,1,0
LN101083,48,282052.25,692,0.331,300324.32,Employed,Vehicle,10,0,0,1
LN101084,30,707993.61,698,0.138,134252.95,Employed,Personal,6,2,0,1
LN101085,62,270714.7,705,0.663,57300.14,Employed,Business,4,1,0,0
LN101086,60,615621.44,672,0.533,130923.27,Employed,Business,15,2,1,0
LN101087,69,364069.36,665,0.494,98813.26,Contract,Education,13,0,0,0
LN101088,52,388763.13,658,0.58,30003.18,Employed,Vehicle,9,1,0,1
LN101089,27,143902.53,607,0.116,33152.84,Employed,Education,6,1,3,0
LN101090,45,502411.79,674,0.447,105347.26,Employed,Business,5,0,1,1
LN101091,42,249527.68,802,0.561,111280.01,Employed,Personal,6,1,2,0
LN101092,62,482259.97,741,0.267,90821.23,Contract,Business,9,0,0,0
LN101093,40,191710.99,673,0.428,195429.27,Self-employed,Education,0,0,0,0
LN101094,37,330682.8,714,0.185,59897.55,Self-employed,Home,10,0,0,0
LN101095,24,364083.81,585,0.462,44676.76,Employed,Vehicle,9,0,1,1
LN101096,61,275631.31,630,0.598,64314.2,Employed,Business,2,1,0,1
LN101097,58,374758.69,721,0.242,74004.5,Employed,Home,4,0,2,0
LN101098,23,259112.95,762,0.147,105919.65,Self-employed,Personal,4,1,0,0
LN101099,42,209935.35,592,0.119,65497.65,Employed,Vehicle,14,2,0,1
LN101100,44,725454.49,614,0.389,27340.2,Contract,Vehicle,14,2,0,0
LN101101,43,534165.95,814,0.157,20706.17,Unemployed,Education,12,1,0,0
LN101102,66,197414.75,657,0.341,119167.95,Self-employed,Vehicle,10,3,2,0
LN101103,28,410110.58,787,0.161,52805.55,Employed,Business,15,1,0,0
LN101104,36,199399.25,666,0.433,29874.34,Contract,Vehicle,11,1,0,1
LN101105,29,156367.02,668,0.302,165123.26,Employed,Personal,6,0,0,0
LN101106,32,529735.42,627,0.311,300319.84,Unemployed,Home,5,1,2,1
LN101107,65,117510.5,721,0.051,103449.37,Employed,Vehicle,10,1,0,0
LN101108,67,499472.84,752,0.25,130969.76,Self-employed,Home,6,1,0,0
LN101109,23,261069.12,572,0.407,131693.3,Employed,Home,7,1,0,0
LN101110,51,267048.91,624,0.229,24457.4,Self-employed,Education,15,1,2,0
LN101111,32,375833.28,719,0.257,195998.02,Employed,Vehicle,14,2,0,0
LN101112,30,412997.62,640,0.109,246263.85,Employed,Home,9,1,2,0
LN101113,35,190431.72,613,0.385,362998.91,Employed,Business,5,1,2,0
LN101114,30,445203.53,726,0.266,82766.84,Employed,Personal,7,0,2,0
LN101115,45,319301.65,733,0.083,52596.63,Employed,Business,5,0,2,0
LN101116,69,150347.96,616,0.277,266012.35,Contract,Personal,6,1,1,0
LN101117,49,273240.27,666,0.363,152135.58,Employed,Education,5,0,0,0
LN101118,56,641292.67,559,0.261,194223.93,Self-employed,Education,7,0,2,1
LN101119,45,754390.1,583,0.246,72231.82,Employed,Business,7,0,1,0
LN101120,21,445111.19,659,0.342,131235.83,Self-employed,Vehicle,10,3,0,0
LN101121,25,155881.1,652,0.2,55466.01,Unemployed,Education,14,0,2,0
LN101122,34,392924.02,577,0.329,109625.99,Employed,Vehicle,8,0,2,0
LN101123,32,479026.53,596,0.541,87737.85,Unemployed,Vehicle,3,2,3,0
LN101124,62,447162.41,570,0.372,504612.31,Self-employed,Business,2,0,0,0
LN101125,62,461973.41,684,0.205,157132.54,Employed,Vehicle,10,0,3,0
LN101126,62,366345.61,502,0.276,27158.12,Employed,Home,15,2,4,0
LN101127,52,288286.76,574,0.257,109888.84,Unemployed,Personal,4,2,3,0
LN101128,48,214686.83,510,0.334,139741.11,Contract,Business,1,0,0,0
LN101129,52,105627.41,681,0.107,80834.69,Employed,Business,1,0,1,0
LN101130,40,361616.93,515,0.159,53714.71,Employed,Personal,4,1,2,0
LN101131,53,332324.38,652,0.253,168985.99,Employed,Vehicle,15,3,0,0
LN101132,59,407666.4,773,0.593,58884.54,Employed,Education,12,0,0,1
LN101133,58,143758.3,776,0.223,159895.23,Employed,Home,12,1,0,0
LN101134,51,427751.17,515,0.594,55737.89,Unemployed,Home,5,0,0,1
LN101135,23,928696.77,672,0.29,77745.8,Contract,Business,15,0,3,0
LN101136,56,313227.59,576,0.104,204788.54,Employed,Business,6,0,1,1
LN101137,38,289995.83,561,0.326,151175.82,Employed,Vehicle,6,1,1,0
LN101138,57,355574.14,641,0.376,112269.71,Employed,Vehicle,15,2,2,1
LN101139,47,917422.25,742,0.345,107882.52,Contract,Business,12,0,3,0
LN101140,64,170848.33,695,0.225,116668.89,Contract,Vehicle,4,0,1,0
LN101141,37,335474.61,596,0.214,65757.8,Contract,Vehicle,10,0,0,0
LN101142,66,193247.33,703,0.291,41043.28,Self-employed,Home,5,1,2,0
LN101143,62,222056.06,482,0.056,159244.83,Employed,Vehicle,9,0,1,0
LN101144,37,291928.18,594,0.153,297390.29,Employed,Vehicle,2,0,1,0
LN101145,44,629427.24,588,0.522,162915.52,Contract,Personal,0,0,2,0
LN101146,47,807810.34,656,0.271,129760.76,Self-employed,Vehicle,15,1,1,0
LN101147,58,383853.38,635,0.349,50146.05,Self-employed,Vehicle,1,1,0,0
LN101148,54,243874.9,639,0.257,194541.14,Self-employed,Vehicle,6,1,2,0
LN101149,62,1181793.94,637,0.056,150413.28,Employed,Vehicle,3,0,0,0
LN101150,39,237134.5,652,0.193,180291.61,Employed,Vehicle,0,0,0,0
LN101151,45,219128.37,691,0.504,215402.75,Contract,Education,11,0,1,0
LN101152,42,113019.89,661,0.074,308396.07,Employed,Vehicle,4,1,1,1
LN101153,65,646538.56,629,0.731,53298.66,Employed,Home,12,2,0,1
LN101154,35,510973.41,680,0.445,47591.08,Self-employed,Business,8,0,3,0
LN101155,49,1134078.29,712,0.347,121119.84,Employed,Vehicle,10,1,0,0
LN101156,26,139706.62,608,0.393,60391.21,Self-employed,Personal,10,0,0,0
LN101157,62,668994.89,646,0.27,53961.6,Employed,Business,3,1,1,0
LN101158,39,311798.46,737,0.548,243116.95,Self-employed,Home,7,1,1,0
LN101159,37,467377.65,567,0.433,57087.76,Unemployed,Home,12,1,0,0
LN101160,49,121207.63,785,0.06,109211.54,Employed,Home,3,1,1,0
LN101161,45,672651.58,550,0.228,38093.88,Unemployed,Business,1,0,0,0
LN101162,62,462370.58,624,0.265,114600.91,Self-employed,Education,6,1,2,0
LN101163,47,293648.05,579,0.247,237296.82,Contract,Vehicle,14,0,1,1
LN101164,46,427773.76,814,0.502,242012.89,Contract,Home,5,0,1,0
LN101165,26,196912.62,612,0.158,216962.67,Employed,Home,6,2,2,0
LN101166,22,218129.83,612,0.148,104536.74,Employed,Education,2,0,1,0
LN101167,40,232499.47,622,0.549,226548.33,Employed,Personal,11,0,2,1
LN101168,69,108286.68,657,0.154,145479.21,Self-employed,Vehicle,5,1,0,0
LN101169,65,481906.28,625,0.256,82695.51,Employed,Vehicle,2,0,1,0
LN101170,51,577760.23,640,0.123,140975.53,Employed,Personal,1,0,2,0
LN101171,51,203984.33,385,0.384,195618.86,Contract,Business,5,0,3,0
LN101172,40,363323.69,654,0.351,46407.62,Contract,Vehicle,3,1,0,0
LN101173,29,259235.06,651,0.178,55213.59,Self-employed,Personal,7,2,1,0
LN101174,21,359363.05,728,0.221,100196.39,Employed,Business,6,1,2,0
LN101175,37,212430.52,748,0.229,49716.54,Contract,Vehicle,7,0,0,0
LN101176,36,184545.98,636,0.233,49257.48,Unemployed,Home,5,1,1,0
LN101177,30,535083.96,711,0.414,83688.27,Employed,Vehicle,1,0,0,1
LN101178,33,289644.31,567,0.129,209615.15,Employed,Home,12,0,3,0
LN101179,22,912275.84,708,0.338,207064.12,Contract,Home,8,1,0,0
LN101180,50,307739.29,607,0.029,135528.57,Employed,Personal,2,1,0,0
LN101181,66,180267.08,561,0.405,123675.72,Self-employed,Business,1,2,1,0
LN101182,54,589102.36,636,0.276,427238.05,Employed,Personal,15,1,1,0
LN101183,42,424419.59,755,0.079,77470.89,Employed,Business,14,0,0,0
LN101184,41,447448.99,664,0.24,128660.68,Employed,Business,3,1,3,0
LN101185,36,577444.8,762,0.219,75011.26,Self-employed,Personal,6,2,0,0
LN101186,27,209504.35,594,0.31,47639.23,Self-employed,Business,9,1,2,0
LN101187,50,279721.13,729,0.03,237615.32,Contract,Business,7,0,2,0
LN101188,48,273003.62,601,0.516,90206.08,Employed,Vehicle,13,0,1,0
LN101189,21,147506.45,667,0.179,172796.51,Contract,Business,9,3,1,0
LN101190,41,259513.28,666,0.085,93737.33,Employed,Business,4,2,1,0
LN101191,34,625650.04,700,0.211,247347.57,Employed,Vehicle,12,2,2,0
LN101192,29,341831.67,669,0.218,57528.27,Contract,Personal,13,2,1,0
LN101193,55,143086.41,595,0.162,234398.73,Employed,Vehicle,1,0,0,0
LN101194,46,127494.19,716,0.157,196706.71,Employed,Vehicle,13,0,1,0
LN101195,52,749502.24,780,0.057,34259.57,Employed,Personal,11,1,2,0
LN101196,55,285461.46,606,0.351,78611.87,Self-employed,Home,14,0,3,0
LN101197,69,210125.9,512,0.074,213581.6,Contract,Personal,14,1,0,0
LN101198,60,258032.88,687,0.212,318857.19,Contract,Education,0,0,0,0
LN101199,51,133121.63,625,0.473,175134.28,Employed,Home,7,3,0,0
LN101200,64,656212.59,640,0.157,85005.64,Employed,Personal,1,0,0,0
LN101201,44,241677.3,692,0.335,58619.05,Employed,Business,0,2,1,0
LN101202,69,636416.56,616,0.197,158984.35,Unemployed,Home,14,0,1,0
LN101203,58,308644.74,630,0.372,83393.19,Employed,Vehicle,3,1,1,0
LN101204,52,658539.87,642,0.37,85726.81,Employed,Home,0,1,2,0
LN101205,65,345490.26,760,0.388,95085.68,Employed,Home,15,0,0,0
LN101206,46,479651.81,652,0.497,195121.51,Employed,Education,6,0,3,1
LN101207,56,445538.49,557,0.145,355907.07,Self-employed,Vehicle,1,2,1,0
LN101208,34,422670.35,560,0.24,214423.26,Employed,Personal,4,1,0,0
LN101209,68,363270.03,660,0.364,110685.05,Self-employed,Vehicle,0,0,2,1
LN101210,51,263938.09,565,0.084,61313.75,Employed,Personal,10,1,0,0
LN101211,59,860291.73,533,0.225,169767.06,Employed,Home,14,1,1,0
LN101212,43,182174.89,698,0.163,324737.84,Self-employed,Business,6,1,1,0
LN101213,63,300711.6,701,0.665,211194.66,Self-employed,Vehicle,13,0,1,0
LN101214,24,302466.25,622,0.705,125902.22,Employed,Home,5,0,0,0
LN101215,26,374325.18,672,0.116,80047.61,Self-employed,Home,7,0,1,0
LN101216,45,236884.46,664,0.423,137667.64,Contract,Education,3,1,2,0
LN101217,56,356699.23,695,0.211,232980.59,Self-employed,Business,0,0,1,0
LN101218,60,273395.39,695,0.535,127929.73,Self-employed,Education,2,1,1,1
LN101219,42,125676.18,455,0.33,102847.68,Self-employed,Vehicle,9,0,1,1
LN101220,52,301580.27,632,0.305,70370.3,Employed,Personal,1,0,2,0
LN101221,48,163771.4,689,0.25,592059.81,Employed,Vehicle,13,1,3,0
LN101222,68,115569.29,619,0.162,61643.94,Employed,Personal,14,0,0,0
LN101223,53,323455.91,653,0.308,58049.61,Employed,Home,4,0,1,0
LN101224,41,392335.88,706,0.493,122381.56,Self-employed,Business,4,0,2,1
LN101225,68,400801.54,656,0.238,96469.55,Self-employed,Business,2,0,1,0
LN101226,26,409823.41,763,0.392,213924.41,Employed,Home,6,0,3,0
LN101227,69,103633.28,735,0.546,218678.64,Unemployed,Home,14,1,2,0
LN101228,28,141914.27,641,0.591,49958.26,Contract,Personal,6,0,1,1
LN101229,35,888219.83,635,0.292,67313.7,Employed,Personal,12,1,0,0
LN101230,61,168648.67,436,0.121,62268.94,Employed,Personal,5,0,4,0
LN101231,56,419785.99,626,0.605,183171.55,Employed,Education,7,1,0,1
LN101232,68,205607.04,549,0.333,145314.62,Unemployed,Home,7,1,0,0
LN101233,57,313438.28,667,0.224,86401.97,Employed,Personal,14,1,0,0
LN101234,52,211768.28,661,0.193,126613.61,Self-employed,Home,7,1,0,0
LN101235,37,408556.46,702,0.058,52900.38,Unemployed,Education,9,1,0,0
LN101236,21,323438.26,755,0.4,67885.4,Self-employed,Vehicle,13,1,2,0
LN101237,27,234445.49,648,0.177,47250.68,Contract,Vehicle,15,0,1,1
LN101238,35,168374.02,821,0.22,120910.26,Employed,Personal,14,0,1,0
LN101239,23,347602.05,667,0.27,120612.35,Employed,Vehicle,1,2,1,0
LN101240,45,153974.52,552,0.601,58011.51,Employed,Education,1,1,2,0
LN101241,59,379516.11,608,0.406,144642.66,Contract,Business,6,0,2,0
LN101242,68,1272004.36,622,0.401,218679.09,Employed,Education,5,1,2,0
LN101243,44,630413.53,694,0.424,56298.4,Employed,Personal,10,1,1,0
LN101244,63,445355.93,579,0.288,88976.46,Contract,Business,6,1,0,0
LN101245,69,286202.17,628,0.13,153597.28,Employed,Personal,6,0,2,0
LN101246,63,103282.56,638,0.18,109545.59,Self-employed,Home,1,1,3,1
LN101247,43,144969.73,616,0.483,45089.79,Employed,Home,5,0,2,1
LN101248,36,607479.57,711,0.305,82596.53,Employed,Vehicle,9,1,0,0
LN101249,68,194302.58,698,0.196,80833.68,Employed,Home,11,2,0,0
LN101250,32,204219.18,737,0.623,98465.76,Contract,Vehicle,2,1,1,0
LN101251,41,273875.8,625,0.421,101229.27,Employed,Home,9,0,1,0
LN101252,24,167277.99,740,0.375,304412.81,Employed,Home,9,0,1,0
LN101253,59,152789.27,548,0.324,96058.03,Self-employed,Vehicle,4,1,1,0
LN101254,52,291786.31,546,0.218,36007.49,Employed,Vehicle,14,0,1,0
LN101255,25,183725.22,559,0.325,116712.73,Employed,Home,7,3,2,0
LN101256,31,199581.42,651,0.254,342584.58,Employed,Personal,4,2,4,0
LN101257,48,195220.06,740,0.25,98677.32,Contract,Business,11,0,2,0
LN101258,47,399846.45,605,0.063,82741.71,Contract,Personal,3,0,0,0
LN101259,60,264043.36,614,0.49,90210.86,Employed,Business,10,2,0,0
LN101260,34,271936.31,634,0.371,160802.12,Self-employed,Home,10,0,2,0
LN101261,66,416590.08,693,0.333,89961.92,Employed,Personal,7,2,4,0
LN101262,42,277455.54,614,0.383,41072.3,Employed,Vehicle,3,0,3,0
LN101263,61,257428.73,610,0.62,71081.38,Employed,Education,4,1,0,0
LN101264,32,388592.09,549,0.25,105470.49,Contract,Personal,3,0,0,1
LN101265,22,433239.76,607,0.13,155809.85,Self-employed,Personal,1,1,0,0
LN101266,23,276688.42,738,0.467,75318.73,Employed,Home,15,1,1,0
LN101267,39,313599.52,657,0.288,90734.83,Employed,Vehicle,13,1,2,0
LN101268,67,195155.73,595,0.288,113259.54,Self-employed,Personal,8,0,5,0
LN101269,23,186868.81,743,0.074,66364.03,Employed,Education,13,0,1,0
LN101270,39,457974.54,606,0.411,103631.88,Employed,Vehicle,10,4,2,1
LN101271,26,383178.37,756,0.228,149033.04,Contract,Home,9,0,2,0
LN101272,66,385367.19,755,0.481,50869.2,Unemployed,Home,11,0,0,1
LN101273,54,350111.74,654,0.261,134246.34,Unemployed,Vehicle,9,1,1,0
LN101274,58,307721.23,538,0.331,54151.23,Self-employed,Education,8,0,3,0
LN101275,55,440015.09,822,0.124,54860.37,Employed,Vehicle,2,0,0,0
LN101276,53,501745.14,679,0.173,71497.54,Employed,Personal,9,1,2,0
LN101277,58,495198.1,626,0.497,267201.29,Contract,Personal,7,0,1,0
LN101278,21,283824.08,722,0.29,36075.49,Employed,Home,3,1,1,0
LN101279,63,643311.13,703,0.41,81362.47,Employed,Home,7,0,4,0
LN101280,57,340166.72,748,0.074,108124.94,Employed,Business,13,1,1,0
LN101281,57,424787.64,600,0.271,234896.65,Contract,Business,7,0,0,0
LN101282,40,350349.36,674,0.271,390193.47,Employed,Business,7,2,0,0
LN101283,60,343654.28,561,0.153,83610.08,Self-employed,Personal,3,0,1,0
LN101284,39,200160.37,700,0.199,156188.59,Self-employed,Business,12,0,3,0
LN101285,23,441211.98,648,0.132,103443.15,Employed,Home,1,0,1,0
LN101286,65,1434676.1,671,0.273,103012.36,Contract,Home,13,0,1,1
LN101287,32,244116.41,639,0.27,131381.53,Contract,Home,14,0,0,0
LN101288,25,311945.84,631,0.246,39249.1,Employed,Education,2,0,1,0
LN101289,51,234714.43,585,0.312,106629.04,Employed,Vehicle,8,0,3,0
LN101290,32,229378.05,709,0.165,147447.67,Self-employed,Education,9,1,0,1
LN101291,63,701506.16,762,0.376,62905.45,Employed,Home,13,0,0,0
LN101292,42,207192.52,608,0.222,148086.36,Employed,Education,5,0,0,0
LN101293,21,231143.38,692,0.183,35765.53,Contract,Business,10,1,0,1
LN101294,67,125293.81,682,0.329,116897.63,Employed,Personal,1,0,1,0
LN101295,46,197768.28,651,0.305,263195.39,Employed,Vehicle,13,0,0,0
LN101296,33,117232.9,536,0.47,95430.36,Employed,Home,12,0,0,0
LN101297,54,424654.14,552,0.276,58245.42,Employed,Vehicle,3,1,0,0
LN101298,46,1399144.07,591,0.233,43560.07,Employed,Education,2,1,0,0
LN101299,22,245208.57,490,0.097,141786.33,Employed,Vehicle,1,1,0,0
LN101300,58,119948.88,756,0.215,201077.63,Self-employed,Personal,13,0,0,0
LN101301,40,492149.38,678,0.509,106061.49,Contract,Business,9,0,2,0
LN101302,55,201134.48,648,0.299,81376.07,Employed,Home,5,0,0,0
LN101303,64,613035.77,486,0.312,31355.52,Contract,Home,8,0,2,0
LN101304,50,256894.76,513,0.359,119235.37,Employed,Home,8,0,0,0
LN101305,53,211935.89,650,0.27,70277.87,Employed,Personal,1,0,1,1
LN101306,33,272028.22,798,0.319,72954.2,Contract,Home,7,0,2,0
LN101307,32,455119.35,598,0.081,314552.42,Self-employed,Personal,9,1,0,0
LN101308,41,264727.54,715,0.171,34104.68,Unemployed,Vehicle,9,0,0,0
LN101309,62,228282.5,614,0.236,37204.8,Employed,Vehicle,2,2,4,0
LN101310,46,268923.0,654,0.588,127848.0,Unemployed,Personal,14,1,1,0
LN101311,38,149047.06,741,0.235,85629.36,Employed,Vehicle,1,2,0,0
LN101312,59,373213.21,624,0.2,78512.66,Employed,Personal,13,1,1,0
LN101313,62,112289.78,598,0.267,131328.74,Employed,Home,15,0,2,0
LN101314,65,234983.59,756,0.318,129907.32,Contract,Personal,12,0,0,0
LN101315,35,455522.15,653,0.395,58417.54,Employed,Business,8,2,0,1
LN101316,55,354411.63,732,0.22,74879.22,Employed,Home,3,1,1,1
LN101317,49,415074.82,599,0.258,113601.07,Unemployed,Education,5,0,1,1
LN101318,42,289457.17,756,0.099,122618.7,Self-employed,Personal,8,2,0,0
LN101319,40,570859.36,671,0.297,150595.17,Employed,Home,1,0,1,0
LN101320,26,498880.72,683,0.304,75295.76,Employed,Education,11,2,2,0
LN101321,34,383431.13,660,0.176,137835.69,Self-employed,Vehicle,14,0,1,0
LN101322,47,499662.39,612,0.243,204017.63,Contract,Personal,11,1,2,0
LN101323,64,453282.44,650,0.545,113401.98,Self-employed,Education,15,1,1,0
LN101324,63,235586.36,617,0.149,102888.09,Employed,Vehicle,7,0,0,0
LN101325,30,143256.69,722,0.391,94384.53,Employed,Personal,4,1,1,0
LN101326,54,378033.06,635,0.322,73639.28,Employed,Personal,0,0,0,0
LN101327,25,405099.03,538,0.577,59787.34,Contract,Home,6,0,0,1
LN101328,54,546504.24,524,0.314,90621.41,Self-employed,Home,1,1,5,0
LN101329,37,179254.35,520,0.096,147451.55,Contract,Vehicle,10,2,1,1
LN101330,43,182225.58,696,0.502,61715.17,Employed,Business,12,0,1,0
LN101331,56,386343.79,564,0.359,104738.84,Employed,Vehicle,1,0,2,0
LN101332,41,288484.29,673,0.471,97129.64,Self-employed,Home,8,1,0,0
LN101333,60,106337.03,660,0.217,349342.96,Self-employed,Vehicle,8,1,2,0
LN101334,47,368740.06,645,0.174,175965.17,Employed,Vehicle,4,1,0,0
LN101335,69,108304.84,683,0.665,174120.43,Self-employed,Vehicle,3,1,3,1
LN101336,52,178375.59,662,0.293,200038.43,Employed,Vehicle,11,0,3,0
LN101337,35,630937.77,447,0.798,77152.12,Self-employed,Vehicle,3,2,1,0
LN101338,58,818493.89,626,0.228,269178.18,Self-employed,Vehicle,0,0,1,0
LN101339,40,153725.95,682,0.417,121990.38,Employed,Personal,9,1,1,0
LN101340,47,250289.22,773,0.332,106852.35,Self-employed,Personal,1,0,2,0
LN101341,27,307115.8,776,0.279,49944.19,Employed,Personal,4,0,2,0
LN101342,26,799076.98,548,0.173,84726.75,Employed,Home,1,0,1,0
LN101343,49,228767.12,624,0.155,34904.65,Unemployed,Business,8,0,2,0
LN101344,30,230787.24,533,0.429,93612.2,Contract,Home,3,0,3,0
LN101345,69,703157.94,764,0.535,75632.41,Employed,Personal,4,0,0,0
LN101346,62,244117.2,726,0.305,84906.61,Self-employed,Personal,6,2,2,0
LN101347,55,446300.91,676,0.347,44683.72,Employed,Vehicle,7,0,1,0
LN101348,57,133133.69,662,0.48,173785.65,Contract,Home,11,0,2,0
LN101349,50,273036.22,754,0.169,161681.21,Employed,Personal,14,1,2,0
LN101350,23,120422.24,741,0.661,329915.57,Employed,Education,9,2,0,0
LN101351,40,167887.46,737,0.593,323899.88,Employed,Business,7,0,0,0
LN101352,45,475964.48,684,0.535,121755.39,Contract,Personal,9,1,1,0
LN101353,65,291877.59,624,0.097,213939.26,Contract,Business,8,1,1,1
LN101354,31,251709.17,708,0.281,130363.82,Employed,Personal,0,3,1,0
LN101355,45,198734.58,711,0.259,83321.02,Employed,Education,7,1,1,0
LN101356,37,265714.29,636,0.052,91808.27,Employed,Business,11,0,2,0
LN101357,27,354034.62,624,0.075,166630.49,Employed,Personal,13,0,0,0
LN101358,26,515113.05,735,0.141,1000000.0,Employed,Home,1,0,1,0
LN101359,38,70806.57,775,0.238,234850.32,Contract,Education,10,0,4,1
LN101360,25,189865.1,594,0.225,129107.47,Employed,Home,1,0,1,1
LN101361,24,327433.64,630,0.555,150647.83,Employed,Business,0,0,1,0
LN101362,38,284123.15,676,0.032,149776.6,Contract,Personal,0,1,1,0
LN101363,30,374517.83,686,0.514,103730.11,Employed,Vehicle,1,1,1,0
LN101364,48,347557.33,611,0.106,179861.28,Employed,Business,1,0,2,0
LN101365,21,253688.0,791,0.183,99427.54,Unemployed,Vehicle,9,2,1,0
LN101366,35,224530.87,682,0.436,56996.95,Contract,Vehicle,14,0,0,0
LN101367,43,262108.01,690,0.164,150439.42,Employed,Vehicle,12,3,1,0
LN101368,68,564302.68,782,0.138,164095.65,Employed,Home,11,0,1,0
LN101369,52,200572.97,616,0.169,100053.69,Self-employed,Home,1,0,0,0
LN101370,64,289813.84,643,0.23,134543.57,Employed,Education,15,1,0,0
LN101371,37,331829.3,556,0.366,205420.41,Employed,Home,8,0,1,0
LN101372,43,707668.3,637,0.471,106357.26,Employed,Business,0,1,0,0
LN101373,41,254324.99,538,0.149,82263.52,Contract,Vehicle,10,0,3,0
LN101374,64,508327.61,706,0.48,69367.95,Employed,Vehicle,11,3,1,0
LN101375,68,590737.14,681,0.343,93271.99,Employed,Home,6,2,0,0
LN101376,68,289662.84,629,0.079,298318.02,Contract,Vehicle,11,0,5,0
LN101377,57,267170.5,642,0.264,96693.57,Employed,Personal,11,1,0,0
LN101378,45,250335.73,707,0.469,138951.22,Self-employed,Business,9,0,0,0
LN101379,47,260624.26,565,0.357,89083.08,Unemployed,Home,5,0,0,0
LN101380,69,479917.59,665,0.45,84253.51,Self-employed,Home,15,0,3,0
LN101381,34,340644.01,702,0.32,62111.67,Employed,Home,9,1,1,0
LN101382,37,341446.78,516,0.576,117408.4,Contract,Education,7,0,1,0
LN101383,64,161565.32,701,0.197,78600.2,Employed,Home,12,0,2,0
LN101384,39,176207.62,524,0.334,251731.32,Employed,Home,3,1,1,0
LN101385,32,975234.77,641,0.422,102575.99,Employed,Personal,15,2,2,0
LN101386,48,272047.95,563,0.587,106861.69,Self-employed,Personal,11,1,1,0
LN101387,36,195910.49,757,0.192,97842.82,Employed,Vehicle,10,0,1,0
LN101388,64,659107.74,563,0.135,140004.15,Employed,Education,4,0,4,0
LN101389,65,350295.53,526,0.358,289910.34,Employed,Personal,5,1,2,0
LN101390,35,412306.78,660,0.11,55959.37,Employed,Home,15,1,2,1
LN101391,46,278065.47,619,0.056,131769.83,Contract,Personal,11,2,1,0
LN101392,69,251769.07,537,0.205,39677.06,Employed,Vehicle,1,2,1,0
LN101393,57,273283.57,689,0.432,243609.3,Employed,Vehicle,12,1,1,0
LN101394,31,140228.96,501,0.098,102533.63,Employed,Vehicle,1,2,2,0
LN101395,49,285837.19,572,0.232,41628.59,Contract,Personal,6,0,5,1
LN101396,51,353046.81,607,0.205,48001.29,Employed,Education,6,0,0,0
LN101397,53,830092.59,710,0.801,186701.09,Employed,Personal,5,0,0,0
LN101398,22,314530.79,747,0.08,37280.47,Employed,Vehicle,7,1,1,0
LN101399,35,83095.05,733,0.684,131810.86,Unemployed,Education,2,1,0,0
LN101400,62,284886.39,639,0.245,83256.41,Self-employed,Business,10,0,1,0
LN101401,32,1353582.08,468,0.193,96920.14,Employed,Vehicle,10,0,0,0
LN101402,35,483129.1,679,0.307,70985.84,Employed,Education,13,1,2,0
LN101403,36,192057.26,760,0.65,59212.22,Employed,Personal,7,0,1,0
LN101404,29,415254.28,743,0.273,80129.7,Employed,Business,8,1,0,0
LN101405,28,199472.24,685,0.482,159534.62,Self-employed,Personal,2,0,1,1
LN101406,38,142478.11,561,0.074,90949.19,Employed,Personal,5,0,1,0
LN101407,63,247690.34,611,0.062,144644.88,Employed,Personal,8,2,1,0
LN101408,21,315488.43,795,0.469,93974.59,Contract,Business,6,3,1,0
LN101409,34,107135.77,544,0.196,163659.72,Employed,Business,15,2,2,0
LN101410,23,159452.31,564,0.274,144054.66,Employed,Home,4,1,2,0
LN101411,48,301710.22,721,0.658,77401.94,Employed,Personal,0,0,1,0
LN101412,33,239675.81,618,0.229,59180.37,Contract,Vehicle,13,0,2,0
LN101413,59,372757.72,561,0.444,204722.33,Contract,Vehicle,8,0,0,0
LN101414,49,153809.51,765,0.197,64830.61,Self-employed,Personal,1,1,2,0
LN101415,59,444320.01,685,0.306,152321.07,Contract,Home,14,1,0,1
LN101416,52,156446.64,621,0.073,112245.76,Employed,Personal,3,1,0,0
LN101417,42,740470.9,564,0.508,81409.31,Employed,Vehicle,15,1,0,0
LN101418,63,116759.4,804,0.5,145421.15,Employed,Personal,5,0,0,0
LN101419,44,164494.58,648,0.51,267628.86,Employed,Vehicle,5,0,1,0
LN101420,67,377411.62,755,0.078,165184.51,Contract,Home,3,2,1,0
LN101421,69,749278.51,717,0.432,119643.76,Employed,Education,2,1,1,0
LN101422,49,356757.45,611,0.46,315589.65,Employed,Personal,12,0,0,0
LN101423,54,408852.45,612,0.135,37047.71,Employed,Personal,6,0,0,1
LN101424,33,302907.59,758,0.378,53385.9,Contract,Personal,8,1,2,0
LN101425,60,170590.05,760,0.393,81335.91,Contract,Personal,5,0,1,0
LN101426,53,229110.95,509,0.024,276729.52,Self-employed,Home,6,1,1,0
LN101427,65,154043.05,691,0.199,203024.14,Employed,Home,7,1,0,0
LN101428,34,148486.2,641,0.277,36049.55,Contract,Vehicle,4,0,3,0
LN101429,59,374182.77,573,0.133,82833.83,Contract,Vehicle,9,1,0,1
LN101430,44,161747.19,670,0.061,46525.15,Self-employed,Education,7,0,1,0
LN101431,30,357643.68,549,0.334,107145.47,Self-employed,Vehicle,12,0,0,0
LN101432,29,146610.58,615,0.083,197684.32,Employed,Vehicle,12,0,0,0
LN101433,48,353114.77,590,0.224,207401.25,Self-employed,Vehicle,10,1,2,0
LN101434,36,229294.47,613,0.673,130933.05,Contract,Personal,1,1,1,1
LN101435,25,650291.69,645,0.062,83447.45,Employed,Business,14,1,1,1
LN101436,41,358463.87,574,0.392,103386.11,Employed,Personal,11,0,3,0
LN101437,52,591974.21,768,0.205,171504.99,Employed,Vehicle,11,1,1,0
LN101438,36,197982.13,687,0.175,505843.64,Unemployed,Vehicle,10,2,0,0
LN101439,67,309408.16,785,0.36,50915.41,Employed,Home,8,1,2,1
LN101440,59,174894.78,638,0.182,308966.37,Unemployed,Vehicle,9,0,3,0
LN101441,46,238960.82,609,0.319,128910.31,Self-employed,Education,1,0,0,0
LN101442,66,259725.46,782,0.525,187474.9,Employed,Business,14,1,1,0
LN101443,42,201252.52,607,0.625,124069.05,Employed,Vehicle,12,0,2,0
LN101444,27,153738.93,637,0.385,274021.42,Employed,Vehicle,14,1,3,1
LN101445,22,137875.06,704,0.362,136288.41,Employed,Home,11,0,2,0
LN101446,66,82840.83,557,0.244,72152.74,Employed,Education,4,0,1,0
LN101447,68,167803.21,703,0.201,147385.93,Employed,Business,5,0,0,0
LN101448,57,423648.51,694,0.175,228808.21,Employed,Vehicle,13,0,1,0
LN101449,26,124537.68,745,0.139,110015.31,Employed,Education,3,1,2,0
LN101450,35,141360.72,717,0.259,28569.16,Contract,Home,9,4,0,0
LN101451,23,803338.92,747,0.11,102081.69,Employed,Education,10,0,1,0
LN101452,23,211391.03,642,0.284,117238.82,Contract,Home,2,0,2,0
LN101453,33,357937.28,585,0.292,106834.1,Employed,Home,1,0,3,0
LN101454,49,427116.54,808,0.141,79711.97,Self-employed,Personal,0,1,4,0
LN101455,24,431890.4,535,0.204,259937.53,Employed,Home,12,1,1,0
LN101456,69,129866.84,543,0.174,23524.71,Employed,Home,4,1,0,0
LN101457,43,264198.22,692,0.331,116928.85,Self-employed,Vehicle,3,0,1,0
LN101458,33,123193.65,772,0.439,117998.1,Contract,Home,14,2,2,0
LN101459,46,1152002.83,664,0.215,429290.99,Employed,Personal,9,0,3,0
LN101460,59,124786.1,725,0.263,108972.69,Employed,Vehicle,0,1,3,0
LN101461,36,168590.1,500,0.34,146956.87,Contract,Personal,4,0,1,0
LN101462,23,169262.71,613,0.08,119311.59,Contract,Education,7,1,0,0
LN101463,23,131712.2,509,0.398,116963.12,Self-employed,Vehicle,7,0,1,0
LN101464,62,631254.51,709,0.12,345987.86,Employed,Home,12,0,1,0
LN101465,26,1136977.63,534,0.073,53405.06,Employed,Personal,12,0,0,0
LN101466,52,230931.35,554,0.261,71292.94,Contract,Education,0,0,0,0
LN101467,39,145118.37,689,0.523,179592.76,Employed,Personal,4,3,0,1
LN101468,59,87660.68,730,0.25,129985.98,Employed,Education,9,2,0,0
LN101469,23,262308.86,638,0.218,91503.91,Self-employed,Personal,0,0,2,0
LN101470,64,252088.82,693,0.489,105069.06,Employed,Education,9,0,1,0
LN101471,55,209677.28,690,0.191,199244.23,Employed,Personal,1,0,0,0
LN101472,43,338843.67,634,0.175,150775.0,Self-employed,Education,9,1,2,0
LN101473,31,372831.92,568,0.122,69203.72,Contract,Business,1,0,3,0
LN101474,68,358338.57,692,0.375,128385.18,Contract,Business,11,2,2,1
LN101475,35,252122.18,696,0.526,106496.14,Employed,Vehicle,7,1,4,0
LN101476,45,163676.26,717,0.676,149344.31,Contract,Personal,15,0,1,0
LN101477,40,432676.65,673,0.309,89280.2,Self-employed,Home,1,1,3,1
LN101478,32,302071.89,562,0.135,50153.09,Employed,Business,13,0,1,0
LN101479,41,489008.13,702,0.316,170293.18,Employed,Vehicle,6,0,1,0
LN101480,28,463276.48,650,0.175,157131.47,Unemployed,Education,7,2,1,0
LN101481,21,137251.27,614,0.55,276006.58,Employed,Home,11,0,2,0
LN101482,35,136313.89,628,0.235,46755.48,Employed,Business,9,0,1,0
LN101483,26,197993.67,598,0.255,105081.05,Self-employed,Business,14,0,0,0
LN101484,41,167810.69,717,0.435,94700.59,Self-employed,Education,13,0,0,0
LN101485,63,454487.75,544,0.277,85024.57,Employed,Home,3,1,1,0
LN101486,28,363945.01,575,0.546,40399.5,Self-employed,Personal,4,0,3,0
LN101487,21,549129.16,625,0.272,55003.42,Self-employed,Vehicle,14,1,2,0
LN101488,26,373101.4,771,0.538,131147.05,Contract,Business,12,0,1,0
LN101489,45,336480.35,729,0.347,79490.95,Self-employed,Vehicle,15,1,0,0
LN101490,34,580351.44,527,0.382,64284.21,Employed,Education,14,1,1,0
LN101491,44,388437.59,751,0.699,278728.36,Contract,Home,10,0,0,0
LN101492,22,311449.75,751,0.086,514604.72,Employed,Business,15,0,3,0
LN101493,37,677244.01,562,0.151,106038.35,Employed,Education,11,1,1,0
LN101494,41,319619.73,461,0.236,41432.46,Employed,Business,14,2,1,0
LN101495,42,253761.57,645,0.361,142329.28,Employed,Vehicle,7,0,0,0
LN101496,48,189233.12,734,0.355,28360.28,Employed,Education,15,0,1,0
LN101497,59,441618.54,769,0.06,45735.33,Employed,Home,1,1,2,0
LN101498,43,592387.08,585,0.169,143933.61,Employed,Personal,14,0,2,0
LN101499,62,291768.13,781,0.331,44748.29,Self-employed,Home,15,0,2,0
LN101500,46,615931.69,483,0.425,90745.45,Employed,Vehicle,12,0,1,0
LN101501,33,101521.87,622,0.428,41935.07,Self-employed,Personal,15,0,0,1
LN101502,32,290988.32,619,0.183,114097.01,Self-employed,Home,6,0,2,0
LN101503,36,293456.75,736,0.083,228283.14,Employed,Personal,5,1,2,0
LN101504,50,201126.8,747,0.348,73856.85,Contract,Personal,2,1,1,0
LN101505,32,1113102.06,722,0.183,108620.45,Employed,Education,3,0,0,0
LN101506,65,289274.63,549,0.395,64727.13,Self-employed,Personal,13,2,1,1
LN101507,44,239734.14,715,0.079,67742.74,Employed,Home,1,0,1,0
LN101508,63,304314.48,688,0.624,64077.25,Contract,Vehicle,3,1,0,0
LN101509,54,99706.9,525,0.1,183338.64,Contract,Business,7,2,0,0
LN101510,37,197523.02,495,0.207,43890.77,Employed,Home,5,1,2,1
LN101511,32,515204.78,728,0.148,88657.02,Unemployed,Business,14,0,0,0
LN101512,57,212270.74,636,0.448,143575.54,Employed,Education,0,1,0,1
LN101513,37,190166.72,554,0.295,198710.56,Contract,Home,0,0,2,0
LN101514,33,616477.35,634,0.209,146477.99,Employed,Vehicle,4,0,1,0
LN101515,66,626984.86,677,0.291,104927.39,Employed,Education,9,0,0,1
LN101516,44,398667.3,644,0.242,75997.66,Self-employed,Business,5,2,1,0
LN101517,23,233566.76,534,0.239,200725.04,Employed,Personal,13,1,3,0
LN101518,45,262978.79,791,0.165,62601.21,Contract,Education,1,1,1,0
LN101519,43,192770.43,725,0.466,63215.41,Contract,Business,6,3,0,0
LN101520,63,173583.24,625,0.092,264966.87,Self-employed,Vehicle,10,0,1,0
LN101521,55,168907.87,628,0.308,139024.54,Employed,Vehicle,9,1,1,1
LN101522,30,213546.06,677,0.112,142255.48,Unemployed,Personal,8,1,1,0
LN101523,28,169810.98,565,0.729,162314.75,Contract,Education,7,0,3,0
LN101524,50,126943.82,674,0.27,103422.72,Self-employed,Home,1,1,1,1
LN101525,23,338476.26,550,0.381,43206.02,Employed,Personal,1,0,0,1
LN101526,36,341316.45,645,0.086,129507.48,Employed,Vehicle,0,0,1,0
LN101527,27,764497.3,562,0.09,108703.94,Employed,Education,8,0,0,0
LN101528,22,207721.11,566,0.367,62933.79,Contract,Business,14,0,0,0
LN101529,66,353059.92,773,0.165,54195.43,Employed,Vehicle,1,1,0,0
LN101530,25,356300.47,654,0.425,106722.41,Employed,Personal,1,1,1,0
LN101531,21,260909.03,666,0.238,45509.02,Employed,Business,10,2,4,0
LN101532,66,451766.72,499,0.114,100209.72,Employed,Vehicle,8,0,0,0
LN101533,30,459509.0,605,0.432,92652.37,Self-employed,Home,4,0,0,0
LN101534,61,359192.54,685,0.468,101802.33,Contract,Business,0,0,1,0
LN101535,22,260650.55,665,0.384,142908.81,Contract,Education,12,0,1,0
LN101536,28,246445.51,488,0.427,164803.0,Employed,Vehicle,10,1,1,0
LN101537,26,141389.41,666,0.182,69269.68,Employed,Home,9,1,4,0
LN101538,55,192583.09,677,0.134,193609.81,Employed,Home,3,0,0,0
LN101539,51,213082.27,746,0.156,95381.95,Contract,Education,14,1,0,0
LN101540,44,161676.59,601,0.22,343822.75,Contract,Personal,1,0,0,0
LN101541,32,382122.28,482,0.555,75185.38,Employed,Education,11,1,1,1
LN101542,25,579362.18,575,0.289,38594.73,Employed,Vehicle,11,2,0,0
LN101543,48,182062.15,568,0.379,189113.57,Contract,Business,11,0,0,0
LN101544,32,350610.27,705,0.375,145058.04,Employed,Vehicle,9,0,0,0
LN101545,49,169867.95,446,0.085,240221.24,Employed,Home,4,0,1,0
LN101546,54,253680.42,616,0.331,134524.84,Employed,Business,7,0,0,0
LN101547,62,205223.82,757,0.058,503450.88,Employed,Vehicle,7,0,2,0
LN101548,45,417725.74,651,0.322,97290.68,Employed,Education,13,1,2,0
LN101549,21,206530.68,717,0.375,217147.44,Self-employed,Personal,11,0,1,0
LN101550,34,523321.35,527,0.199,78173.68,Self-employed,Vehicle,7,2,1,0
LN101551,62,262076.4,530,0.065,151431.76,Employed,Education,11,0,0,1
LN101552,47,209872.55,758,0.194,170919.89,Self-employed,Business,15,0,4,0
LN101553,51,150575.49,658,0.402,188980.94,Employed,Vehicle,11,0,1,0
LN101554,43,344827.73,658,0.194,182197.75,Employed,Business,5,0,0,0
LN101555,28,490856.88,566,0.02,13418.07,Employed,Home,0,1,1,0
LN101556,64,348664.16,658,0.312,105197.56,Employed,Business,14,1,0,1
LN101557,58,1027763.02,564,0.438,75691.09,Unemployed,Vehicle,0,1,1,1
LN101558,69,658632.41,739,0.121,86043.67,Employed,Education,8,0,4,0
LN101559,62,253317.14,850,0.473,91493.14,Employed,Education,1,0,2,0
LN101560,35,251858.49,686,0.221,207646.78,Contract,Home,14,0,2,0
LN101561,33,388431.05,602,0.549,125481.31,Employed,Home,0,1,0,0
LN101562,33,189212.73,460,0.434,79090.3,Employed,Personal,10,0,0,1
LN101563,66,569774.71,524,0.402,42355.92,Employed,Personal,12,1,0,0
LN101564,48,366010.77,767,0.271,297962.56,Employed,Home,11,2,2,0
LN101565,43,345445.5,573,0.289,72220.48,Employed,Personal,8,0,0,0
LN101566,68,437732.06,622,0.359,101040.47,Self-employed,Vehicle,9,0,0,0
LN101567,50,773819.71,699,0.283,441750.45,Employed,Education,8,3,5,1
LN101568,65,329576.31,761,0.165,73509.19,Employed,Education,12,0,3,0
LN101569,69,281916.31,635,0.427,91954.04,Contract,Personal,1,2,1,0
LN101570,24,687855.14,620,0.472,127918.96,Employed,Education,14,3,1,0
LN101571,38,510778.08,655,0.066,38730.03,Employed,Home,12,2,0,0
LN101572,56,251449.85,603,0.311,35920.6,Employed,Vehicle,15,1,3,0
LN101573,60,300856.99,607,0.446,80433.58,Employed,Vehicle,1,2,3,0
LN101574,28,334033.73,681,0.371,82263.57,Employed,Education,3,0,2,1
LN101575,36,366053.54,664,0.31,120028.28,Employed,Home,3,0,1,0
LN101576,47,142259.46,810,0.359,58252.33,Employed,Vehicle,6,0,2,0
LN101577,60,128434.1,683,0.161,145848.39,Employed,Home,13,1,0,0
LN101578,26,184143.98,736,0.741,27075.1,Contract,Vehicle,12,0,0,0
LN101579,50,176474.49,570,0.109,105087.25,Employed,Education,11,1,1,0
LN101580,35,210540.76,689,0.191,139016.82,Employed,Business,6,0,2,0
LN101581,31,425333.4,596,0.358,136178.85,Employed,Home,1,0,2,0
LN101582,46,273382.37,680,0.289,98956.03,Employed,Home,11,1,4,0
LN101583,41,334220.02,702,0.634,71611.83,Employed,Vehicle,1,1,0,0
LN101584,52,152996.58,654,0.173,97102.26,Employed,Personal,3,1,1,0
LN101585,36,232730.07,831,0.178,245317.64,Employed,Personal,6,1,2,0
LN101586,61,414376.17,757,0.132,74502.04,Contract,Vehicle,12,1,1,0
LN101587,24,416133.59,738,0.551,207732.74,Contract,Home,9,0,3,0
LN101588,63,201394.74,707,0.142,230370.62,Employed,Business,1,1,0,0
LN101589,22,327896.1,782,0.513,35593.06,Contract,Education,3,0,2,1
LN101590,57,1005408.09,542,0.407,101208.45,Employed,Personal,13,0,0,0
LN101591,37,297110.35,753,0.231,58261.89,Contract,Vehicle,9,1,1,0
LN101592,39,204901.56,576,0.222,41441.73,Self-employed,Personal,10,0,1,0
LN101593,21,272656.61,608,0.28,184067.11,Self-employed,Personal,5,0,1,0
LN101594,55,315601.36,692,0.386,149626.21,Employed,Home,13,1,0,0
LN101595,29,276065.97,742,0.483,130546.43,Self-employed,Home,9,0,1,0
LN101596,53,294870.83,563,0.472,54320.81,Employed,Home,1,0,1,0
LN101597,56,135624.05,612,0.178,126126.09,Self-employed,Personal,11,1,0,0
LN101598,62,176679.21,657,0.609,46931.04,Employed,Vehicle,4,1,2,0
LN101599,55,276344.45,636,0.234,115665.29,Employed,Vehicle,13,0,0,0
LN101600,35,273933.42,714,0.474,71555.42,Employed,Education,10,0,3,0
LN101601,57,219725.35,850,0.233,217781.96,Employed,Personal,3,1,3,0
LN101602,61,272169.49,681,0.409,86872.03,Employed,Vehicle,0,0,2,0
LN101603,36,310238.28,595,0.583,127841.06,Employed,Vehicle,1,0,1,1
LN101604,27,489292.21,553,0.381,128017.83,Employed,Vehicle,3,0,0,0
LN101605,64,284068.67,626,0.631,104711.67,Employed,Home,1,0,0,0
LN101606,28,373638.68,579,0.096,117795.05,Employed,Home,10,0,0,1
LN101607,50,222717.09,685,0.24,134013.1,Employed,Business,2,1,1,0
LN101608,32,410935.03,684,0.218,61425.45,Unemployed,Business,7,0,3,0
LN101609,27,368866.26,615,0.516,142935.14,Employed,Personal,5,3,1,0
LN101610,59,482983.18,799,0.367,192865.31,Self-employed,Vehicle,10,0,0,0
LN101611,28,444160.39,595,0.216,142416.6,Employed,Home,0,0,2,0
LN101612,53,414713.15,641,0.242,87380.11,Employed,Education,6,2,0,0
LN101613,54,284192.81,698,0.698,123203.99,Employed,Home,13,0,0,1
LN101614,23,343263.73,717,0.225,86837.24,Employed,Business,3,1,1,0
LN101615,29,538459.55,746,0.281,101829.46,Contract,Personal,13,1,0,0
LN101616,59,209587.53,682,0.084,50829.84,Employed,Business,2,1,1,0
LN101617,45,212333.51,729,0.542,269757.46,Employed,Business,11,1,3,1
LN101618,26,331480.75,600,0.328,387047.44,Self-employed,Vehicle,4,1,2,0
LN101619,69,376977.8,719,0.229,69611.19,Self-employed,Vehicle,5,1,1,0
LN101620,33,190666.13,718,0.184,183367.34,Self-employed,Personal,8,0,2,0
LN101621,21,287914.36,763,0.29,283750.32,Employed,Education,11,3,1,0
LN101622,66,284884.3,525,0.346,59028.64,Contract,Business,8,0,0,0
LN101623,21,88710.51,582,0.033,27044.92,Employed,Vehicle,9,0,1,0
LN101624,48,265869.55,712,0.229,294830.3,Employed,Education,4,0,3,1
LN101625,69,275133.84,451,0.367,109264.26,Contract,Education,10,0,3,0
LN101626,49,274684.0,687,0.365,78477.46,Contract,Home,1,0,3,0
LN101627,49,653626.0,729,0.373,113437.38,Unemployed,Education,1,0,2,0
LN101628,40,153713.95,607,0.476,86537.59,Employed,Home,2,1,1,0
LN101629,27,190612.02,618,0.311,753047.18,Contract,Vehicle,13,1,2,0
LN101630,49,71312.73,569,0.073,77907.36,Employed,Education,9,1,4,0
LN101631,64,230275.94,611,0.434,136079.86,Contract,Home,5,2,1,0
LN101632,25,241333.19,613,0.14,254790.13,Self-employed,Personal,10,0,1,0
LN101633,64,226624.63,599,0.375,253993.34,Employed,Home,4,1,1,1
LN101634,41,551700.33,595,0.141,224274.89,Employed,Personal,11,1,3,0
LN101635,47,481603.96,630,0.329,83411.91,Self-employed,Home,6,1,2,0
LN101636,29,313125.38,629,0.266,99645.24,Employed,Personal,9,0,1,0
LN101637,51,244678.55,791,0.523,26764.55,Unemployed,Vehicle,3,1,0,0
LN101638,29,527520.01,620,0.243,104800.48,Contract,Personal,0,0,2,0
LN101639,34,296757.6,676,0.385,112370.87,Contract,Education,15,1,1,0
LN101640,56,191279.16,607,0.678,178145.47,Employed,Vehicle,10,0,2,1
LN101641,23,116727.91,606,0.426,353381.13,Self-employed,Personal,10,1,1,0
LN101642,42,235346.64,522,0.176,174658.32,Self-employed,Vehicle,9,0,2,0
LN101643,50,454335.75,532,0.135,220610.72,Employed,Vehicle,14,1,1,1
LN101644,27,1049300.21,559,0.234,108758.24,Employed,Vehicle,0,0,2,0
LN101645,35,310339.91,664,0.565,253477.18,Self-employed,Personal,15,2,2,0
LN101646,37,196927.76,731,0.129,110798.85,Employed,Personal,7,0,1,0
LN101647,53,156342.89,516,0.203,230874.53,Employed,Business,9,3,1,0
LN101648,68,406408.04,609,0.438,185564.98,Employed,Home,15,2,0,0
LN101649,61,113663.65,547,0.181,141989.36,Employed,Home,12,1,0,0
LN101650,30,406048.37,630,0.272,40407.14,Employed,Education,5,0,2,0
LN101651,21,470371.99,731,0.163,223890.24,Employed,Personal,14,1,0,0
LN101652,23,381357.09,616,0.624,140649.15,Employed,Home,1,3,1,0
LN101653,50,265859.65,646,0.568,173669.51,Contract,Vehicle,2,2,0,0
LN101654,28,409321.06,759,0.352,134866.07,Employed,Business,3,1,1,0
LN101655,32,329573.23,684,0.152,150857.4,Employed,Vehicle,4,1,1,0
LN101656,62,195549.66,593,0.542,256186.44,Employed,Vehicle,10,1,2,0
LN101657,63,830069.35,662,0.052,80836.62,Employed,Vehicle,6,1,0,0
LN101658,62,247239.82,588,0.118,149074.39,Self-employed,Home,13,2,0,0
LN101659,33,459641.23,682,0.278,66363.53,Contract,Vehicle,9,2,2,0
LN101660,51,79324.31,689,0.157,160023.78,Contract,Home,9,1,0,0
LN101661,50,605370.98,547,0.478,129517.63,Employed,Vehicle,12,2,0,0
LN101662,30,672903.91,663,0.065,72992.06,Employed,Vehicle,6,1,3,1
LN101663,48,304963.18,641,0.125,116905.03,Self-employed,Vehicle,5,0,1,0
LN101664,46,407934.47,691,0.344,76006.53,Unemployed,Vehicle,1,1,1,0
LN101665,40,407877.07,712,0.193,86037.2,Unemployed,Business,13,1,2,0
LN101666,57,210661.27,686,0.066,138532.49,Unemployed,Vehicle,3,1,1,0
LN101667,54,405329.27,627,0.34,130966.25,Employed,Home,10,1,1,0
LN101668,47,192295.97,720,0.15,31568.81,Contract,Personal,12,1,1,0
LN101669,56,214640.85,585,0.492,139951.8,Employed,Personal,5,1,1,0
LN101670,58,557577.33,551,0.434,90315.93,Employed,Education,2,0,2,0
LN101671,48,512778.62,410,0.223,84030.53,Self-employed,Vehicle,10,0,0,0
LN101672,34,203420.64,645,0.27,52869.66,Employed,Personal,5,4,1,1
LN101673,58,200400.02,588,0.26,106801.93,Employed,Personal,13,0,1,0
LN101674,56,210335.6,680,0.394,78297.75,Employed,Vehicle,7,1,1,0
LN101675,69,448870.41,502,0.41,251708.12,Employed,Vehicle,5,1,2,0
LN101676,28,173086.39,601,0.327,35281.19,Employed,Home,11,0,1,0
LN101677,41,365028.13,685,0.239,58787.55,Employed,Home,6,0,2,0
LN101678,66,452391.62,573,0.503,56256.39,Employed,Home,12,0,0,0
LN101679,46,285787.2,681,0.481,130139.62,Employed,Vehicle,11,0,1,0
LN101680,67,522861.97,608,0.403,235806.97,Self-employed,Business,14,0,0,0
LN101681,21,253765.82,648,0.045,152552.61,Employed,Personal,6,0,3,0
LN101682,22,266709.99,695,0.315,53998.69,Contract,Home,1,0,2,0
LN101683,60,175264.64,721,0.206,83219.37,Employed,Home,2,0,1,0
LN101684,38,524911.68,657,0.276,65008.34,Contract,Education,0,2,0,0
LN101685,46,196801.62,589,0.129,153010.37,Unemployed,Vehicle,13,1,1,0
LN101686,41,363637.31,616,0.494,82126.42,Contract,Personal,3,2,1,0
LN101687,40,288460.64,698,0.087,43910.86,Employed,Business,3,1,2,0
LN101688,67,168132.4,573,0.212,160860.83,Self-employed,Education,9,1,1,0
LN101689,25,214599.98,637,0.14,250034.38,Employed,Home,3,1,3,0
LN101690,58,641854.86,621,0.125,97938.85,Contract,Business,15,2,1,1
LN101691,64,335188.86,642,0.516,118954.45,Employed,Vehicle,13,0,1,0
LN101692,53,172216.05,574,0.376,41321.57,Employed,Vehicle,7,1,1,0
LN101693,40,354856.34,511,0.513,28846.13,Employed,Personal,10,0,1,1
LN101694,28,276834.47,689,0.135,33068.33,Contract,Vehicle,6,1,1,0
LN101695,54,1800000.0,722,0.309,106848.42,Self-employed,Vehicle,6,1,2,0
LN101696,43,350934.85,516,0.468,90045.77,Employed,Personal,7,2,0,1
LN101697,28,243334.93,678,0.096,156887.9,Employed,Home,6,0,1,0
LN101698,38,655106.51,731,0.127,96737.95,Contract,Home,6,1,1,0
LN101699,68,108985.25,695,0.265,209039.99,Unemployed,Education,2,1,2,0
LN101700,34,315973.57,619,0.292,193921.54,Employed,Home,10,1,2,1
LN101701,29,898492.31,579,0.022,89200.03,Self-employed,Personal,1,1,0,0
LN101702,54,281426.94,656,0.045,57296.82,Employed,Business,14,0,1,0
LN101703,30,115638.26,669,0.569,31657.51,Employed,Business,14,0,1,0
LN101704,66,241296.77,657,0.053,279303.85,Employed,Home,3,2,1,0
LN101705,63,667652.21,636,0.133,59610.9,Self-employed,Business,0,1,1,0
LN101706,69,368935.1,569,0.331,41587.44,Employed,Home,7,1,2,1
LN101707,65,189125.65,682,0.201,119687.92,Contract,Vehicle,0,0,1,0
LN101708,32,205798.79,685,0.145,41828.52,Employed,Home,6,0,2,0
LN101709,31,220510.94,665,0.099,119609.67,Employed,Personal,12,1,0,0
LN101710,37,365929.73,658,0.332,88400.56,Employed,Vehicle,4,0,3,0
LN101711,44,626275.49,776,0.659,200511.52,Self-employed,Personal,14,0,0,0
LN101712,64,535186.42,603,0.012,189489.38,Employed,Personal,0,2,0,0
LN101713,56,385518.5,746,0.236,225346.69,Employed,Vehicle,11,0,1,0
LN101714,52,144225.47,595,0.672,125782.03,Employed,Personal,8,1,0,1
LN101715,64,144520.24,733,0.444,62963.76,Employed,Vehicle,3,1,0,0
LN101716,52,402248.91,743,0.253,56064.6,Employed,Home,6,1,1,0
LN101717,39,143132.87,628,0.175,77907.92,Employed,Vehicle,4,2,0,0
LN101718,41,264997.56,775,0.329,402123.4,Employed,Personal,9,0,1,0
LN101719,46,354626.53,685,0.069,93551.13,Employed,Home,15,1,2,0
LN101720,25,160469.8,584,0.414,122136.64,Employed,Personal,8,2,2,0
LN101721,57,170790.59,622,0.546,295174.76,Employed,Vehicle,11,0,2,0
LN101722,52,284865.14,735,0.621,129797.94,Employed,Personal,9,0,1,0
LN101723,56,395752.94,719,0.169,67616.84,Employed,Home,13,0,0,0
LN101724,47,537870.49,571,0.568,176811.26,Employed,Vehicle,9,0,2,1
LN101725,59,418912.41,640,0.591,83260.24,Employed,Education,7,0,0,0
LN101726,67,312402.87,665,0.41,132742.58,Self-employed,Education,1,0,1,0
LN101727,48,199014.04,612,0.217,153451.16,Self-employed,Vehicle,12,1,1,0
LN101728,42,166464.76,827,0.324,79772.75,Employed,Education,14,0,1,0
LN101729,26,226512.49,668,0.135,124166.31,Employed,Vehicle,15,1,0,0
LN101730,59,375871.39,645,0.3,311223.22,Employed,Home,11,1,2,0
LN101731,65,361017.17,739,0.11,73202.74,Employed,Home,5,1,1,0
LN101732,55,94522.36,623,0.31,258904.83,Employed,Business,11,0,2,0
LN101733,63,194738.98,726,0.196,74937.73,Contract,Home,5,0,1,0
LN101734,63,581878.48,525,0.211,354896.11,Employed,Vehicle,14,1,0,0
LN101735,60,313359.39,616,0.279,63080.68,Contract,Vehicle,0,1,0,0
LN101736,45,137610.55,729,0.278,85155.09,Employed,Personal,14,0,1,0
LN101737,25,1096067.58,768,0.31,293197.55,Employed,Vehicle,11,0,0,0
LN101738,21,295262.42,592,0.235,301699.55,Employed,Vehicle,14,0,0,0
LN101739,31,370615.88,583,0.048,187252.45,Employed,Business,3,0,1,0
LN101740,42,373725.32,693,0.293,54449.75,Employed,Business,8,0,3,0
LN101741,57,245084.97,603,0.12,116052.93,Contract,Home,4,0,1,0
LN101742,43,201062.73,630,0.362,110089.31,Employed,Personal,11,0,2,0
LN101743,22,963626.45,716,0.252,63067.27,Contract,Business,10,1,2,0
LN101744,31,520893.55,609,0.509,173023.0,Contract,Business,11,0,3,0
LN101745,68,471466.45,503,0.323,66395.54,Self-employed,Vehicle,11,0,1,0
LN101746,69,411883.91,552,0.504,47541.23,Contract,Personal,0,1,2,1
LN101747,39,172769.43,651,0.274,38356.21,Employed,Vehicle,6,1,2,0
LN101748,60,605723.78,510,0.119,334779.57,Contract,Personal,4,0,0,0
LN101749,56,188681.33,628,0.361,78938.28,Self-employed,Education,15,0,2,0
LN101750,66,350580.45,546,0.602,80022.03,Employed,Personal,8,0,0,0
LN101751,64,121768.05,773,0.564,56291.58,Self-employed,Business,2,0,1,0
LN101752,51,97642.23,812,0.54,267636.96,Contract,Home,6,0,0,0
LN101753,40,357395.37,571,0.534,44849.74,Contract,Vehicle,8,4,4,1
LN101754,51,192246.4,669,0.109,50289.35,Employed,Education,5,1,1,0
LN101755,36,100458.06,578,0.021,89236.67,Employed,Vehicle,9,1,3,0
LN101756,38,403879.96,627,0.59,108468.73,Employed,Education,12,1,2,0
LN101757,50,962781.89,785,0.115,168779.53,Contract,Personal,9,0,1,0
LN101758,48,644220.22,615,0.473,70905.18,Employed,Personal,9,1,2,1
LN101759,49,260410.08,629,0.114,300154.5,Self-employed,Personal,10,0,0,0
LN101760,39,301463.03,579,0.115,71219.62,Employed,Home,4,0,2,0
LN101761,41,488833.0,736,0.13,57105.63,Contract,Home,10,1,0,0
LN101762,21,556102.64,405,0.085,53679.25,Contract,Business,0,2,0,0
LN101763,50,248349.7,617,0.515,66516.57,Employed,Vehicle,12,0,1,0
LN101764,49,305692.66,647,0.443,51466.33,Employed,Personal,6,0,0,1
LN101765,66,353937.6,600,0.394,179211.82,Contract,Home,13,1,1,0
LN101766,45,406837.75,715,0.105,57393.63,Employed,Personal,4,0,4,0
LN101767,43,278826.7,740,0.235,100901.18,Employed,Home,15,2,1,0
LN101768,24,280826.09,544,0.278,56332.59,Contract,Personal,8,1,1,1
LN101769,30,640782.61,807,0.111,51268.71,Self-employed,Home,15,2,2,0
LN101770,37,583485.07,543,0.307,225817.94,Contract,Home,4,0,2,0
LN101771,39,390082.51,747,0.271,311775.85,Employed,Vehicle,8,0,1,0
LN101772,38,772237.75,661,0.195,250969.43,Self-employed,Home,11,1,0,0
LN101773,40,242557.14,612,0.251,42271.46,Contract,Business,11,0,2,0
LN101774,58,732466.69,619,0.053,46260.97,Self-employed,Vehicle,4,0,3,0
LN101775,27,404303.55,647,0.41,397989.95,Contract,Education,6,1,2,0
LN101776,37,1800000.0,666,0.472,93238.81,Contract,Home,3,1,2,0
LN101777,28,155697.87,581,0.244,45009.04,Employed,Education,10,1,4,0
LN101778,36,205334.96,632,0.133,222279.24,Employed,Home,6,0,2,0
LN101779,54,377707.95,592,0.406,114925.1,Self-employed,Personal,0,0,2,0
LN101780,23,373254.77,559,0.038,159278.37,Contract,Business,4,0,0,0
LN101781,37,876870.15,589,0.258,25683.57,Contract,Vehicle,5,0,1,0
LN101782,22,207716.96,564,0.1,88979.12,Employed,Personal,8,0,2,0
LN101783,67,493482.63,618,0.074,203812.93,Self-employed,Business,14,0,0,0
LN101784,56,568577.22,682,0.259,72547.75,Self-employed,Business,15,1,1,0
LN101785,32,442012.77,659,0.52,245483.71,Employed,Personal,10,1,0,0
LN101786,30,176838.08,798,0.264,46739.5,Employed,Business,14,0,1,0
LN101787,25,650700.72,484,0.187,102237.98,Unemployed,Vehicle,0,2,1,0
LN101788,44,589875.32,685,0.091,320434.96,Employed,Education,13,2,2,0
LN101789,57,417195.09,650,0.535,52061.31,Employed,Personal,8,1,1,0
LN101790,49,335685.16,711,0.056,131228.56,Employed,Home,5,0,1,0
LN101791,64,339726.84,704,0.56,160901.96,Employed,Vehicle,5,0,4,0
LN101792,37,287285.87,638,0.176,116733.42,Self-employed,Vehicle,5,0,1,0
LN101793,34,426756.8,663,0.36,93498.85,Contract,Home,12,1,3,0
LN101794,44,305181.49,594,0.219,62232.25,Self-employed,Vehicle,7,0,1,0
LN101795,30,188122.57,696,0.32,124990.21,Contract,Personal,1,0,0,0
LN101796,68,168520.44,509,0.384,102899.57,Self-employed,Personal,14,1,0,1
LN101797,30,198375.67,708,0.322,43245.31,Employed,Personal,9,3,0,0
LN101798,44,338984.78,648,0.288,224838.24,Employed,Personal,6,0,1,1
LN101799,46,295585.09,613,0.084,60882.6,Employed,Home,11,1,2,0
LN101800,23,337721.49,633,0.606,43981.77,Employed,Home,5,0,1,0
LN101801,43,395135.88,638,0.336,74685.59,Employed,Home,9,1,2,0
LN101802,43,212460.47,747,0.629,61572.34,Self-employed,Business,0,0,1,0
LN101803,33,671756.26,850,0.08,93002.26,Employed,Business,4,3,0,0
LN101804,27,258925.8,741,0.117,49052.3,Employed,Education,5,0,3,0
LN101805,23,236369.82,608,0.071,147180.8,Employed,Vehicle,12,1,1,0
LN101806,21,391151.48,697,0.395,269930.19,Unemployed,Business,12,1,1,0
LN101807,44,109256.89,700,0.641,117835.85,Employed,Home,12,0,4,0
LN101808,25,194219.42,581,0.417,43021.27,Contract,Home,7,2,0,0
LN101809,68,514591.05,555,0.434,60757.32,Employed,Personal,5,0,3,1
LN101810,32,115376.47,645,0.149,127015.92,Employed,Education,8,0,1,0
LN101811,52,554711.57,711,0.362,30629.4,Employed,Business,4,1,1,0
LN101812,54,688770.13,529,0.226,49361.56,Employed,Personal,8,0,2,0
LN101813,45,244834.39,596,0.305,37697.84,Employed,Business,10,1,0,0
LN101814,64,352228.28,693,0.158,118570.7,Employed,Personal,15,3,2,0
LN101815,26,555173.33,653,0.129,448494.71,Self-employed,Business,5,2,1,0
LN101816,32,232072.17,756,0.204,48464.82,Employed,Personal,1,5,0,0
LN101817,33,483503.72,544,0.323,186997.39,Employed,Education,5,0,4,0
LN101818,27,207400.28,826,0.598,76245.68,Employed,Education,13,1,0,0
LN101819,35,230696.09,535,0.036,46635.78,Contract,Business,7,0,2,0
LN101820,36,193281.45,498,0.176,304041.47,Employed,Home,6,0,1,0
LN101821,58,362215.17,646,0.529,447814.55,Employed,Education,7,0,0,0
LN101822,35,567173.61,565,0.132,143766.58,Self-employed,Vehicle,4,2,1,0
LN101823,63,271108.84,647,0.473,139227.92,Employed,Personal,13,0,0,0
LN101824,58,149096.75,644,0.545,114543.68,Employed,Personal,10,1,1,0
LN101825,65,165387.92,635,0.196,99895.06,Employed,Vehicle,15,3,1,1
LN101826,26,372714.29,587,0.538,137212.6,Contract,Personal,1,2,2,0
LN101827,69,827200.0,682,0.256,170708.49,Contract,Education,11,2,1,0
LN101828,51,372535.09,626,0.298,324294.41,Employed,Home,1,0,0,0
LN101829,69,242497.01,733,0.281,78312.23,Employed,Personal,1,0,0,0
LN101830,38,457228.68,636,0.424,119495.85,Employed,Home,13,0,0,0
LN101831,67,262974.8,578,0.368,103854.04,Employed,Personal,5,0,0,0
LN101832,49,243648.25,523,0.4,214030.96,Unemployed,Business,5,0,3,1
LN101833,24,177085.02,637,0.447,523497.82,Employed,Home,3,3,1,1
LN101834,41,650947.72,555,0.434,218885.17,Employed,Vehicle,1,1,1,0
LN101835,27,74233.69,549,0.569,184811.97,Employed,Home,10,0,1,1
LN101836,67,465264.02,690,0.211,198462.22,Contract,Personal,8,2,1,1
LN101837,35,232461.07,517,0.159,250712.06,Employed,Home,9,2,1,0
LN101838,31,239390.25,756,0.143,528409.26,Employed,Education,2,3,2,0
LN101839,48,760940.99,662,0.337,36780.95,Employed,Vehicle,15,2,1,0
LN101840,41,202554.78,647,0.221,162425.12,Employed,Personal,0,1,1,0
LN101841,25,206385.22,572,0.265,20546.57,Employed,Personal,7,2,0,0
LN101842,61,279238.33,707,0.314,204151.05,Contract,Education,8,1,1,0
LN101843,62,376680.95,650,0.41,157378.71,Self-employed,Education,1,2,0,0
LN101844,57,235276.59,599,0.258,77095.34,Self-employed,Personal,9,1,2,0
LN101845,51,126236.87,665,0.289,19393.94,Employed,Education,9,1,0,0
LN101846,40,186354.07,524,0.258,108975.57,Employed,Vehicle,8,0,0,0
LN101847,47,606992.29,527,0.046,127144.96,Self-employed,Home,5,0,0,1
LN101848,46,312595.4,566,0.237,105579.08,Employed,Vehicle,14,1,1,0
LN101849,29,384475.66,676,0.516,73446.13,Self-employed,Vehicle,2,0,0,1
LN101850,25,259823.05,650,0.06,61409.7,Employed,Education,11,1,2,1
LN101851,33,208733.59,729,0.194,106358.97,Employed,Personal,5,0,2,0
LN101852,43,754794.61,581,0.634,65317.54,Employed,Business,6,0,1,0
LN101853,28,270501.31,693,0.282,186144.93,Contract,Vehicle,3,0,1,0
LN101854,26,235080.74,641,0.423,104514.27,Contract,Education,10,1,1,1
LN101855,62,548211.29,579,0.078,35853.73,Employed,Personal,3,1,0,0
LN101856,39,201640.07,679,0.428,123388.14,Employed,Vehicle,5,0,0,0
LN101857,49,216303.48,645,0.111,143984.38,Self-employed,Education,7,1,2,1
LN101858,46,301695.48,603,0.569,314873.98,Self-employed,Vehicle,0,1,2,0
LN101859,57,300044.57,653,0.215,201093.66,Employed,Vehicle,12,1,1,1
LN101860,57,346044.96,640,0.525,61333.81,Contract,Home,5,0,1,0
LN101861,35,947853.99,638,0.122,277901.73,Contract,Home,14,1,2,1
LN101862,62,360942.62,619,0.35,44681.5,Employed,Vehicle,10,3,1,1
LN101863,39,81113.77,552,0.456,112032.49,Employed,Business,4,1,0,0
LN101864,61,358972.9,656,0.273,179580.69,Employed,Home,10,0,2,0
LN101865,40,306315.76,590,0.486,283902.94,Contract,Home,7,0,0,1
LN101866,26,307255.6,573,0.13,375502.84,Employed,Personal,7,0,1,0
LN101867,58,343454.11,632,0.274,251904.7,Contract,Business,13,0,2,0
LN101868,22,295305.21,705,0.212,100653.19,Self-employed,Home,10,1,0,0
LN101869,58,291443.4,664,0.214,160335.28,Self-employed,Personal,15,0,2,0
LN101870,23,420294.98,610,0.198,127274.09,Employed,Home,14,0,2,1
LN101871,31,222658.24,607,0.4,69362.59,Employed,Home,13,1,3,0
LN101872,50,178137.37,698,0.34,102035.82,Contract,Business,7,0,2,0
LN101873,67,1582660.03,470,0.214,353917.44,Employed,Personal,7,2,2,0
LN101874,41,202362.55,710,0.448,167416.61,Unemployed,Education,14,3,0,0
LN101875,26,316987.1,509,0.639,419502.42,Employed,Home,13,0,0,1
LN101876,32,131784.67,544,0.275,54426.78,Self-employed,Education,5,1,1,0
LN101877,64,319846.15,611,0.092,85838.53,Employed,Home,11,0,1,0
LN101878,56,179559.82,813,0.205,144084.28,Employed,Vehicle,9,0,0,0
LN101879,25,235196.74,776,0.514,178218.97,Employed,Personal,1,1,5,0
LN101880,39,533024.85,703,0.046,101958.99,Contract,Education,1,0,1,0
LN101881,33,388925.47,677,0.142,185083.29,Employed,Personal,1,1,0,0
LN101882,29,410102.74,510,0.408,184178.08,Employed,Home,4,0,3,1
LN101883,62,113252.5,662,0.5,44626.62,Self-employed,Personal,14,2,2,0
LN101884,51,823921.14,609,0.261,179507.57,Contract,Business,5,0,3,0
LN101885,29,155749.31,589,0.432,220986.63,Contract,Business,14,2,1,1
LN101886,52,695402.58,662,0.341,133350.52,Employed,Home,7,0,2,0
LN101887,41,526173.81,615,0.267,33264.99,Employed,Home,7,1,0,0
LN101888,24,412120.38,715,0.483,91884.91,Employed,Education,4,1,0,0
LN101889,43,187455.38,505,0.14,146224.27,Unemployed,Education,10,0,0,0
LN101890,30,326084.61,656,0.08,62663.07,Contract,Business,9,2,1,1
LN101891,33,231545.34,584,0.194,199812.71,Self-employed,Vehicle,4,0,1,0
LN101892,64,304830.0,619,0.098,176746.06,Employed,Education,12,2,0,1
LN101893,55,261478.68,673,0.23,120048.61,Contract,Home,11,1,1,0
LN101894,27,97763.05,566,0.103,111254.06,Employed,Business,11,1,1,0
LN101895,62,555997.48,662,0.186,124693.22,Employed,Home,7,0,1,0
LN101896,49,286911.42,634,0.245,109710.13,Employed,Business,10,0,2,0
LN101897,63,229784.58,600,0.096,47699.15,Self-employed,Business,5,0,3,0
LN101898,57,220434.92,615,0.054,83172.01,Employed,Home,15,0,0,0
LN101899,37,365379.03,638,0.479,115306.0,Employed,Personal,7,0,1,0
LN101900,47,183500.33,592,0.173,276599.94,Contract,Vehicle,4,1,6,0
LN101901,47,86785.18,651,0.285,172484.77,Self-employed,Vehicle,7,1,0,0
LN101902,56,375291.8,629,0.432,286427.96,Employed,Vehicle,15,0,0,0
LN101903,33,399130.78,604,0.544,44135.28,Employed,Business,15,0,1,0
LN101904,37,268804.67,769,0.08,87266.37,Self-employed,Vehicle,5,1,3,0
LN101905,32,159562.53,681,0.371,423472.32,Employed,Vehicle,14,3,2,0
LN101906,35,315039.18,621,0.537,67867.08,Employed,Education,4,1,3,0
LN101907,28,134060.3,661,0.478,66992.28,Unemployed,Vehicle,3,1,1,0
LN101908,22,170512.0,573,0.111,92188.91,Self-employed,Home,3,1,3,0
LN101909,67,198521.74,617,0.262,408402.41,Employed,Home,4,1,2,0
LN101910,24,477206.33,626,0.486,71093.05,Employed,Home,4,0,1,0
LN101911,64,245757.79,556,0.41,158039.54,Self-employed,Education,4,1,1,0
LN101912,21,234500.08,679,0.22,141925.53,Employed,Personal,6,1,1,0
LN101913,59,879068.97,612,0.296,31404.86,Self-employed,Personal,0,1,1,1
LN101914,37,364175.85,623,0.457,108884.77,Self-employed,Home,6,0,1,0
LN101915,46,361488.22,607,0.454,76790.35,Employed,Personal,8,0,1,1
LN101916,34,244801.35,850,0.382,170914.29,Employed,Vehicle,6,1,2,0
LN101917,45,216107.95,600,0.161,340656.97,Employed,Home,7,0,3,1
LN101918,43,90130.53,495,0.441,87928.5,Contract,Business,3,0,0,0
LN101919,46,511112.52,530,0.088,87926.08,Self-employed,Personal,1,0,1,0
LN101920,40,383888.76,707,0.052,565137.31,Contract,Education,14,2,0,0
LN101921,47,271847.48,750,0.207,69267.68,Employed,Home,15,0,0,1
LN101922,61,278190.96,599,0.099,45948.87,Employed,Home,6,1,1,0
LN101923,42,449736.48,746,0.395,269320.5,Self-employed,Education,12,0,0,0
LN101924,38,127573.41,706,0.37,106438.63,Employed,Business,2,1,1,0
LN101925,27,216880.77,636,0.318,132242.59,Unemployed,Personal,2,0,0,0
LN101926,38,160583.8,630,0.1,469167.26,Employed,Home,8,1,2,0
LN101927,27,794817.54,664,0.222,44192.01,Employed,Personal,11,1,1,0
LN101928,29,485603.78,716,0.163,96875.8,Contract,Vehicle,11,3,1,0
LN101929,67,89326.8,680,0.178,49249.82,Self-employed,Home,5,1,1,0
LN101930,25,130479.17,599,0.129,136776.69,Employed,Personal,14,0,1,0
LN101931,44,278938.79,637,0.144,76786.43,Employed,Education,10,1,1,0
LN101932,61,231352.0,799,0.504,51319.51,Self-employed,Personal,5,1,1,0
LN101933,67,144802.72,669,0.337,177055.05,Employed,Home,7,0,0,0
LN101934,28,874280.89,715,0.32,110741.02,Employed,Home,4,0,1,1
LN101935,29,356266.64,690,0.145,48760.46,Contract,Education,2,0,4,0
LN101936,39,389526.33,671,0.345,50741.52,Employed,Education,0,0,2,1
LN101937,48,205033.68,658,0.6,125908.53,Self-employed,Education,7,0,1,1
LN101938,68,446318.69,717,0.083,37131.93,Employed,Personal,0,1,1,0
LN101939,31,243360.64,704,0.33,127529.17,Self-employed,Personal,15,0,1,0
LN101940,29,256709.15,670,0.479,262747.19,Employed,Personal,14,0,0,0
LN101941,33,419823.15,598,0.208,169706.34,Employed,Home,11,0,1,1
LN101942,63,122466.05,679,0.418,73355.61,Employed,Vehicle,12,2,0,0
LN101943,22,722088.56,645,0.598,131473.0,Employed,Education,10,0,2,0
LN101944,39,331655.42,627,0.361,48762.22,Self-employed,Education,11,0,0,0
LN101945,26,606862.23,850,0.602,120188.92,Employed,Vehicle,13,1,3,0
LN101946,28,166052.1,535,0.189,88945.89,Employed,Business,8,1,0,1
LN101947,65,180556.12,722,0.258,55974.82,Unemployed,Home,13,1,1,1
LN101948,21,158338.85,585,0.101,164991.87,Employed,Business,3,0,1,0
LN101949,36,344276.87,660,0.25,30420.67,Employed,Personal,14,0,2,0
LN101950,65,311087.21,843,0.143,50891.81,Employed,Education,11,1,0,0
LN101951,50,232375.82,578,0.415,55028.58,Contract,Home,1,1,0,0
LN101952,24,171750.77,596,0.171,79230.03,Employed,Education,2,1,0,0
LN101953,43,149478.79,649,0.396,255967.3,Employed,Home,2,1,0,1
LN101954,68,292105.88,586,0.392,179603.08,Contract,Business,3,0,0,0
LN101955,40,232225.7,716,0.237,117793.51,Employed,Vehicle,12,3,0,0
LN101956,46,205757.57,610,0.204,114238.35,Contract,Vehicle,13,1,0,0
LN101957,47,702525.49,699,0.67,109162.58,Employed,Personal,15,0,3,1
LN101958,53,286719.2,550,0.413,268316.32,Employed,Home,2,1,1,0
LN101959,30,603234.55,514,0.208,33793.99,Employed,Education,9,0,1,1
LN101960,62,223742.04,633,0.28,181633.89,Employed,Personal,13,1,1,0
LN101961,69,343232.97,532,0.117,79055.82,Employed,Home,15,1,1,0
LN101962,27,290984.69,764,0.096,152539.58,Employed,Home,1,0,0,0
LN101963,61,117929.88,535,0.32,153014.81,Employed,Education,10,2,1,0
LN101964,61,658107.67,572,0.11,177166.43,Contract,Education,1,0,3,0
LN101965,57,278508.34,681,0.232,307923.46,Contract,Vehicle,1,0,1,0
LN101966,39,452284.99,606,0.218,45119.18,Employed,Vehicle,13,1,1,0
LN101967,43,198376.49,536,0.248,211456.53,Employed,Vehicle,14,0,0,0
LN101968,62,273997.25,803,0.089,105527.83,Contract,Vehicle,2,1,3,0
LN101969,28,186235.81,575,0.225,81526.16,Employed,Vehicle,13,1,0,1
LN101970,61,592044.4,635,0.521,412578.19,Employed,Education,14,2,2,0
LN101971,66,356045.17,634,0.391,173594.6,Contract,Vehicle,8,1,1,0
LN101972,54,367110.14,703,0.273,83872.47,Employed,Vehicle,2,0,0,0
LN101973,37,633198.37,685,0.27,204943.3,Employed,Home,11,0,2,0
LN101974,48,566666.07,588,0.061,106755.63,Contract,Personal,8,0,0,0
LN101975,23,457017.13,626,0.28,83021.97,Employed,Home,5,0,0,0
LN101976,66,137253.89,633,0.236,74182.16,Self-employed,Home,13,0,1,0
LN101977,37,204620.89,706,0.165,134081.31,Contract,Personal,9,0,1,0
LN101978,23,172715.2,562,0.238,73807.74,Employed,Business,4,1,1,0
LN101979,59,447611.65,801,0.402,121693.93,Contract,Business,6,1,1,0
LN101980,53,329521.32,593,0.377,195789.61,Employed,Education,4,0,2,0
LN101981,51,139630.64,649,0.101,118192.26,Contract,Vehicle,8,0,3,0
LN101982,23,270419.15,563,0.275,397504.42,Employed,Personal,4,1,2,0
LN101983,57,131896.92,553,0.417,110948.31,Employed,Personal,10,0,3,0
LN101984,52,291356.15,584,0.628,264371.54,Self-employed,Business,7,0,0,0
LN101985,59,120702.35,577,0.211,207487.77,Contract,Education,0,0,3,0
LN101986,61,401271.24,619,0.343,296464.11,Self-employed,Education,0,0,0,1
LN101987,31,369319.42,577,0.102,396369.96,Self-employed,Home,1,0,1,0
LN101988,31,856756.84,702,0.361,35009.22,Unemployed,Home,2,1,0,0
LN101989,66,478240.04,591,0.463,130691.18,Employed,Personal,1,1,1,0
LN101990,47,237740.47,583,0.457,102285.28,Contract,Business,10,0,2,0
LN101991,42,470464.75,621,0.434,118263.11,Employed,Education,9,1,2,0
LN101992,35,139082.51,724,0.281,84959.14,Employed,Home,0,1,1,0
LN101993,52,176694.55,666,0.273,77264.42,Employed,Vehicle,6,0,2,1
LN101994,57,360326.61,643,0.331,53825.55,Contract,Home,4,1,2,0
LN101995,21,91537.17,543,0.452,117188.0,Employed,Business,8,0,1,0
LN101996,48,293930.71,564,0.372,201863.23,Employed,Home,9,0,0,0
LN101997,69,171166.65,554,0.608,79804.38,Employed,Home,8,0,2,0
LN101998,34,317190.12,748,0.495,88850.08,Employed,Vehicle,6,0,2,0
LN101999,34,165840.66,690,0.389,69876.76,Employed,Education,0,1,1,0
LN102000,64,378841.89,585,0.493,57636.29,Employed,Personal,12,1,2,0
LN102001,24,303206.03,608,0.126,94347.7,Contract,Vehicle,12,3,2,1
LN102002,40,648060.29,588,0.461,137492.74,Contract,Business,13,0,0,0
LN102003,43,301113.26,584,0.342,249075.32,Self-employed,Education,11,1,0,0
LN102004,60,196572.03,685,0.552,50684.15,Employed,Home,5,0,1,0
LN102005,27,261908.51,628,0.268,107848.81,Contract,Home,11,1,0,0
LN102006,42,143230.1,806,0.236,236575.92,Employed,Education,14,0,2,0
LN102007,28,375086.99,744,0.537,51123.06,Employed,Vehicle,0,0,0,0
LN102008,59,414967.46,748,0.127,250645.87,Employed,Vehicle,8,0,1,0
LN102009,51,1166590.06,700,0.232,82695.1,Employed,Home,10,0,0,0
LN102010,45,213102.37,618,0.471,174661.6,Employed,Home,15,1,4,0
LN102011,40,258913.87,695,0.28,95462.84,Employed,Home,8,1,1,1
LN102012,28,218571.96,624,0.312,148215.44,Contract,Personal,14,0,0,0
LN102013,66,337122.04,772,0.6,313047.97,Self-employed,Personal,12,0,0,0
LN102014,52,370077.44,680,0.352,101652.61,Employed,Home,12,0,3,0
LN102015,36,291321.16,670,0.344,210230.68,Employed,Vehicle,1,1,0,0
LN102016,41,545259.45,660,0.241,131498.38,Self-employed,Business,8,0,1,1
LN102017,56,213672.35,781,0.036,65994.25,Employed,Home,11,1,0,0
LN102018,56,516036.86,542,0.034,100067.87,Employed,Home,1,0,1,0
LN102019,43,403411.16,788,0.448,96083.01,Self-employed,Vehicle,15,0,2,0
LN102020,35,298021.62,636,0.163,43939.1,Employed,Vehicle,10,0,2,0
LN102021,53,252287.0,545,0.071,148243.36,Employed,Home,13,0,1,0
LN102022,53,1139619.53,594,0.256,168706.7,Employed,Business,10,0,2,0
LN102023,50,191411.91,526,0.438,186519.24,Employed,Personal,14,0,0,0
LN102024,24,353415.96,699,0.249,278618.59,Employed,Personal,14,0,2,0
LN102025,44,198574.03,572,0.256,204492.62,Contract,Business,1,0,1,0
LN102026,51,801010.36,663,0.669,74329.89,Employed,Home,14,1,1,0
LN102027,67,488596.48,735,0.14,85357.63,Employed,Business,8,0,1,0
LN102028,46,206580.47,600,0.093,189743.48,Contract,Business,7,2,0,0
LN102029,37,397704.68,630,0.375,141711.11,Employed,Education,3,2,2,0
LN102030,48,345680.56,552,0.126,108732.8,Unemployed,Business,6,1,1,0
LN102031,29,225797.56,621,0.071,62296.92,Employed,Personal,8,1,2,0
LN102032,25,455216.35,843,0.423,77906.86,Employed,Vehicle,8,1,0,0
LN102033,54,371630.63,708,0.268,160662.6,Self-employed,Vehicle,11,0,1,0
LN102034,69,337787.42,630,0.443,30951.75,Contract,Personal,10,0,0,0
LN102035,62,293162.37,604,0.215,24034.74,Contract,Education,11,1,0,0
LN102036,49,380262.74,647,0.099,172634.33,Self-employed,Vehicle,9,2,1,0
LN102037,22,340340.19,660,0.129,77767.08,Contract,Home,15,0,0,0
LN102038,69,309910.58,619,0.506,149161.5,Employed,Home,14,0,0,0
LN102039,43,210866.18,690,0.341,306530.52,Self-employed,Home,15,1,3,0
LN102040,35,761548.54,578,0.351,56939.4,Employed,Vehicle,11,1,0,0
LN102041,64,168351.07,578,0.275,37160.44,Employed,Home,3,0,0,1
LN102042,57,379548.5,678,0.14,91911.11,Employed,Home,15,1,1,0
LN102043,57,251552.09,562,0.307,70482.21,Employed,Business,14,0,2,0
LN102044,34,789605.52,705,0.706,108201.69,Employed,Vehicle,4,1,1,0
LN102045,69,182521.34,649,0.179,156053.91,Employed,Business,14,0,1,0
LN102046,43,200214.18,513,0.59,136024.04,Employed,Home,8,0,0,0
LN102047,47,175982.14,658,0.436,113357.22,Self-employed,Vehicle,11,1,0,0
LN102048,57,358413.82,524,0.565,218827.45,Employed,Personal,5,0,3,1
LN102049,53,140978.11,702,0.662,170108.27,Employed,Business,4,0,1,0
LN102050,29,230578.6,631,0.167,97765.4,Self-employed,Personal,6,1,1,0
LN102051,35,91833.88,789,0.101,166233.26,Employed,Business,3,0,2,0
LN102052,38,342411.84,730,0.432,40279.03,Employed,Home,2,2,1,0
LN102053,67,227844.71,570,0.413,219623.99,Contract,Vehicle,6,0,1,0
LN102054,56,132336.94,498,0.135,111598.08,Self-employed,Business,15,0,3,0
LN102055,38,545044.61,593,0.498,50402.39,Employed,Education,0,1,4,1
LN102056,57,146140.09,558,0.386,83903.34,Employed,Home,5,1,2,0
LN102057,57,465029.81,787,0.332,215914.31,Employed,Home,4,0,3,0
LN102058,40,204018.37,649,0.11,66786.56,Employed,Personal,3,1,2,0
LN102059,40,723895.27,720,0.55,143648.46,Employed,Home,1,1,5,0
LN102060,64,453064.85,629,0.692,194743.91,Employed,Education,2,0,0,0
LN102061,48,172320.51,637,0.299,111761.27,Unemployed,Home,8,0,1,0
LN102062,28,181161.17,648,0.327,62708.36,Contract,Home,6,0,1,0
LN102063,56,418560.46,733,0.261,105524.52,Self-employed,Vehicle,9,0,4,0
LN102064,49,259686.34,673,0.413,44008.17,Self-employed,Home,13,1,2,0
LN102065,45,273320.23,571,0.049,80066.24,Self-employed,Personal,1,2,1,0
LN102066,56,603963.55,772,0.273,53558.87,Employed,Home,5,0,1,0
LN102067,65,198741.22,628,0.468,106696.59,Contract,Personal,13,1,0,1
LN102068,37,315448.06,616,0.197,48203.28,Self-employed,Education,3,0,1,0
LN102069,41,507160.62,438,0.537,116129.13,Self-employed,Vehicle,1,0,1,1
LN102070,30,468153.9,698,0.667,229716.5,Employed,Personal,3,0,1,0
LN102071,52,274786.8,658,0.527,239286.73,Employed,Vehicle,6,1,3,1
LN102072,40,255924.95,657,0.299,48957.0,Employed,Home,4,2,1,1
LN102073,37,115288.07,620,0.419,71344.27,Employed,Vehicle,8,0,2,1
LN102074,55,167812.57,607,0.212,191478.93,Self-employed,Education,3,1,0,0
LN102075,40,357408.74,622,0.777,173835.37,Contract,Home,9,0,0,0
LN102076,43,278090.69,685,0.112,73743.99,Self-employed,Personal,13,0,1,0
LN102077,42,312621.24,698,0.684,80180.08,Employed,Vehicle,5,0,1,1
LN102078,33,531323.98,633,0.518,116042.03,Employed,Home,8,0,3,0
LN102079,27,156140.27,721,0.149,33409.5,Employed,Home,11,0,2,0
LN102080,61,263455.19,644,0.468,154770.79,Employed,Home,1,0,1,0
LN102081,25,332810.58,612,0.326,222399.83,Employed,Vehicle,5,3,1,0
LN102082,36,203668.67,665,0.262,85418.08,Employed,Vehicle,10,2,4,0
LN102083,53,659244.77,548,0.253,43727.97,Employed,Home,4,0,1,0
LN102084,27,494479.26,667,0.262,275525.23,Employed,Education,6,0,0,0
LN102085,53,351903.08,534,0.346,126863.2,Employed,Home,7,0,3,0
LN102086,56,804813.0,573,0.633,174391.73,Contract,Business,14,1,0,0
LN102087,53,131550.4,499,0.061,46606.69,Unemployed,Education,1,0,1,0
LN102088,35,298727.87,637,0.119,46717.43,Contract,Personal,10,2,1,0
LN102089,21,366965.49,771,0.092,143977.8,Employed,Vehicle,15,0,1,0
LN102090,64,181413.18,641,0.518,214518.84,Employed,Home,14,1,0,0
LN102091,37,353957.01,698,0.334,52798.12,Employed,Vehicle,8,2,2,0
LN102092,60,163230.3,826,0.147,102956.74,Contract,Vehicle,6,0,2,0
LN102093,30,438600.51,680,0.28,39204.26,Self-employed,Personal,2,1,2,0
LN102094,28,536781.76,593,0.386,69718.51,Contract,Business,4,1,0,1
LN102095,59,348474.77,603,0.143,93075.86,Employed,Vehicle,12,0,0,0
LN102096,67,108282.51,650,0.325,151139.58,Unemployed,Home,0,0,1,0
LN102097,63,176275.13,603,0.368,27986.61,Contract,Personal,11,1,3,1
LN102098,57,409269.14,608,0.038,259495.51,Employed,Home,14,0,0,0
LN102099,33,303518.25,724,0.444,98457.35,Employed,Personal,6,1,0,0
LN102100,65,68175.21,727,0.563,255145.04,Employed,Personal,12,3,1,0
LN102101,53,594273.22,526,0.41,173232.33,Employed,Personal,15,0,1,0
LN102102,29,323417.34,589,0.223,191421.07,Employed,Home,12,2,1,1
LN102103,27,191194.53,615,0.299,408982.74,Self-employed,Home,8,2,1,0
LN102104,63,518535.27,695,0.182,66183.48,Employed,Education,9,1,6,0
LN102105,34,206672.51,736,0.395,120123.28,Contract,Vehicle,3,1,1,0
LN102106,58,205435.85,850,0.518,57772.91,Employed,Business,2,0,2,0
LN102107,27,365357.54,615,0.193,102929.51,Contract,Vehicle,12,0,1,0
LN102108,34,798994.15,619,0.334,175658.52,Employed,Vehicle,8,1,3,0
LN102109,34,732713.98,694,0.285,228891.7,Contract,Home,14,2,0,0
LN102110,34,365630.7,599,0.402,85799.37,Employed,Education,11,0,2,0
LN102111,54,386872.27,639,0.452,50268.03,Employed,Vehicle,4,0,1,0
LN102112,65,463639.3,619,0.305,115368.26,Contract,Vehicle,15,0,0,0
LN102113,65,150271.17,453,0.145,63216.87,Employed,Vehicle,0,1,1,1
LN102114,57,427546.93,659,0.202,75554.79,Contract,Personal,1,0,2,0
LN102115,30,200345.24,636,0.302,170222.54,Employed,Personal,9,1,0,0
LN102116,68,357432.1,745,0.415,150827.93,Employed,Home,9,0,1,1
LN102117,47,264720.69,650,0.593,189182.45,Self-employed,Vehicle,11,1,1,0
LN102118,47,395221.77,556,0.676,88348.41,Employed,Personal,10,0,0,0
LN102119,55,320133.91,631,0.117,211942.14,Self-employed,Personal,4,0,0,0
LN102120,58,60000.0,493,0.519,111030.73,Employed,Vehicle,2,0,0,0
LN102121,67,331018.05,559,0.307,91448.81,Self-employed,Vehicle,15,0,0,0
LN102122,49,427077.97,698,0.737,53853.03,Self-employed,Personal,5,0,3,0
LN102123,50,383386.29,631,0.26,28276.26,Employed,Education,2,0,0,0
LN102124,57,283541.98,719,0.04,39802.41,Employed,Vehicle,1,1,1,0
LN102125,33,740237.74,502,0.287,126536.5,Self-employed,Home,12,0,3,0
LN102126,36,356038.08,632,0.416,60982.83,Employed,Personal,13,1,0,0
LN102127,51,381649.55,614,0.329,37752.78,Self-employed,Vehicle,14,1,0,0
LN102128,24,532856.96,722,0.463,83754.21,Unemployed,Education,13,1,1,0
LN102129,36,366210.62,700,0.058,131938.7,Employed,Personal,2,1,1,0
LN102130,56,183070.75,698,0.185,144066.57,Employed,Education,0,1,0,0
LN102131,68,78468.47,766,0.253,107955.03,Contract,Vehicle,8,2,4,0
LN102132,46,230757.18,622,0.211,105733.37,Contract,Home,8,0,2,0
LN102133,40,455913.23,750,0.159,77518.31,Employed,Personal,0,0,2,0
LN102134,42,247047.22,572,0.135,166088.22,Contract,Business,14,0,3,0
LN102135,54,466114.16,569,0.501,98057.19,Employed,Business,10,0,2,0
LN102136,47,325571.78,706,0.364,104675.42,Self-employed,Personal,10,1,1,0
LN102137,22,609243.98,537,0.069,215957.1,Employed,Personal,8,0,0,0
LN102138,47,255038.19,693,0.311,184051.47,Employed,Business,15,0,1,0
LN102139,40,387986.53,658,0.218,97545.4,Employed,Vehicle,12,0,2,0
LN102140,55,396239.67,730,0.363,88933.92,Employed,Business,9,0,0,0
LN102141,63,685167.62,646,0.738,88485.23,Employed,Vehicle,8,1,1,1
LN102142,68,117346.6,654,0.142,29566.95,Employed,Education,13,3,3,0
LN102143,50,233144.38,688,0.201,224407.37,Unemployed,Home,5,0,2,0
LN102144,38,478409.15,600,0.195,70481.88,Employed,Education,13,0,4,0
LN102145,42,702064.68,597,0.205,191709.61,Self-employed,Vehicle,2,0,3,0
LN102146,29,342345.96,686,0.09,113014.12,Employed,Vehicle,0,3,4,0
LN102147,66,255390.87,648,0.343,271799.31,Unemployed,Education,0,0,1,0
LN102148,62,454954.57,619,0.192,155189.29,Employed,Business,5,0,1,0
LN102149,62,483750.34,644,0.281,199011.06,Employed,Personal,8,0,0,1
LN102150,37,246156.76,770,0.199,74860.76,Self-employed,Vehicle,14,1,1,0
LN102151,36,359765.16,617,0.729,47701.57,Employed,Personal,14,0,0,0
LN102152,62,574254.38,615,0.375,121070.41,Employed,Education,0,3,0,1
LN102153,47,848555.02,522,0.365,31636.46,Employed,Vehicle,12,1,0,0
LN102154,55,451337.41,647,0.443,81150.95,Employed,Business,3,0,1,1
LN102155,45,307372.04,699,0.333,50772.2,Employed,Home,6,0,0,0
LN102156,42,291208.97,713,0.768,63732.96,Self-employed,Personal,13,0,1,0
LN102157,51,407626.2,658,0.366,162013.67,Employed,Home,15,0,0,0
LN102158,60,281508.43,722,0.193,155237.87,Employed,Business,12,3,0,0
LN102159,37,332980.77,705,0.241,99008.56,Employed,Personal,2,1,0,0
LN102160,60,167662.08,733,0.554,135434.2,Employed,Education,0,0,2,0
LN102161,32,612264.23,724,0.152,77403.53,Employed,Home,15,3,1,0
LN102162,40,160241.31,768,0.039,532621.04,Employed,Home,3,1,2,0
LN102163,65,236540.87,637,0.192,133757.0,Employed,Home,3,1,1,0
LN102164,67,316542.9,550,0.538,74946.24,Unemployed,Personal,8,0,0,0
LN102165,66,896793.17,700,0.434,194312.69,Employed,Personal,2,1,1,0
LN102166,36,237770.72,709,0.438,246312.57,Employed,Home,10,1,3,0
LN102167,62,207986.63,768,0.104,66502.4,Employed,Vehicle,13,2,0,0
LN102168,66,221590.96,746,0.094,43746.7,Employed,Vehicle,5,0,3,0
LN102169,68,747082.72,796,0.156,49758.7,Employed,Personal,7,1,0,0
LN102170,22,63879.06,696,0.4,71165.56,Contract,Vehicle,14,0,1,0
LN102171,57,172824.49,667,0.39,106187.43,Self-employed,Personal,14,0,1,0
LN102172,69,1347479.74,546,0.066,38150.77,Employed,Personal,1,0,0,0
LN102173,58,415203.02,673,0.36,83815.66,Employed,Vehicle,11,0,1,0
LN102174,32,163283.96,609,0.498,96093.44,Contract,Vehicle,0,0,0,0
LN102175,58,293162.65,666,0.715,135861.95,Employed,Education,2,0,0,0
LN102176,26,311339.04,654,0.25,163716.92,Contract,Business,10,1,1,0
LN102177,44,477780.47,685,0.12,142805.51,Employed,Home,1,0,2,1
LN102178,51,825103.29,643,0.23,352620.71,Employed,Vehicle,2,2,0,0
LN102179,43,371476.61,720,0.291,224003.25,Employed,Education,7,0,1,0
LN102180,55,222939.16,446,0.706,127072.23,Self-employed,Vehicle,6,0,3,1
LN102181,32,462514.97,664,0.128,58537.26,Contract,Vehicle,8,2,0,0
LN102182,50,204331.46,740,0.579,70909.68,Self-employed,Vehicle,14,0,0,0
LN102183,52,169940.24,790,0.264,43460.3,Employed,Home,6,2,1,0
LN102184,52,113958.3,705,0.366,121529.19,Self-employed,Personal,4,2,2,0
LN102185,35,126844.49,776,0.288,136437.38,Contract,Business,3,1,3,0
LN102186,35,183229.17,663,0.917,196541.52,Employed,Business,14,1,1,1
LN102187,33,156961.12,650,0.304,130874.29,Employed,Education,3,2,2,0
LN102188,43,356403.16,690,0.081,218235.13,Employed,Vehicle,0,0,3,0
LN102189,49,155106.42,650,0.353,221164.05,Self-employed,Vehicle,8,0,1,0
LN102190,38,60000.0,591,0.276,56385.83,Employed,Vehicle,11,0,1,0
LN102191,41,168954.76,611,0.214,78550.3,Employed,Education,0,0,0,0
LN102192,35,231425.88,567,0.2,109213.57,Employed,Home,10,1,1,0
LN102193,31,215031.66,690,0.389,69514.25,Contract,Vehicle,7,0,1,0
LN102194,53,691955.09,651,0.603,93908.44,Employed,Home,12,1,1,0
LN102195,60,214076.64,623,0.156,133793.62,Employed,Home,0,2,2,0
LN102196,35,487012.79,607,0.175,101542.84,Contract,Personal,14,1,0,0
LN102197,63,296884.16,688,0.429,110022.12,Employed,Business,13,0,3,0
LN102198,48,293100.3,709,0.464,59606.53,Employed,Personal,10,0,3,0
LN102199,29,189487.55,565,0.525,152882.21,Employed,Vehicle,9,0,4,1
LN102200,38,290455.98,553,0.166,145780.27,Self-employed,Vehicle,11,3,0,0
LN102201,21,196955.85,722,0.402,67010.89,Self-employed,Personal,2,0,0,0
LN102202,22,329407.59,547,0.382,47459.78,Contract,Business,14,0,1,0
LN102203,37,263445.15,691,0.286,244726.05,Employed,Personal,12,0,2,0
LN102204,43,178437.27,771,0.542,342679.07,Employed,Home,12,1,2,0
LN102205,60,517662.95,771,0.329,128129.52,Employed,Personal,7,0,0,0
LN102206,27,379382.43,705,0.125,86954.51,Employed,Home,2,1,2,0
LN102207,62,234474.77,703,0.617,217144.08,Self-employed,Vehicle,8,2,1,0
LN102208,32,324993.0,819,0.102,149337.36,Unemployed,Business,8,4,2,0
LN102209,27,286483.26,475,0.308,95920.6,Employed,Business,4,0,0,0
LN102210,55,186160.18,615,0.537,206382.0,Self-employed,Vehicle,14,1,1,0
LN102211,58,311860.32,714,0.249,64989.05,Employed,Personal,6,1,1,0
LN102212,50,213199.0,625,0.143,70207.64,Employed,Vehicle,15,0,2,0
LN102213,26,178407.25,743,0.242,139329.41,Self-employed,Home,14,1,5,1
LN102214,26,122886.41,647,0.534,118479.18,Self-employed,Business,1,0,1,0
LN102215,40,246299.54,660,0.156,166452.79,Unemployed,Personal,2,1,0,1
LN102216,43,409778.32,629,0.421,238923.99,Unemployed,Vehicle,6,2,1,0
LN102217,69,204735.69,611,0.44,40100.49,Employed,Personal,9,1,1,0
LN102218,35,1200114.51,609,0.239,112820.61,Contract,Home,1,1,0,0
LN102219,30,488290.05,670,0.271,378487.34,Self-employed,Education,3,0,0,0
LN102220,67,614718.26,592,0.579,74643.28,Employed,Business,13,1,5,0
LN102221,28,464595.03,721,0.616,69123.47,Employed,Personal,7,1,2,0
LN102222,22,831189.84,699,0.365,25631.92,Unemployed,Education,8,2,0,0
LN102223,41,194597.12,732,0.497,117520.97,Unemployed,Vehicle,8,0,0,0
LN102224,40,73359.86,565,0.269,160432.91,Employed,Personal,15,1,1,0
LN102225,51,234724.71,523,0.025,160218.84,Employed,Business,1,2,0,1
LN102226,64,407810.53,650,0.048,56058.57,Employed,Home,8,1,1,0
LN102227,66,326071.54,850,0.62,109378.73,Employed,Home,1,3,1,0
LN102228,35,349076.96,745,0.329,127037.89,Contract,Vehicle,0,1,1,0
LN102229,69,620349.47,608,0.658,113789.51,Employed,Education,7,1,1,1
LN102230,52,370152.15,682,0.719,53993.16,Employed,Vehicle,14,1,3,0
LN102231,24,465533.74,705,0.35,115668.72,Employed,Personal,6,1,2,0
LN102232,66,178935.06,547,0.15,64781.06,Self-employed,Vehicle,11,0,0,0
LN102233,27,164237.89,753,0.072,32581.36,Self-employed,Business,14,1,2,0
LN102234,49,728906.26,637,0.411,171285.13,Contract,Vehicle,0,1,0,0
LN102235,59,317119.39,643,0.236,120482.4,Employed,Personal,11,0,2,0
LN102236,33,212939.15,652,0.246,161614.24,Employed,Business,14,1,3,0
LN102237,34,213154.13,736,0.199,77717.84,Employed,Education,14,0,2,0
LN102238,44,209928.03,593,0.487,165295.15,Contract,Home,11,2,0,0
LN102239,64,203131.8,522,0.327,213762.09,Contract,Business,14,0,0,1
LN102240,31,148124.21,674,0.169,343976.44,Employed,Vehicle,9,2,0,0
LN102241,53,131440.1,497,0.21,186696.86,Employed,Education,0,1,1,0
LN102242,43,269489.67,627,0.287,141258.8,Self-employed,Home,15,0,2,0
LN102243,26,216517.9,739,0.298,44860.42,Self-employed,Vehicle,14,0,1,0
LN102244,55,551543.15,693,0.509,102641.15,Self-employed,Education,3,1,1,0
LN102245,61,352473.22,728,0.246,43630.24,Employed,Personal,15,1,2,0
LN102246,49,347132.72,697,0.142,64599.78,Unemployed,Business,10,0,0,0
LN102247,29,199350.83,831,0.126,392002.52,Employed,Education,7,1,2,0
LN102248,28,280680.45,606,0.119,56571.68,Self-employed,Vehicle,13,0,4,0
LN102249,41,365890.12,680,0.389,23993.79,Employed,Education,10,1,2,0
LN102250,45,444829.09,617,0.798,186613.27,Employed,Home,12,2,2,1
LN102251,48,284901.06,722,0.4,71021.79,Employed,Home,5,1,0,0
LN102252,32,543103.85,645,0.45,181215.19,Employed,Vehicle,6,0,2,0
LN102253,45,301321.14,779,0.291,51413.25,Contract,Home,1,2,1,0
LN102254,35,463983.22,610,0.178,83399.01,Self-employed,Home,14,0,0,0
LN102255,54,229147.01,756,0.147,239320.42,Unemployed,Home,4,1,1,0
LN102256,60,110703.88,694,0.247,46579.81,Self-employed,Home,2,1,0,0
LN102257,52,347713.87,648,0.583,98539.5,Employed,Personal,1,1,2,0
LN102258,21,447068.0,691,0.284,132930.74,Self-employed,Vehicle,6,3,0,0
LN102259,69,411670.6,670,0.374,68922.15,Self-employed,Business,7,0,0,0
LN102260,22,378412.6,677,0.378,128735.64,Contract,Business,13,0,1,0
LN102261,69,247660.69,634,0.072,111124.52,Employed,Business,10,1,0,0
LN102262,22,192495.36,597,0.201,155700.33,Employed,Home,12,1,2,0
LN102263,46,406357.38,625,0.248,364274.34,Self-employed,Vehicle,0,2,2,0
LN102264,26,379300.42,524,0.363,626010.72,Self-employed,Education,0,1,0,0
LN102265,25,220365.6,713,0.249,148657.39,Employed,Vehicle,3,2,0,0
LN102266,54,552230.64,557,0.562,102383.35,Employed,Home,6,0,3,0
LN102267,56,184602.79,634,0.238,146507.64,Employed,Vehicle,1,1,1,1
LN102268,26,217640.5,699,0.157,94587.27,Contract,Personal,13,1,1,0
LN102269,68,737905.92,713,0.401,39200.2,Employed,Personal,15,0,1,0
LN102270,36,483718.22,517,0.401,106718.72,Self-employed,Vehicle,7,0,2,0
LN102271,36,246380.57,643,0.617,222261.91,Employed,Vehicle,12,0,1,1
LN102272,35,351370.73,684,0.598,42452.88,Employed,Education,3,2,2,0
LN102273,43,326659.46,654,0.091,58003.13,Employed,Personal,0,0,1,0
LN102274,29,66267.19,751,0.408,75355.1,Employed,Personal,14,1,1,0
LN102275,41,182221.29,588,0.561,140120.65,Employed,Personal,13,1,2,1
LN102276,31,291726.53,496,0.203,515702.42,Self-employed,Education,12,1,1,1
LN102277,23,246570.06,711,0.601,65002.44,Employed,Vehicle,13,1,1,0
LN102278,39,343672.4,610,0.266,116719.1,Employed,Vehicle,11,1,0,1
LN102279,53,558356.56,518,0.141,110413.95,Self-employed,Home,12,1,0,0
LN102280,58,251372.98,638,0.282,90438.54,Employed,Vehicle,15,0,0,0
LN102281,38,167682.5,742,0.247,106641.59,Employed,Business,14,0,4,0
LN102282,36,358687.27,555,0.269,81320.75,Contract,Personal,14,1,2,0
LN102283,59,250670.58,825,0.511,654201.74,Employed,Education,7,1,2,0
LN102284,54,275323.71,587,0.093,179068.65,Employed,Vehicle,13,2,1,0
LN102285,61,255521.6,657,0.387,81776.24,Employed,Education,3,0,1,1
LN102286,65,1029463.7,559,0.175,237414.75,Employed,Home,5,0,1,0
LN102287,61,87478.68,653,0.098,129973.45,Employed,Vehicle,13,3,1,0
LN102288,66,242305.38,640,0.296,114222.26,Contract,Education,5,1,0,0
LN102289,41,299391.93,538,0.473,97726.26,Employed,Home,13,1,2,0
LN102290,40,195225.27,850,0.114,93499.72,Self-employed,Vehicle,7,0,1,0
LN102291,36,492102.33,613,0.417,49774.33,Self-employed,Home,4,0,1,0
LN102292,32,469221.15,613,0.135,37062.29,Employed,Home,6,0,1,0
LN102293,57,292223.07,723,0.377,139974.64,Employed,Vehicle,9,3,0,0
LN102294,56,258504.19,786,0.362,97088.88,Employed,Personal,1,0,0,0
LN102295,60,282084.37,734,0.269,194573.7,Employed,Vehicle,8,0,1,0
LN102296,29,283199.0,560,0.357,61685.19,Contract,Home,1,1,1,0
LN102297,45,287343.2,666,0.061,53883.11,Employed,Vehicle,7,0,0,0
LN102298,31,270529.99,509,0.074,182180.28,Employed,Vehicle,5,0,2,0
LN102299,64,344684.53,718,0.098,90786.48,Employed,Personal,9,1,0,0
LN102300,34,453978.17,527,0.239,191848.76,Self-employed,Personal,13,0,2,0
LN102301,28,152496.16,590,0.568,112418.7,Employed,Personal,1,3,1,0
LN102302,48,168328.48,650,0.327,372735.94,Employed,Personal,1,1,2,0
LN102303,64,114674.49,683,0.447,179776.1,Employed,Personal,7,0,1,0
LN102304,65,483137.38,630,0.232,143569.09,Contract,Vehicle,12,2,3,0
LN102305,25,344281.72,764,0.071,185014.18,Employed,Personal,4,0,1,0
LN102306,36,396105.11,704,0.247,92120.43,Employed,Vehicle,12,0,0,0
LN102307,28,136668.52,698,0.317,37810.47,Self-employed,Vehicle,0,1,1,0
LN102308,36,800714.09,558,0.42,139084.77,Contract,Personal,4,0,1,0
LN102309,47,214629.76,777,0.27,388585.55,Employed,Personal,8,0,0,0
LN102310,34,329078.28,590,0.188,24821.07,Unemployed,Vehicle,10,3,0,0
LN102311,24,479955.81,780,0.095,149220.43,Employed,Business,5,1,2,0
LN102312,45,174328.88,802,0.382,40552.89,Contract,Education,14,1,3,0
LN102313,23,222139.17,688,0.184,108346.28,Contract,Education,6,1,0,0
LN102314,32,331069.05,727,0.19,115830.62,Employed,Education,10,3,1,0
LN102315,21,1444318.22,419,0.322,178740.54,Employed,Personal,1,0,0,0
LN102316,25,354036.88,635,0.44,126101.39,Employed,Business,14,0,0,0
LN102317,42,725804.8,733,0.226,268611.87,Employed,Personal,8,0,0,0
LN102318,62,582251.63,719,0.099,234778.05,Employed,Vehicle,7,0,1,0
LN102319,58,367303.32,559,0.185,96799.54,Contract,Education,4,3,0,0
LN102320,25,174116.53,628,0.287,224042.49,Employed,Vehicle,9,0,2,0
LN102321,22,537348.55,460,0.276,89763.0,Employed,Personal,0,1,1,0
LN102322,37,131607.21,681,0.178,80264.14,Employed,Business,7,0,1,0
LN102323,52,723618.12,509,0.12,50281.2,Employed,Business,12,0,1,0
LN102324,57,334884.4,735,0.324,258076.72,Employed,Education,12,0,0,0
LN102325,61,69836.69,739,0.238,90510.33,Unemployed,Vehicle,10,1,2,0
LN102326,37,248763.87,614,0.477,22794.12,Employed,Vehicle,5,3,0,0
LN102327,29,429857.51,689,0.068,156463.58,Employed,Vehicle,8,1,3,0
LN102328,22,263332.99,634,0.234,82960.9,Employed,Business,2,0,3,0
LN102329,28,444538.06,668,0.316,90593.4,Employed,Home,9,0,0,0
LN102330,24,187967.52,564,0.258,94478.25,Employed,Personal,3,1,1,1
LN102331,63,146275.55,697,0.35,88386.68,Employed,Vehicle,5,2,1,0
LN102332,34,288440.12,527,0.201,647765.98,Employed,Personal,11,0,0,1
LN102333,61,305253.81,513,0.191,324160.6,Employed,Business,1,2,1,0
LN102334,48,247688.3,641,0.504,173285.79,Employed,Education,5,0,3,1
LN102335,47,589215.86,634,0.321,128681.65,Contract,Personal,5,0,1,0
LN102336,43,187948.58,670,0.43,229103.8,Self-employed,Home,15,0,2,1
LN102337,61,356389.26,601,0.49,128877.12,Employed,Home,12,0,3,1
LN102338,23,311427.31,791,0.273,186941.08,Employed,Education,5,0,4,0
LN102339,25,127432.74,662,0.356,158115.31,Employed,Vehicle,9,1,3,0
LN102340,41,145229.59,667,0.227,119570.31,Employed,Personal,3,0,1,0
LN102341,40,301971.77,665,0.514,202691.16,Employed,Vehicle,12,0,0,0
LN102342,47,891978.9,725,0.023,83710.71,Self-employed,Home,5,0,1,0
LN102343,57,412559.68,693,0.13,114259.82,Employed,Personal,14,1,1,1
LN102344,49,116126.87,683,0.379,58197.72,Employed,Business,14,1,3,0
LN102345,33,60000.0,705,0.433,62733.68,Employed,Business,3,0,0,0
LN102346,37,448972.64,513,0.364,21253.73,Employed,Home,6,1,0,1
LN102347,57,284537.5,516,0.3,148005.49,Employed,Vehicle,14,1,2,0
LN102348,30,561987.02,644,0.301,176967.89,Self-employed,Vehicle,1,0,3,0
LN102349,45,184820.97,635,0.396,222739.54,Employed,Business,10,0,2,0
LN102350,47,363725.46,693,0.307,53726.32,Self-employed,Education,8,0,0,0
LN102351,57,477793.14,652,0.433,146411.5,Unemployed,Business,8,0,2,0
LN102352,56,234552.04,694,0.409,109949.18,Employed,Business,9,0,1,0
LN102353,43,237326.16,557,0.396,177666.54,Employed,Vehicle,8,0,0,0
LN102354,36,304197.46,649,0.438,72028.16,Employed,Vehicle,5,1,2,0
LN102355,39,404339.34,549,0.243,88401.48,Self-employed,Vehicle,7,0,2,0
LN102356,41,297644.19,679,0.296,40073.11,Contract,Education,15,0,1,1
LN102357,31,512592.13,509,0.3,69025.93,Contract,Business,1,0,2,0
LN102358,51,232692.57,676,0.393,110221.75,Employed,Home,2,0,0,0
LN102359,31,144483.47,540,0.07,123181.9,Self-employed,Personal,0,1,3,0
LN102360,52,889908.75,621,0.323,36769.05,Employed,Vehicle,10,2,0,0
LN102361,57,215128.15,717,0.479,78888.65,Self-employed,Personal,5,0,0,0
LN102362,68,219453.27,667,0.416,122081.09,Contract,Home,0,0,0,0
LN102363,26,289336.58,527,0.404,274707.96,Self-employed,Education,3,2,1,0
LN102364,58,311292.22,600,0.345,63511.57,Employed,Personal,4,2,1,0
LN102365,25,242525.41,537,0.394,151263.29,Employed,Vehicle,1,1,0,0
LN102366,37,297137.15,523,0.142,76360.31,Contract,Business,12,0,1,0
LN102367,29,293510.45,659,0.555,82329.19,Employed,Personal,0,2,0,0
LN102368,28,330277.47,692,0.044,62181.6,Employed,Home,14,0,1,0
LN102369,29,82036.51,683,0.485,55793.61,Self-employed,Vehicle,15,0,1,1
LN102370,23,844094.49,695,0.039,80790.95,Contract,Vehicle,14,0,2,0
LN102371,61,276655.74,649,0.554,217388.83,Contract,Vehicle,3,0,1,0
LN102372,23,412866.76,629,0.376,67339.7,Employed,Home,3,0,0,0
LN102373,40,140587.03,570,0.292,60855.44,Self-employed,Home,15,0,1,0
LN102374,55,231535.3,617,0.331,126016.57,Contract,Business,9,0,1,1
LN102375,69,207267.19,551,0.299,110373.39,Employed,Business,8,0,1,0
LN102376,62,673259.3,587,0.023,105227.18,Employed,Home,13,2,1,0
LN102377,27,217366.53,657,0.262,129745.18,Self-employed,Personal,3,1,2,0
LN102378,69,455195.26,641,0.384,57068.65,Employed,Vehicle,6,1,1,0
LN102379,53,209778.29,850,0.627,61325.39,Employed,Education,2,0,3,0
LN102380,29,233887.93,549,0.288,208834.74,Employed,Home,12,0,3,1
LN102381,42,262100.99,641,0.231,100045.55,Self-employed,Vehicle,3,1,1,0
LN102382,65,607831.25,543,0.043,162092.51,Employed,Vehicle,2,2,0,0
LN102383,40,106098.03,621,0.197,243741.3,Employed,Personal,5,3,3,0
LN102384,29,145498.75,624,0.284,190606.93,Employed,Education,9,0,5,0
LN102385,63,102797.87,713,0.399,45155.78,Employed,Personal,3,0,0,0
LN102386,67,164952.29,616,0.146,101977.9,Employed,Home,14,1,0,0
LN102387,68,191982.16,636,0.495,216376.69,Employed,Education,13,0,1,0
LN102388,67,123447.72,618,0.342,154510.95,Employed,Home,14,0,3,0
LN102389,63,200337.05,545,0.261,123970.32,Employed,Home,5,0,0,0
LN102390,43,99056.41,601,0.543,37893.24,Employed,Vehicle,6,0,4,0
LN102391,30,171380.92,621,0.279,73680.86,Employed,Home,8,0,1,0
LN102392,51,580571.92,656,0.494,115070.28,Employed,Personal,14,0,0,0
LN102393,31,374561.46,692,0.364,43538.52,Employed,Education,8,1,2,0
LN102394,44,332583.08,632,0.315,184259.22,Employed,Personal,6,0,0,0
LN102395,53,172820.64,631,0.259,101904.56,Employed,Home,10,0,1,0
LN102396,67,128886.96,521,0.093,30377.64,Employed,Vehicle,2,0,2,0
LN102397,35,160331.99,690,0.079,76110.27,Employed,Education,15,0,1,1
LN102398,33,292954.43,598,0.279,91319.88,Employed,Home,11,1,2,0
LN102399,57,483610.44,706,0.321,101095.18,Contract,Home,7,0,1,0
LN102400,21,492790.71,749,0.173,276783.09,Employed,Home,1,3,3,0
LN102401,48,424375.75,636,0.399,160209.06,Self-employed,Business,5,1,1,0
LN102402,57,199961.77,573,0.084,45283.1,Employed,Vehicle,9,1,1,0
LN102403,47,304078.19,649,0.244,41775.08,Employed,Home,15,0,1,0
LN102404,39,251399.7,676,0.389,92485.29,Employed,Education,7,0,1,0
LN102405,61,268574.44,626,0.344,119404.52,Employed,Business,15,1,1,0
LN102406,39,919842.83,608,0.195,209669.04,Self-employed,Home,8,1,1,0
LN102407,55,113827.3,692,0.327,338631.0,Employed,Vehicle,12,0,2,0
LN102408,43,263673.14,687,0.136,350803.07,Contract,Business,1,1,0,0
LN102409,22,584200.57,624,0.437,82512.75,Employed,Business,12,0,3,0
LN102410,46,133960.12,526,0.384,201933.56,Self-employed,Education,3,0,2,0
LN102411,23,210549.63,684,0.259,145058.78,Employed,Home,6,0,0,0
LN102412,66,224261.17,592,0.144,54134.36,Employed,Home,5,1,3,0
LN102413,50,265329.68,666,0.25,32244.54,Self-employed,Business,8,0,1,0
LN102414,39,124711.87,661,0.527,120801.74,Employed,Personal,9,0,1,0
LN102415,44,416209.94,508,0.14,41621.65,Self-employed,Vehicle,5,1,2,0
LN102416,51,432784.75,656,0.269,63245.99,Employed,Home,0,0,3,0
LN102417,33,396782.75,689,0.02,70480.71,Self-employed,Home,9,0,0,0
LN102418,35,185875.47,698,0.487,126807.32,Self-employed,Personal,6,0,0,0
LN102419,41,314619.32,659,0.433,252872.18,Employed,Personal,13,0,1,0
LN102420,33,182927.58,502,0.255,110914.94,Contract,Vehicle,11,1,2,0
LN102421,58,249848.39,746,0.414,77494.48,Self-employed,Education,5,1,0,1
LN102422,26,980624.72,681,0.451,28673.6,Employed,Personal,0,1,1,0
LN102423,61,316212.65,560,0.209,148179.32,Employed,Personal,8,1,0,0
LN102424,38,156122.8,591,0.326,112061.22,Self-employed,Vehicle,12,0,1,0
LN102425,48,331280.98,667,0.227,76952.16,Self-employed,Business,12,0,0,0
LN102426,28,142635.83,701,0.458,234730.96,Contract,Home,5,1,1,0
LN102427,39,155139.82,613,0.135,50726.97,Self-employed,Education,3,1,2,1
LN102428,57,169214.1,712,0.532,70478.49,Employed,Vehicle,1,1,2,0
LN102429,34,234959.29,516,0.185,93804.45,Employed,Personal,9,1,3,0
LN102430,27,502258.75,572,0.13,76329.63,Employed,Education,4,0,1,0
LN102431,46,412361.95,495,0.527,157349.7,Employed,Home,12,0,0,0
LN102432,28,399986.14,583,0.42,148713.9,Contract,Education,9,0,3,0
LN102433,36,163919.26,763,0.374,217807.33,Self-employed,Education,0,0,0,0
LN102434,43,222752.12,804,0.334,152473.16,Contract,Vehicle,11,1,0,0
LN102435,48,348411.09,668,0.622,102052.51,Self-employed,Home,4,1,1,1
LN102436,52,212343.76,602,0.315,88199.27,Self-employed,Home,13,2,2,1
LN102437,54,257412.78,633,0.039,147881.44,Employed,Business,0,1,2,0
LN102438,62,382423.93,686,0.489,97201.04,Employed,Home,5,0,0,0
LN102439,24,247635.4,533,0.299,113429.11,Employed,Vehicle,0,1,0,0
LN102440,38,339717.79,607,0.185,153204.63,Contract,Vehicle,10,1,3,0
LN102441,21,720383.08,758,0.699,120366.55,Employed,Personal,7,1,2,0
LN102442,21,272942.22,572,0.197,134433.17,Contract,Education,8,0,0,0
LN102443,31,573878.83,594,0.074,65784.3,Employed,Personal,11,0,4,0
LN102444,50,408068.89,651,0.277,264486.18,Employed,Personal,14,1,1,1
LN102445,64,133860.66,671,0.032,53578.24,Employed,Education,6,1,1,0
LN102446,58,163629.89,603,0.391,146343.84,Employed,Business,9,0,2,0
LN102447,52,189673.61,656,0.301,80212.87,Employed,Personal,9,1,1,0
LN102448,59,187470.83,696,0.318,222294.99,Employed,Personal,14,0,1,0
LN102449,29,285466.05,797,0.44,195373.27,Employed,Personal,3,0,0,0
LN102450,62,420664.96,641,0.114,109853.54,Employed,Education,8,1,4,0
LN102451,64,598316.34,647,0.05,302187.78,Employed,Personal,13,0,2,0
LN102452,25,355412.39,765,0.421,97384.87,Contract,Personal,4,1,1,0
LN102453,44,234782.3,609,0.349,195113.24,Employed,Business,5,0,3,0
LN102454,61,95444.96,551,0.057,68609.45,Employed,Business,7,0,1,0
LN102455,44,311876.33,669,0.66,143124.28,Unemployed,Education,11,2,0,0
LN102456,62,304282.36,731,0.221,60002.2,Employed,Personal,10,1,3,0
LN102457,66,331753.85,677,0.296,111401.04,Unemployed,Vehicle,2,2,4,1
LN102458,44,955480.77,643,0.146,106384.77,Contract,Business,3,0,1,0
LN102459,23,593543.54,541,0.522,194716.29,Self-employed,Personal,13,0,1,1
LN102460,37,462000.5,646,0.486,71128.84,Employed,Business,10,1,1,0
LN102461,31,176732.99,742,0.113,810910.82,Contract,Personal,8,0,2,0
LN102462,44,226248.82,557,0.261,44796.23,Employed,Personal,6,1,2,0
LN102463,49,284751.8,632,0.317,127982.98,Employed,Home,15,0,0,0
LN102464,43,195842.07,621,0.201,132627.48,Employed,Personal,14,0,1,0
LN102465,30,395060.12,598,0.426,156060.13,Employed,Vehicle,6,2,0,0
LN102466,35,365067.53,669,0.405,78686.78,Employed,Education,5,0,2,1
LN102467,54,164879.22,683,0.107,128718.93,Contract,Vehicle,13,1,0,0
LN102468,22,579422.35,682,0.516,76217.34,Employed,Vehicle,5,1,3,1
LN102469,31,317365.2,577,0.368,371675.64,Employed,Personal,6,0,0,0
LN102470,64,115907.6,527,0.172,72795.96,Employed,Education,14,1,3,0
LN102471,25,291646.92,670,0.375,99909.71,Employed,Vehicle,1,0,1,0
LN102472,41,350179.55,612,0.29,71472.55,Contract,Personal,11,0,0,0
LN102473,31,512252.81,788,0.362,65386.0,Contract,Home,11,0,0,0
LN102474,26,249178.74,791,0.628,44246.4,Self-employed,Vehicle,6,1,2,0
LN102475,41,473025.13,799,0.43,170259.49,Self-employed,Vehicle,2,1,2,0
LN102476,46,332523.51,579,0.16,71033.28,Contract,Home,13,2,1,1
LN102477,29,145547.49,693,0.406,65518.51,Employed,Business,12,0,0,0
LN102478,24,137750.04,715,0.247,58816.39,Employed,Personal,13,1,1,0
LN102479,27,556234.74,707,0.474,134065.68,Employed,Personal,5,1,2,0
LN102480,52,579157.1,623,0.152,111560.7,Employed,Education,15,2,2,0
LN102481,63,358304.27,746,0.232,111893.58,Contract,Vehicle,12,0,1,0
LN102482,29,682949.67,650,0.189,67060.56,Self-employed,Personal,3,1,1,0
LN102483,36,536420.24,660,0.181,145967.16,Employed,Personal,7,0,1,0
LN102484,37,436932.31,535,0.386,71518.32,Employed,Education,5,2,1,1
LN102485,38,181737.1,698,0.485,115134.17,Self-employed,Education,8,1,1,0
LN102486,32,777488.06,630,0.389,100449.36,Contract,Vehicle,3,1,0,0
LN102487,23,402924.12,685,0.221,36706.92,Contract,Home,11,1,0,0
LN102488,46,242638.13,668,0.301,411245.34,Self-employed,Home,7,0,1,0
LN102489,38,207728.92,664,0.266,159827.06,Self-employed,Personal,10,0,3,0
LN102490,37,345507.22,647,0.222,123669.7,Employed,Vehicle,10,0,3,1
LN102491,33,119665.46,709,0.275,137030.52,Employed,Personal,10,0,0,0
LN102492,66,440805.08,635,0.409,417587.86,Employed,Education,12,1,1,0
LN102493,50,177561.77,541,0.295,230313.99,Employed,Vehicle,10,0,0,1
LN102494,41,367828.55,693,0.173,137989.41,Contract,Personal,8,2,0,0
LN102495,31,225178.02,589,0.248,69413.39,Contract,Home,9,0,1,0
LN102496,60,259395.05,551,0.206,76909.43,Employed,Business,10,1,1,1
LN102497,64,197844.63,573,0.296,34068.18,Employed,Vehicle,12,0,0,0
LN102498,22,274542.56,671,0.263,86582.42,Employed,Personal,7,1,4,0
LN102499,66,848051.38,643,0.193,169131.29,Employed,Vehicle,4,2,0,0
LN102500,55,642627.52,490,0.229,166058.34,Contract,Education,4,0,2,0
LN102501,25,364579.96,621,0.083,164181.95,Contract,Education,2,0,1,0
LN102502,57,295855.34,738,0.288,78688.24,Contract,Vehicle,9,1,0,0
LN102503,26,477275.14,616,0.28,157379.28,Employed,Vehicle,11,1,1,0
LN102504,23,558506.46,638,0.601,187954.51,Self-employed,Vehicle,5,2,0,0
LN102505,26,190068.09,728,0.353,25866.8,Unemployed,Personal,8,0,1,1
LN102506,43,287490.87,710,0.27,134069.05,Self-employed,Education,5,2,1,0
LN102507,51,110134.84,727,0.048,425456.78,Employed,Home,14,0,2,0
LN102508,40,556400.65,442,0.111,91015.37,Employed,Home,14,1,2,0
LN102509,26,934064.8,780,0.471,21355.25,Employed,Business,15,0,1,0
LN102510,30,313508.95,698,0.249,64861.36,Employed,Home,13,0,4,0
LN102511,62,93226.02,835,0.247,33819.24,Employed,Personal,13,1,1,0
LN102512,68,419335.9,591,0.429,72831.35,Self-employed,Home,8,0,0,0
LN102513,57,182460.45,518,0.36,49642.01,Employed,Vehicle,8,0,1,0
LN102514,26,208291.86,651,0.234,201449.03,Employed,Vehicle,4,2,0,0
LN102515,61,423434.78,629,0.236,182457.08,Employed,Business,12,0,3,1
LN102516,54,345083.79,699,0.269,137472.27,Contract,Education,5,2,2,0
LN102517,46,229366.84,731,0.185,244088.48,Employed,Vehicle,5,1,1,0
LN102518,28,209872.33,643,0.21,76171.21,Employed,Personal,15,0,2,0
LN102519,69,321498.32,632,0.159,115386.6,Self-employed,Home,0,1,3,0
LN102520,42,239505.51,689,0.303,457990.32,Employed,Business,1,1,4,0
LN102521,23,162992.15,631,0.314,160920.94,Employed,Vehicle,12,2,1,0
LN102522,31,249852.99,625,0.047,160661.2,Self-employed,Business,10,1,3,0
LN102523,40,361607.16,728,0.626,66791.59,Employed,Personal,12,0,1,1
LN102524,24,272006.39,744,0.275,83906.84,Employed,Home,7,0,4,0
LN102525,36,137875.73,731,0.313,57314.78,Self-employed,Business,0,2,0,1
LN102526,43,516857.92,637,0.132,328019.67,Employed,Business,4,0,2,0
LN102527,67,66515.58,490,0.521,39950.59,Employed,Personal,13,2,0,1
LN102528,25,234693.79,639,0.339,199271.99,Employed,Vehicle,10,1,3,0
LN102529,49,213294.39,593,0.383,160486.39,Employed,Personal,14,2,3,0
LN102530,65,325473.44,640,0.232,38795.11,Employed,Home,0,1,2,0
LN102531,60,408583.57,600,0.454,231144.98,Employed,Business,5,1,5,0
LN102532,66,557522.64,648,0.199,92974.57,Employed,Vehicle,10,1,2,0
LN102533,29,202747.18,572,0.753,46614.12,Contract,Personal,0,1,1,0
LN102534,60,414222.29,554,0.081,139406.47,Employed,Personal,7,0,0,1
LN102535,68,334114.11,742,0.195,64448.47,Contract,Business,14,0,2,0
LN102536,36,117030.64,577,0.079,96281.12,Employed,Personal,2,0,2,0
LN102537,45,853273.06,650,0.407,79181.51,Employed,Personal,1,1,2,1
LN102538,47,135972.98,722,0.314,62118.99,Employed,Personal,10,0,1,0
LN102539,45,377853.28,719,0.288,50806.2,Employed,Education,3,1,1,1
LN102540,35,371764.45,710,0.399,184642.74,Employed,Home,2,1,1,0
LN102541,68,349108.48,673,0.341,135863.38,Employed,Business,8,1,0,0
LN102542,67,228552.33,704,0.322,130309.28,Self-employed,Vehicle,9,0,0,0
LN102543,39,472846.79,753,0.466,86810.94,Employed,Personal,13,0,0,0
LN102544,60,127177.07,682,0.09,113729.53,Employed,Vehicle,1,1,2,0
LN102545,40,289332.53,512,0.461,68172.78,Self-employed,Vehicle,12,1,1,0
LN102546,59,220005.25,610,0.285,67412.75,Employed,Education,10,1,1,1
LN102547,49,206700.03,702,0.561,334332.45,Contract,Business,10,1,2,0
LN102548,44,379780.62,603,0.523,195475.08,Contract,Home,3,0,0,0
LN102549,27,542612.63,772,0.317,76365.91,Employed,Education,13,0,1,0
LN102550,53,248387.94,645,0.122,41594.76,Employed,Home,1,0,2,0
LN102551,36,460888.93,656,0.113,36407.48,Unemployed,Education,10,0,1,0
LN102552,31,308320.5,734,0.108,72840.07,Contract,Education,2,0,3,0
LN102553,30,183603.72,636,0.501,117976.82,Contract,Home,10,1,1,1
LN102554,69,260319.27,663,0.42,118797.42,Employed,Personal,7,0,2,0
LN102555,26,254440.05,717,0.186,121132.88,Employed,Personal,2,0,2,0
LN102556,60,204510.54,540,0.246,136691.25,Employed,Personal,3,0,3,0
LN102557,63,379725.3,629,0.194,56010.84,Employed,Personal,7,1,1,0
LN102558,22,341325.95,712,0.264,293101.46,Employed,Home,5,1,0,0
LN102559,49,125076.45,655,0.51,96754.73,Self-employed,Personal,7,0,1,0
LN102560,49,120957.98,760,0.226,133236.82,Employed,Personal,6,2,1,0
LN102561,38,378932.82,532,0.235,71804.55,Contract,Personal,0,0,1,0
LN102562,53,191593.31,523,0.062,134686.31,Employed,Personal,6,2,2,0
LN102563,41,354215.37,708,0.518,424330.49,Unemployed,Personal,6,0,1,0
LN102564,42,460952.43,715,0.333,57824.5,Employed,Personal,6,1,3,1
LN102565,42,149121.05,636,0.294,53268.44,Unemployed,Business,3,0,0,0
LN102566,60,138025.3,680,0.511,62710.72,Self-employed,Education,3,0,0,1
LN102567,52,753493.13,706,0.414,88582.11,Employed,Home,1,0,2,0
LN102568,39,363997.28,589,0.16,78380.07,Contract,Personal,9,0,3,0
LN102569,66,238221.31,597,0.2,55927.2,Employed,Personal,8,0,0,0
LN102570,60,179489.23,664,0.252,106505.84,Employed,Personal,12,0,1,0
LN102571,66,226566.84,718,0.083,303451.54,Employed,Vehicle,3,0,2,0
LN102572,56,155861.48,563,0.318,99793.01,Unemployed,Home,6,1,2,0
LN102573,40,487679.86,635,0.53,103316.28,Unemployed,Personal,3,1,4,0
LN102574,58,195697.35,632,0.094,137468.28,Employed,Home,15,0,2,0
LN102575,37,547425.57,681,0.465,167580.27,Employed,Vehicle,12,2,1,0
LN102576,34,240672.38,649,0.327,268561.13,Employed,Education,2,1,2,0
LN102577,43,169006.96,609,0.315,128574.34,Employed,Home,12,0,1,0
LN102578,68,237297.97,744,0.27,109810.23,Self-employed,Education,14,0,0,0
LN102579,48,70844.74,610,0.488,57741.96,Employed,Home,10,0,0,0
LN102580,39,280720.57,628,0.203,177941.56,Employed,Vehicle,15,1,0,0
LN102581,43,273203.49,531,0.279,63532.06,Contract,Business,3,3,2,0
LN102582,35,472194.5,596,0.391,62265.4,Unemployed,Education,4,0,0,0
LN102583,53,106305.26,689,0.124,124713.31,Employed,Business,10,0,1,0
LN102584,38,568390.67,674,0.35,299607.01,Employed,Education,8,1,1,0
LN102585,48,471119.65,695,0.635,176386.46,Employed,Personal,11,1,1,0
LN102586,39,597292.2,691,0.182,107348.87,Employed,Home,15,1,0,0
LN102587,36,291425.88,807,0.413,58116.35,Employed,Vehicle,3,1,0,0
LN102588,68,523965.44,594,0.254,295850.42,Employed,Vehicle,13,0,3,1
LN102589,37,133566.34,529,0.109,106028.03,Employed,Home,2,2,2,0
LN102590,24,444059.53,571,0.499,91089.85,Contract,Business,7,2,2,0
LN102591,39,196299.78,597,0.249,157801.65,Employed,Education,6,0,0,0
LN102592,47,120966.24,577,0.114,82207.57,Self-employed,Education,12,2,0,0
LN102593,25,161661.59,657,0.492,67425.81,Employed,Education,6,0,4,0
LN102594,35,300914.03,744,0.637,71763.02,Self-employed,Vehicle,13,1,2,1
LN102595,29,190645.92,765,0.557,71638.65,Self-employed,Business,2,0,2,0
LN102596,45,368935.9,688,0.263,52862.37,Contract,Personal,15,0,1,0
LN102597,56,110969.1,811,0.303,49164.94,Employed,Home,3,0,0,0
LN102598,68,93119.05,623,0.451,206913.27,Employed,Education,9,1,2,0
LN102599,40,638164.17,528,0.368,169902.9,Contract,Home,7,1,2,0
LN102600,63,493179.17,729,0.389,64435.31,Employed,Personal,1,0,0,0
LN102601,31,168455.09,512,0.143,195966.14,Employed,Education,8,1,1,0
LN102602,59,299505.47,593,0.214,134495.89,Employed,Business,13,0,1,0
LN102603,48,525584.7,689,0.26,89122.74,Unemployed,Business,8,1,2,0
LN102604,58,377791.63,642,0.073,49585.1,Employed,Home,11,0,0,0
LN102605,58,325481.35,636,0.311,137334.7,Employed,Home,15,1,0,0
LN102606,47,547913.39,561,0.254,369805.7,Unemployed,Business,4,0,1,0
LN102607,33,200715.93,649,0.515,111046.81,Employed,Education,0,1,2,0
LN102608,46,305188.81,725,0.646,210525.08,Employed,Education,11,1,0,0
LN102609,61,297069.38,651,0.177,95857.6,Employed,Education,12,1,0,0
LN102610,68,258207.45,588,0.385,200271.33,Employed,Education,2,1,3,0
LN102611,66,242109.34,556,0.148,99767.54,Employed,Personal,5,2,2,0
LN102612,29,312267.44,589,0.242,23035.06,Employed,Business,5,1,1,0
LN102613,50,305731.3,679,0.266,68810.23,Employed,Personal,12,0,0,0
LN102614,26,168535.65,676,0.19,119875.04,Self-employed,Vehicle,14,0,0,1
LN102615,53,466272.5,590,0.261,222335.22,Employed,Home,11,1,2,0
LN102616,69,175347.66,484,0.171,99554.54,Employed,Business,4,1,0,0
LN102617,23,266068.58,682,0.199,112152.59,Contract,Education,9,0,0,0
LN102618,53,255029.24,583,0.623,75095.13,Employed,Education,4,0,0,0
LN102619,67,365307.5,702,0.302,303409.26,Unemployed,Home,10,1,3,0
LN102620,62,93529.35,593,0.385,291759.13,Unemployed,Business,15,0,0,0
LN102621,40,489695.06,576,0.126,70875.27,Employed,Education,10,0,0,0
LN102622,26,206735.0,661,0.28,41050.93,Employed,Business,12,0,1,0
LN102623,66,586845.91,827,0.129,33981.0,Contract,Home,11,1,0,0
LN102624,66,230624.71,706,0.541,162828.24,Self-employed,Vehicle,7,3,1,0
LN102625,49,292048.1,660,0.462,120105.91,Self-employed,Home,2,0,0,1
LN102626,68,859512.01,677,0.135,66175.74,Employed,Vehicle,15,0,4,1
LN102627,21,257558.39,519,0.251,131259.66,Contract,Business,5,0,0,0
LN102628,51,592973.62,566,0.271,49440.46,Employed,Vehicle,14,1,1,0
LN102629,22,306512.11,462,0.13,184413.49,Self-employed,Personal,13,0,4,0
LN102630,66,377006.65,780,0.272,85796.56,Contract,Personal,10,1,2,0
LN102631,54,311768.12,765,0.535,54463.57,Employed,Vehicle,8,1,0,0
LN102632,65,478234.34,679,0.286,86653.79,Employed,Education,4,0,0,0
LN102633,48,205766.1,660,0.44,84734.38,Self-employed,Business,2,0,0,0
LN102634,25,174610.15,534,0.338,139458.67,Contract,Personal,13,2,1,0
LN102635,22,211149.32,634,0.307,234716.59,Employed,Vehicle,15,1,1,0
LN102636,37,316911.7,784,0.089,226935.86,Self-employed,Business,10,0,1,0
LN102637,57,265690.51,660,0.144,122026.82,Employed,Education,15,1,1,0
LN102638,28,443382.87,608,0.243,97398.07,Employed,Business,3,1,1,0
LN102639,62,614854.04,518,0.214,76009.78,Employed,Personal,8,1,2,0
LN102640,32,175400.41,754,0.613,34857.47,Employed,Vehicle,2,0,5,0
LN102641,45,200358.98,645,0.381,108634.77,Employed,Vehicle,8,0,4,0
LN102642,30,136162.74,518,0.159,63264.41,Employed,Business,14,2,1,0
LN102643,43,916431.77,581,0.514,242839.45,Employed,Business,4,0,2,0
LN102644,43,354727.79,554,0.422,96545.25,Employed,Vehicle,6,1,3,0
LN102645,21,390595.99,640,0.088,178767.53,Contract,Home,8,0,1,0
LN102646,48,143547.77,666,0.283,80386.56,Employed,Home,7,0,1,0
LN102647,59,299807.01,612,0.576,70910.38,Employed,Vehicle,15,0,4,0
LN102648,66,396973.24,708,0.124,162974.55,Contract,Vehicle,6,1,5,0
LN102649,37,261064.04,656,0.263,131754.78,Contract,Vehicle,4,0,2,0
LN102650,64,542083.78,730,0.577,135627.9,Self-employed,Home,5,0,1,1
LN102651,64,1069866.97,623,0.384,103495.06,Employed,Education,4,0,1,0
LN102652,69,178198.47,850,0.219,183751.43,Employed,Business,5,1,0,0
LN102653,39,170995.03,608,0.188,167265.56,Employed,Vehicle,14,2,4,0
LN102654,62,185122.29,582,0.605,26723.61,Self-employed,Personal,8,1,1,1
LN102655,48,725740.14,573,0.078,93049.88,Employed,Home,6,0,0,0
LN102656,23,532231.16,634,0.471,212738.11,Employed,Personal,2,1,1,1
LN102657,34,278451.02,521,0.273,56700.48,Employed,Business,15,3,0,0
LN102658,53,306093.4,672,0.397,36613.72,Employed,Vehicle,2,1,1,0
LN102659,28,191460.88,507,0.351,100511.5,Employed,Personal,5,0,1,1
LN102660,42,489457.39,662,0.256,154309.25,Employed,Home,11,0,1,0
LN102661,58,243431.71,549,0.545,81546.02,Employed,Vehicle,0,1,1,0
LN102662,28,260015.27,621,0.202,254906.15,Employed,Home,5,1,3,0
LN102663,45,419312.66,695,0.22,364612.34,Employed,Vehicle,15,1,2,0
LN102664,31,270530.61,823,0.22,31474.57,Employed,Vehicle,0,0,0,0
LN102665,47,263631.21,569,0.48,85702.68,Self-employed,Personal,3,1,2,1
LN102666,32,301749.99,639,0.313,24960.22,Employed,Vehicle,1,1,0,0
LN102667,68,464623.76,596,0.369,169040.15,Employed,Personal,11,0,1,1
LN102668,24,742003.28,585,0.325,70709.09,Self-employed,Vehicle,0,1,1,0
LN102669,68,413972.65,596,0.243,80737.79,Employed,Vehicle,0,0,1,0
LN102670,59,466662.03,712,0.256,232000.64,Employed,Education,7,1,2,0
LN102671,62,268771.81,613,0.061,46387.16,Employed,Personal,11,1,3,0
LN102672,62,203261.57,819,0.502,39399.98,Unemployed,Business,14,1,2,0
LN102673,30,429866.59,681,0.178,25031.15,Employed,Personal,3,0,1,0
LN102674,66,329628.06,574,0.408,251218.55,Employed,Education,9,1,1,0
LN102675,50,137185.87,622,0.217,216009.56,Employed,Business,12,0,2,0
LN102676,68,250471.26,590,0.08,90872.11,Self-employed,Vehicle,11,0,0,0
LN102677,64,286629.12,710,0.479,48017.75,Employed,Business,15,0,2,0
LN102678,49,226564.72,527,0.399,189169.53,Self-employed,Vehicle,1,2,1,1
LN102679,39,677721.92,549,0.204,659195.07,Employed,Vehicle,0,0,1,1
LN102680,26,390603.88,606,0.312,94375.68,Employed,Vehicle,10,1,1,0
LN102681,25,638440.62,701,0.627,50329.57,Self-employed,Education,5,0,3,0
LN102682,40,346771.61,742,0.111,246553.9,Employed,Education,11,2,0,0
LN102683,60,313734.09,754,0.385,52686.7,Employed,Home,11,0,3,0
LN102684,45,179227.09,690,0.127,86672.96,Contract,Vehicle,7,1,2,0
LN102685,44,301974.84,644,0.049,19792.82,Unemployed,Education,15,0,2,0
LN102686,32,302161.65,710,0.172,90319.44,Employed,Personal,14,1,3,0
LN102687,48,141439.19,564,0.154,47922.91,Self-employed,Business,5,0,1,0
LN102688,52,222971.14,512,0.499,249316.14,Employed,Business,0,2,3,1
LN102689,69,251131.59,683,0.206,58322.44,Employed,Education,15,1,1,1
LN102690,56,376604.75,575,0.222,182610.71,Self-employed,Education,15,1,2,0
LN102691,50,386651.99,645,0.27,102747.05,Self-employed,Personal,14,0,1,0
LN102692,65,217904.59,659,0.376,119338.89,Employed,Personal,0,1,1,1
LN102693,41,388254.38,669,0.455,154458.29,Employed,Personal,11,0,0,0
LN102694,66,271412.3,720,0.105,106243.72,Employed,Personal,15,0,0,0
LN102695,39,61898.22,712,0.362,72197.65,Self-employed,Vehicle,6,0,3,0
LN102696,27,229797.01,665,0.211,64888.04,Employed,Business,12,2,1,0
LN102697,41,543063.48,617,0.126,153134.6,Employed,Personal,8,0,1,0
LN102698,27,118960.24,658,0.138,31955.69,Employed,Home,7,2,0,0
LN102699,26,319182.37,605,0.514,327434.23,Self-employed,Education,11,1,3,0
LN102700,64,717430.55,635,0.345,119840.84,Employed,Vehicle,9,0,1,1
LN102701,59,197442.09,846,0.321,88338.29,Contract,Home,10,0,1,0
LN102702,31,300354.81,664,0.264,130769.4,Employed,Personal,3,0,0,0
LN102703,62,146433.81,684,0.46,74752.81,Contract,Personal,4,2,2,0
LN102704,24,734183.94,597,0.542,97978.6,Employed,Business,10,0,3,0
LN102705,34,286560.46,727,0.189,52712.91,Employed,Business,8,2,1,0
LN102706,55,307792.93,707,0.168,140370.62,Unemployed,Vehicle,6,0,1,0
LN102707,35,631847.29,708,0.104,104531.04,Employed,Home,13,1,0,0
LN102708,56,431641.59,666,0.385,124254.91,Employed,Home,5,1,1,0
LN102709,63,185339.02,728,0.181,288449.86,Unemployed,Business,7,0,0,0
LN102710,24,210141.19,745,0.252,65218.61,Employed,Vehicle,5,1,0,1
LN102711,22,393859.68,671,0.137,101160.25,Self-employed,Vehicle,9,0,4,0
LN102712,67,212834.72,641,0.241,37602.11,Employed,Personal,8,0,1,0
LN102713,46,93625.11,717,0.176,157275.85,Contract,Home,5,0,2,0
LN102714,45,291342.64,582,0.139,108756.93,Unemployed,Personal,12,0,1,0
LN102715,43,132909.11,596,0.098,111247.29,Employed,Business,2,1,2,0
LN102716,42,729775.86,646,0.161,99304.97,Employed,Personal,12,0,3,0
LN102717,54,330635.21,519,0.113,75539.6,Employed,Vehicle,1,0,2,0
LN102718,49,182351.51,712,0.134,557185.67,Employed,Home,4,1,0,0
LN102719,29,204288.79,578,0.037,112766.71,Employed,Vehicle,6,2,2,0
LN102720,51,106124.59,615,0.69,133381.88,Self-employed,Vehicle,6,0,3,1
LN102721,53,163870.82,634,0.435,52449.82,Employed,Vehicle,10,1,2,0
LN102722,26,524665.14,653,0.034,195546.81,Contract,Home,15,3,0,0
LN102723,39,1023788.1,624,0.478,101517.16,Self-employed,Education,12,0,1,1
LN102724,59,447331.78,645,0.591,146974.5,Employed,Vehicle,8,0,2,0
LN102725,51,285190.98,646,0.206,197748.78,Employed,Education,1,0,3,0
LN102726,27,236560.7,616,0.247,102815.93,Contract,Vehicle,15,1,2,0
LN102727,22,177276.34,592,0.708,70840.74,Employed,Vehicle,5,1,3,0
LN102728,49,931367.3,731,0.297,24226.61,Unemployed,Personal,9,0,1,0
LN102729,43,270418.48,492,0.461,85525.38,Employed,Home,12,2,1,0
LN102730,68,960427.87,635,0.067,70591.93,Employed,Education,11,1,1,0
LN102731,46,645624.59,615,0.04,52326.12,Employed,Personal,1,2,2,0
LN102732,66,115162.53,681,0.256,282869.66,Employed,Personal,4,0,0,0
LN102733,31,207993.88,541,0.225,208362.34,Employed,Business,15,0,1,0
LN102734,42,207640.38,613,0.405,33484.57,Employed,Personal,12,2,1,0
LN102735,27,287110.45,642,0.118,121558.08,Employed,Personal,10,1,1,0
LN102736,49,290211.4,730,0.369,64668.35,Employed,Business,7,1,0,0
LN102737,30,1558866.1,675,0.361,139616.09,Employed,Business,15,0,2,0
LN102738,45,165887.05,561,0.484,65412.27,Employed,Personal,11,0,1,0
LN102739,37,340262.01,613,0.493,77488.72,Employed,Personal,11,0,0,0
LN102740,30,421096.38,716,0.195,205707.65,Employed,Business,14,1,4,0
LN102741,25,299740.73,560,0.329,187363.76,Unemployed,Vehicle,15,1,0,0
LN102742,46,318741.93,644,0.187,293430.99,Employed,Business,13,2,2,0
LN102743,67,168871.42,649,0.269,95526.07,Employed,Home,10,1,1,1
LN102744,30,318094.94,621,0.2,42704.32,Unemployed,Vehicle,3,1,2,0
LN102745,40,397443.16,850,0.413,200200.88,Self-employed,Home,4,1,1,0
LN102746,32,359229.98,619,0.756,200956.23,Employed,Personal,2,0,2,0
LN102747,60,410507.0,684,0.07,165480.96,Contract,Vehicle,12,0,2,0
LN102748,41,652438.46,593,0.453,67832.56,Contract,Personal,5,2,1,0
LN102749,68,502258.07,690,0.329,54842.14,Self-employed,Education,3,1,0,0
LN102750,33,311997.29,715,0.395,155844.25,Employed,Vehicle,11,3,1,0
LN102751,24,157482.66,606,0.153,61835.7,Employed,Business,9,2,2,0
LN102752,49,215676.49,646,0.063,90043.94,Unemployed,Vehicle,3,1,0,1
LN102753,52,265864.12,583,0.189,727571.23,Employed,Personal,5,0,2,0
LN102754,69,344664.91,564,0.176,438911.14,Contract,Business,7,1,2,0
LN102755,63,230603.42,728,0.536,184146.01,Employed,Home,12,1,1,0
LN102756,64,179312.34,608,0.372,71522.13,Self-employed,Vehicle,0,1,1,0
LN102757,52,156065.09,469,0.27,68783.87,Unemployed,Home,12,0,0,0
LN102758,38,120981.15,782,0.284,175167.78,Employed,Education,1,0,1,0
LN102759,42,263633.42,590,0.592,291058.47,Employed,Personal,13,1,2,1
LN102760,27,133682.35,632,0.302,78879.19,Contract,Home,1,0,1,1
LN102761,42,173034.91,773,0.426,81741.34,Self-employed,Home,3,2,1,0
LN102762,38,241564.48,639,0.608,116453.59,Self-employed,Personal,5,1,1,0
LN102763,22,143886.95,638,0.435,44596.37,Unemployed,Personal,15,1,1,0
LN102764,31,369683.11,558,0.288,45491.56,Employed,Vehicle,6,1,1,0
LN102765,47,450746.53,527,0.075,51217.24,Self-employed,Vehicle,12,1,0,0
LN102766,39,221760.42,638,0.143,156870.11,Self-employed,Vehicle,4,0,0,0
LN102767,69,235902.23,677,0.139,131272.71,Employed,Home,6,2,2,0
LN102768,44,403174.25,673,0.4,230326.51,Employed,Education,8,0,1,0
LN102769,67,202569.93,614,0.526,35562.91,Self-employed,Personal,2,0,1,0
LN102770,53,195054.46,652,0.255,41037.53,Self-employed,Business,0,1,1,0
LN102771,22,579320.95,512,0.135,147924.11,Self-employed,Education,5,0,1,0
LN102772,30,487887.93,685,0.339,62405.97,Employed,Home,12,0,1,0
LN102773,55,417646.33,662,0.342,65421.45,Self-employed,Vehicle,1,2,0,0
LN102774,47,499140.2,798,0.202,212463.21,Employed,Personal,13,0,3,0
LN102775,35,101117.09,651,0.573,76789.24,Employed,Personal,9,3,0,0
LN102776,46,631685.74,579,0.565,82858.66,Employed,Personal,4,0,2,1
LN102777,65,372194.53,646,0.258,93496.27,Self-employed,Vehicle,1,2,2,0
LN102778,40,523068.4,625,0.329,97257.01,Contract,Home,8,2,0,0
LN102779,23,371192.74,683,0.235,171689.67,Employed,Business,6,0,0,0
LN102780,36,308182.19,652,0.259,50097.82,Self-employed,Vehicle,1,0,0,0
LN102781,66,257845.97,556,0.294,97339.51,Contract,Home,10,1,3,0
LN102782,58,367128.48,527,0.133,234164.1,Employed,Education,13,1,0,0
LN102783,62,252729.85,670,0.272,439997.46,Employed,Personal,7,0,0,0
LN102784,65,483530.47,754,0.436,45543.38,Contract,Education,7,0,1,0
LN102785,26,125365.23,656,0.112,136405.82,Employed,Personal,14,1,3,0
LN102786,34,222720.08,711,0.103,97213.33,Self-employed,Vehicle,6,1,1,0
LN102787,23,923744.26,726,0.382,103158.25,Employed,Personal,3,0,1,1
LN102788,21,212605.48,670,0.069,65841.62,Employed,Personal,13,0,0,0
LN102789,61,263092.7,589,0.378,179783.48,Contract,Personal,8,0,3,0
LN102790,66,184631.69,665,0.271,173886.28,Employed,Home,15,1,1,0
LN102791,28,360862.71,741,0.282,566994.43,Employed,Education,14,1,1,0
LN102792,56,200103.91,690,0.292,46608.31,Employed,Personal,12,1,1,0
LN102793,47,270885.56,706,0.03,35316.1,Contract,Vehicle,5,3,0,0
LN102794,24,478501.37,615,0.282,418240.13,Employed,Vehicle,11,1,0,0
LN102795,65,204274.07,635,0.144,106351.6,Self-employed,Business,7,2,0,0
LN102796,63,462903.49,641,0.357,81741.49,Employed,Business,12,2,1,0
LN102797,48,471542.2,646,0.304,124317.31,Employed,Business,14,1,1,0
LN102798,55,535932.56,738,0.226,44426.06,Employed,Education,11,0,3,0
LN102799,40,324109.05,474,0.212,140441.29,Employed,Home,7,1,1,0
LN102800,59,1783753.21,652,0.398,104408.4,Employed,Home,15,0,2,0
LN102801,42,535808.06,644,0.625,221060.53,Employed,Personal,13,1,2,0
LN102802,69,358692.39,547,0.428,192008.35,Employed,Personal,3,1,3,0
LN102803,24,185308.88,700,0.374,202693.86,Employed,Vehicle,15,1,3,0
LN102804,29,284405.19,596,0.073,124527.15,Employed,Vehicle,7,1,2,0
LN102805,68,657380.05,623,0.263,312094.33,Employed,Business,4,0,0,0
LN102806,35,768181.87,789,0.429,159979.37,Employed,Home,4,0,1,0
LN102807,36,676453.34,726,0.139,77785.26,Employed,Home,12,0,0,0
LN102808,59,462033.89,693,0.21,65006.32,Contract,Business,6,2,0,0
LN102809,30,150380.59,679,0.532,69946.8,Self-employed,Education,10,1,0,1
LN102810,46,392180.22,638,0.253,161292.57,Contract,Personal,7,2,0,0
LN102811,35,151564.48,800,0.603,46290.08,Employed,Business,15,2,1,0
LN102812,30,132379.57,710,0.703,121668.39,Contract,Personal,2,0,2,0
LN102813,68,342174.13,594,0.485,64014.68,Employed,Education,9,1,3,0
LN102814,30,400031.05,545,0.111,48713.28,Employed,Personal,5,0,4,1
LN102815,25,493064.44,693,0.584,54103.48,Employed,Personal,12,1,1,1
LN102816,54,394337.6,646,0.094,108311.99,Self-employed,Business,15,0,0,0
LN102817,63,401880.49,543,0.333,180717.32,Contract,Home,5,1,3,1
LN102818,27,174552.15,682,0.246,70889.46,Self-employed,Personal,14,1,2,0
LN102819,55,283169.4,630,0.272,28533.97,Employed,Business,9,2,0,0
LN102820,47,130956.9,690,0.399,854740.09,Self-employed,Vehicle,0,2,0,0
LN102821,61,99676.45,683,0.129,227476.8,Self-employed,Personal,12,0,1,0
LN102822,27,450850.57,604,0.493,201635.55,Employed,Vehicle,8,3,1,0
LN102823,68,198256.98,697,0.177,316904.82,Employed,Home,15,0,1,0
LN102824,51,484761.32,613,0.312,116806.74,Self-employed,Home,7,1,5,1
LN102825,62,551903.74,618,0.072,100758.81,Employed,Education,4,0,0,0
LN102826,38,213397.78,610,0.188,265534.5,Employed,Home,2,1,2,0
LN102827,67,415072.65,735,0.138,264372.23,Contract,Education,1,3,0,1
LN102828,51,208543.21,629,0.194,164079.62,Unemployed,Vehicle,11,1,1,0
LN102829,27,108695.36,753,0.217,195215.48,Employed,Home,15,1,2,1
LN102830,66,321051.85,784,0.187,49169.74,Unemployed,Vehicle,10,1,0,0
LN102831,59,231551.39,595,0.286,93048.9,Contract,Personal,9,1,2,0
LN102832,35,235505.32,431,0.048,332939.23,Employed,Vehicle,0,3,0,0
LN102833,47,889110.2,728,0.33,185546.24,Self-employed,Personal,0,1,1,0
LN102834,40,129614.04,624,0.684,42528.18,Contract,Personal,7,0,0,0
LN102835,47,370317.82,585,0.183,77887.35,Self-employed,Personal,8,2,1,1
LN102836,68,173579.98,606,0.506,299496.35,Employed,Personal,6,1,3,0
LN102837,65,494390.78,619,0.296,147875.62,Employed,Personal,14,0,0,0
LN102838,31,353512.79,747,0.393,123805.08,Employed,Education,5,1,0,0
LN102839,68,369600.19,662,0.195,126248.86,Employed,Education,15,0,1,1
LN102840,42,178411.59,746,0.237,104184.72,Employed,Home,4,1,2,0
LN102841,55,196902.59,687,0.488,78235.42,Employed,Business,5,0,2,0
LN102842,58,499581.25,627,0.276,63984.93,Employed,Business,4,0,0,0
LN102843,44,794506.54,621,0.161,212128.31,Employed,Personal,12,1,0,0
LN102844,43,390704.6,692,0.164,128365.91,Contract,Personal,5,0,1,0
LN102845,43,183130.88,712,0.355,174175.76,Employed,Education,7,0,2,0
LN102846,63,361477.09,725,0.518,156934.45,Self-employed,Home,1,1,0,0
LN102847,39,1140123.76,630,0.383,274828.17,Employed,Vehicle,6,0,1,0
LN102848,34,317384.83,663,0.182,147820.4,Unemployed,Vehicle,3,1,3,0
LN102849,38,670346.64,694,0.359,187884.35,Employed,Personal,12,1,1,0
LN102850,30,199657.09,621,0.26,122635.23,Employed,Personal,13,2,3,0
LN102851,40,293135.55,565,0.143,59420.65,Self-employed,Vehicle,4,1,2,1
LN102852,26,421805.09,590,0.572,94995.48,Employed,Vehicle,15,2,2,0
LN102853,25,373274.12,632,0.201,161406.8,Contract,Business,6,0,1,0
LN102854,56,196815.89,700,0.556,170881.04,Employed,Personal,13,0,2,0
LN102855,24,192202.19,744,0.42,282491.52,Employed,Personal,3,1,1,0
LN102856,48,516636.17,548,0.562,81575.76,Employed,Vehicle,13,1,3,1
LN102857,59,577746.63,605,0.476,127406.05,Self-employed,Education,2,0,1,0
LN102858,56,689151.71,623,0.492,101142.42,Employed,Education,5,0,0,0
LN102859,42,809117.58,710,0.123,316171.1,Employed,Home,6,1,1,0
LN102860,30,323055.19,610,0.396,140495.01,Self-employed,Vehicle,2,0,4,0
LN102861,66,252806.12,618,0.515,142254.34,Employed,Education,15,1,2,1
LN102862,61,630698.22,544,0.105,107479.65,Employed,Personal,4,2,2,0
LN102863,50,444064.84,686,0.273,95029.34,Employed,Vehicle,6,1,0,0
LN102864,25,174763.23,638,0.141,42898.85,Contract,Home,0,0,1,0
LN102865,22,169912.37,601,0.211,48458.08,Employed,Vehicle,10,1,3,0
LN102866,36,393210.1,631,0.451,123560.3,Employed,Education,2,1,1,1
LN102867,28,272130.41,735,0.446,113940.61,Employed,Personal,4,0,2,0
LN102868,63,295670.6,575,0.308,124009.18,Unemployed,Business,14,2,3,1
LN102869,31,541138.81,587,0.049,202833.08,Employed,Vehicle,13,0,2,0
LN102870,34,455434.95,744,0.352,116849.97,Employed,Education,1,0,2,0
LN102871,68,623415.21,656,0.648,87713.69,Contract,Vehicle,9,1,2,1
LN102872,61,103693.31,700,0.199,95966.18,Employed,Personal,11,0,1,1
LN102873,31,344864.41,680,0.119,128897.79,Unemployed,Business,15,1,2,0
LN102874,39,439598.21,647,0.321,85925.37,Self-employed,Education,3,0,2,0
LN102875,46,129562.09,624,0.523,219716.08,Self-employed,Business,5,2,1,0
LN102876,53,209262.59,712,0.297,109196.86,Employed,Home,3,1,1,0
LN102877,66,188956.27,737,0.366,129549.22,Employed,Business,8,1,2,0
LN102878,63,303601.65,731,0.449,64696.81,Contract,Personal,9,2,0,0
LN102879,68,734435.49,561,0.317,219784.99,Employed,Home,3,0,1,0
LN102880,22,912516.94,748,0.711,280285.31,Employed,Personal,0,0,2,0
LN102881,32,191698.59,623,0.138,45351.11,Employed,Education,2,0,0,0
LN102882,48,400770.51,593,0.176,142744.78,Employed,Business,3,0,1,0
LN102883,23,407940.48,637,0.339,102548.74,Employed,Vehicle,9,0,3,0
LN102884,38,371287.48,712,0.23,132304.18,Employed,Personal,3,1,1,0
LN102885,28,373613.29,691,0.442,147575.7,Employed,Education,12,0,2,0
LN102886,66,354546.98,631,0.474,25732.61,Contract,Vehicle,10,0,4,0
LN102887,24,758957.7,713,0.414,180214.31,Employed,Personal,3,0,2,0
LN102888,28,550121.44,660,0.302,226679.9,Employed,Personal,15,0,3,0
LN102889,30,167452.18,607,0.335,243862.26,Employed,Education,11,0,1,0
LN102890,28,464717.21,597,0.168,59529.74,Self-employed,Business,13,0,2,0
LN102891,48,490089.4,681,0.614,107807.59,Self-employed,Business,10,0,1,0
LN102892,38,356742.59,644,0.367,77492.8,Employed,Personal,10,0,0,1
LN102893,65,558953.27,547,0.329,31676.36,Unemployed,Home,7,0,2,0
LN102894,33,332694.01,714,0.208,73488.66,Employed,Business,10,2,2,0
LN102895,47,334969.58,614,0.589,54369.87,Employed,Vehicle,12,1,4,1
LN102896,53,320686.74,769,0.215,136718.28,Employed,Education,15,0,1,0
LN102897,51,98864.3,545,0.473,38093.33,Unemployed,Business,9,1,0,0
LN102898,60,287023.29,636,0.377,58193.51,Contract,Vehicle,12,0,3,0
LN102899,30,207731.14,598,0.379,78478.81,Self-employed,Home,15,1,2,0
LN102900,45,156215.44,577,0.153,181468.94,Employed,Business,9,1,0,0
LN102901,60,660166.8,613,0.081,669167.28,Employed,Home,12,0,2,1
LN102902,63,395874.25,783,0.546,133952.98,Employed,Home,3,1,2,0
LN102903,51,295118.03,661,0.695,56238.88,Employed,Vehicle,14,1,1,1
LN102904,52,219892.9,591,0.26,70743.84,Contract,Personal,15,1,2,0
LN102905,63,353073.32,513,0.191,168716.22,Self-employed,Education,5,1,1,0
LN102906,51,517532.5,521,0.377,45859.27,Employed,Vehicle,14,0,0,1
LN102907,67,190366.52,610,0.349,224381.54,Unemployed,Business,12,3,3,0
LN102908,27,299204.38,602,0.547,131393.5,Employed,Personal,3,0,2,1
LN102909,38,483581.11,633,0.136,101411.23,Employed,Personal,15,0,1,0
LN102910,26,103438.98,480,0.267,36792.88,Employed,Vehicle,9,0,1,0
LN102911,25,290649.8,643,0.237,200082.94,Unemployed,Business,2,0,0,0
LN102912,44,236908.08,727,0.061,67049.05,Employed,Vehicle,1,0,1,0
LN102913,32,278711.18,772,0.104,121556.64,Employed,Business,8,0,1,0
LN102914,40,227667.62,508,0.182,99317.94,Employed,Vehicle,8,1,2,0
LN102915,42,323589.59,590,0.477,39291.58,Unemployed,Personal,13,0,1,1
LN102916,51,864176.86,586,0.255,94683.03,Employed,Business,8,1,3,0
LN102917,67,251043.22,661,0.441,50088.72,Self-employed,Vehicle,6,0,0,0
LN102918,62,352208.57,559,0.321,72000.12,Contract,Vehicle,5,1,2,0
LN102919,39,898649.43,776,0.536,145734.58,Self-employed,Home,8,0,2,0
LN102920,36,221688.65,653,0.02,173656.52,Employed,Vehicle,4,2,1,0
LN102921,58,813913.35,641,0.12,108703.06,Employed,Education,11,1,2,0
LN102922,27,300879.58,769,0.492,61924.59,Employed,Home,2,0,1,0
LN102923,47,799371.18,649,0.292,72216.1,Contract,Home,13,0,2,0
LN102924,41,453227.0,680,0.393,71405.73,Contract,Vehicle,3,1,1,0
LN102925,29,355203.93,594,0.303,27423.18,Employed,Home,3,2,2,0
LN102926,51,289364.05,547,0.383,115364.82,Employed,Personal,15,0,1,0
LN102927,36,212844.04,604,0.377,37245.51,Employed,Vehicle,6,2,0,0
LN102928,30,312769.92,814,0.368,115585.16,Employed,Home,10,1,0,0
LN102929,53,491435.78,697,0.14,42599.71,Employed,Home,6,1,3,0
LN102930,29,297844.4,671,0.091,50220.08,Unemployed,Vehicle,15,1,0,0
LN102931,53,252053.14,577,0.108,169878.0,Employed,Home,2,0,1,0
LN102932,28,261347.8,718,0.457,111770.81,Employed,Home,7,2,1,0
LN102933,42,517828.76,548,0.471,32308.58,Employed,Home,1,0,0,0
LN102934,60,588526.1,532,0.538,76497.79,Contract,Vehicle,9,1,0,0
LN102935,32,207856.86,608,0.241,130418.29,Employed,Education,11,0,1,0
LN102936,58,207692.61,797,0.445,73548.24,Contract,Personal,7,0,1,0
LN102937,56,369603.16,792,0.737,88008.35,Employed,Business,13,0,2,0
LN102938,65,695009.22,616,0.612,128911.67,Employed,Personal,12,1,1,0
LN102939,29,563449.18,599,0.172,113243.17,Employed,Home,15,0,1,0
LN102940,56,150695.88,527,0.198,57714.81,Contract,Vehicle,15,1,1,0
LN102941,66,259443.95,656,0.215,111606.23,Employed,Personal,15,0,1,0
LN102942,58,179818.95,662,0.113,91259.44,Employed,Education,6,1,0,0
LN102943,30,258954.04,709,0.263,337362.26,Self-employed,Home,15,1,1,0
LN102944,61,725026.33,718,0.215,102871.08,Employed,Personal,10,1,2,0
LN102945,26,137187.98,635,0.196,120086.53,Employed,Home,1,1,2,0
LN102946,49,123150.42,692,0.792,130235.12,Employed,Vehicle,1,0,2,1
LN102947,45,190200.29,597,0.249,89209.03,Employed,Personal,6,1,2,0
LN102948,47,351357.18,690,0.709,68891.34,Contract,Business,8,0,2,0
LN102949,46,422081.16,612,0.293,148313.66,Employed,Business,1,1,2,0
LN102950,22,381602.36,684,0.331,149104.16,Employed,Business,9,1,1,0
LN102951,45,572727.16,678,0.352,425878.93,Employed,Vehicle,10,0,2,0
LN102952,66,113759.37,655,0.272,178225.64,Unemployed,Vehicle,11,1,0,0
LN102953,42,576726.17,710,0.176,180190.01,Employed,Home,15,0,2,0
LN102954,34,252681.56,532,0.167,175389.35,Employed,Education,5,0,1,0
LN102955,69,448587.76,570,0.153,70229.66,Contract,Personal,0,2,1,1
LN102956,25,144878.94,630,0.619,48559.87,Contract,Home,15,3,1,0
LN102957,44,300818.97,542,0.159,57291.09,Employed,Vehicle,8,0,3,1
LN102958,46,341631.07,619,0.595,172028.86,Employed,Business,10,3,1,1
LN102959,44,566482.14,622,0.522,277144.11,Contract,Home,8,1,1,1
LN102960,66,125448.14,748,0.346,177253.72,Employed,Vehicle,7,1,3,1
LN102961,41,305117.33,661,0.141,98688.91,Unemployed,Business,2,0,0,0
LN102962,68,165158.08,727,0.189,327117.3,Employed,Vehicle,9,1,1,0
LN102963,24,396154.9,673,0.238,82442.82,Employed,Personal,13,1,0,0
LN102964,56,460011.54,610,0.423,52152.95,Employed,Vehicle,1,1,0,0
LN102965,50,608943.88,660,0.401,129661.23,Employed,Vehicle,6,0,1,0
LN102966,32,223523.44,705,0.041,254726.32,Employed,Home,14,0,0,0
LN102967,32,499574.65,740,0.219,63561.65,Employed,Home,6,0,0,0
LN102968,56,634145.45,640,0.208,36319.85,Contract,Vehicle,2,0,0,0
LN102969,52,121510.01,526,0.208,112729.17,Employed,Personal,15,0,0,0
LN102970,50,420133.36,521,0.514,181619.59,Employed,Education,2,1,2,0
LN102971,23,508245.03,626,0.272,16014.78,Employed,Vehicle,3,1,1,0
LN102972,50,260208.43,475,0.102,207632.51,Employed,Home,7,1,2,0
LN102973,69,154139.34,785,0.441,45243.65,Self-employed,Personal,6,0,1,0
LN102974,21,503915.27,695,0.283,176200.0,Employed,Vehicle,6,0,1,0
LN102975,43,155097.29,602,0.556,30042.85,Employed,Home,12,0,1,0
LN102976,45,271969.3,567,0.35,42174.96,Self-employed,Business,8,1,4,0
LN102977,64,293452.05,727,0.298,164456.7,Employed,Business,7,3,0,0
LN102978,34,444668.21,566,0.156,242434.25,Contract,Home,11,1,2,0
LN102979,44,212541.04,574,0.515,109348.34,Employed,Vehicle,9,1,0,0
LN102980,56,205873.41,593,0.375,521888.65,Employed,Education,10,1,1,0
LN102981,23,316773.18,659,0.233,56587.78,Employed,Vehicle,7,1,4,0
LN102982,60,521806.71,697,0.328,56119.95,Employed,Business,8,1,2,0
LN102983,61,1055616.23,739,0.039,90381.51,Contract,Vehicle,4,1,3,0
LN102984,56,130930.65,728,0.245,87628.42,Contract,Home,6,0,0,0
LN102985,52,356816.12,650,0.419,132256.57,Unemployed,Education,2,0,1,1
LN102986,57,165040.06,727,0.324,67872.06,Self-employed,Home,1,0,1,0
LN102987,59,525383.6,600,0.322,159072.84,Contract,Vehicle,13,0,1,0
LN102988,65,179035.3,513,0.362,156620.59,Employed,Education,12,0,2,0
LN102989,41,207001.48,600,0.436,313932.53,Self-employed,Business,4,1,1,1
LN102990,43,216953.6,590,0.358,79973.23,Employed,Vehicle,7,0,3,0
LN102991,52,287686.99,603,0.34,136935.7,Contract,Personal,15,2,0,0
LN102992,30,358361.11,578,0.275,163086.01,Unemployed,Home,8,0,2,0
LN102993,62,391434.52,615,0.203,109484.31,Self-employed,Business,0,1,0,0
LN102994,58,299049.86,697,0.527,95860.81,Contract,Vehicle,9,2,2,0
LN102995,51,144364.65,779,0.241,28761.45,Contract,Vehicle,14,0,0,0
LN102996,35,447673.81,521,0.17,116127.2,Employed,Home,3,1,0,1
LN102997,38,291387.85,553,0.2,161993.21,Employed,Personal,15,0,1,0
LN102998,42,568349.54,591,0.168,105942.87,Self-employed,Home,12,0,1,0
LN102999,53,203268.17,707,0.302,66155.07,Self-employed,Personal,0,1,1,0
LN103000,59,124279.29,635,0.15,36928.76,Employed,Vehicle,15,1,0,0
LN103001,53,294437.92,596,0.265,147668.22,Employed,Personal,10,1,1,0
LN103002,66,611892.4,704,0.556,112394.5,Employed,Business,3,0,0,0
LN103003,68,327766.23,722,0.348,271496.34,Contract,Vehicle,12,1,0,0
LN103004,55,268799.05,649,0.283,42878.58,Self-employed,Personal,13,0,1,0
LN103005,39,185878.2,589,0.083,81026.78,Self-employed,Vehicle,9,0,2,0
LN103006,50,788832.52,670,0.324,46601.41,Employed,Education,15,3,1,0
LN103007,41,170289.69,633,0.024,214205.91,Employed,Home,14,2,1,0
LN103008,51,201303.89,632,0.442,246128.6,Employed,Home,4,1,1,0
LN103009,60,410469.36,612,0.068,383814.62,Employed,Personal,2,0,0,0
LN103010,39,108090.74,719,0.07,154378.34,Employed,Vehicle,12,1,0,0
LN103011,45,604745.28,669,0.348,183736.99,Employed,Home,15,1,2,0
LN103012,23,422880.1,728,0.286,146047.92,Employed,Vehicle,4,0,0,0
LN103013,57,491941.38,750,0.466,159652.43,Employed,Personal,8,0,1,0
LN103014,45,407787.76,684,0.453,113565.54,Self-employed,Business,8,0,1,0
LN103015,43,274558.55,612,0.192,164468.41,Employed,Business,5,1,1,0
LN103016,47,167176.59,728,0.282,442073.36,Employed,Personal,8,1,0,0
LN103017,31,277755.43,685,0.244,126801.39,Unemployed,Business,8,0,2,0
LN103018,50,175458.49,845,0.537,111729.95,Employed,Personal,15,0,0,0
LN103019,57,391963.18,673,0.349,125114.45,Contract,Education,5,0,2,0
LN103020,38,467552.38,702,0.231,99840.17,Employed,Education,2,2,0,0
LN103021,27,675887.89,672,0.249,129108.71,Employed,Business,7,1,1,0
LN103022,39,368063.21,643,0.047,97663.87,Employed,Home,2,1,0,0
LN103023,30,498846.74,631,0.579,231381.8,Unemployed,Education,2,3,1,1
LN103024,39,254767.88,672,0.645,216831.24,Contract,Personal,10,1,0,0
LN103025,51,230610.48,689,0.633,449590.91,Employed,Home,13,0,1,0
LN103026,26,389281.22,737,0.124,108329.7,Contract,Personal,1,0,1,0
LN103027,57,242553.52,673,0.399,132700.48,Employed,Business,6,2,0,0
LN103028,32,347872.02,615,0.433,129154.95,Employed,Education,2,0,0,0
LN103029,64,167356.58,625,0.447,125237.98,Employed,Personal,7,0,6,0
LN103030,56,184728.51,551,0.218,229287.39,Employed,Home,9,0,1,0
LN103031,34,425496.87,775,0.325,38253.71,Employed,Business,14,0,1,0
LN103032,48,488559.87,609,0.302,148404.41,Employed,Home,14,1,1,1
LN103033,26,174455.83,723,0.439,402514.21,Employed,Home,14,1,2,0
LN103034,25,433815.94,671,0.47,266772.25,Employed,Education,6,0,1,0
LN103035,67,223805.61,673,0.19,247658.0,Employed,Personal,12,1,2,0
LN103036,60,302735.75,641,0.141,190151.29,Employed,Personal,4,0,1,0
LN103037,28,653996.44,591,0.393,74680.76,Employed,Education,0,1,1,0
LN103038,34,467734.33,577,0.042,67564.49,Employed,Personal,14,2,0,0
LN103039,30,464755.78,780,0.495,67908.49,Employed,Personal,14,0,0,0
LN103040,40,857153.63,659,0.43,52482.76,Employed,Business,2,0,1,0
LN103041,35,203700.1,734,0.545,203522.37,Employed,Home,3,0,5,0
LN103042,37,174434.84,754,0.273,285692.62,Employed,Business,14,0,1,0
LN103043,46,201666.48,619,0.267,145890.7,Employed,Business,7,1,0,0
LN103044,30,260813.84,682,0.255,185599.44,Employed,Business,12,0,0,0
LN103045,64,82169.13,653,0.295,133117.89,Employed,Vehicle,14,0,2,1
LN103046,56,267654.49,563,0.196,159202.02,Employed,Business,8,1,4,0
LN103047,58,222353.53,636,0.254,27782.27,Employed,Home,1,1,1,0
LN103048,29,461670.0,694,0.533,134965.66,Contract,Home,9,0,0,0
LN103049,55,364167.21,613,0.613,83419.28,Employed,Vehicle,2,2,2,1
LN103050,61,215594.5,626,0.13,107165.7,Employed,Business,11,3,0,0
LN103051,29,414992.7,637,0.116,127386.71,Contract,Business,9,0,1,0
LN103052,57,446561.51,808,0.693,69085.15,Employed,Education,6,2,3,0
LN103053,38,196582.52,512,0.229,54671.03,Employed,Personal,7,1,1,0
LN103054,59,228747.58,688,0.069,67735.65,Employed,Education,15,1,3,0
LN103055,44,88219.91,631,0.382,42908.2,Unemployed,Home,6,0,0,0
LN103056,60,164666.05,602,0.219,51914.38,Employed,Personal,13,0,0,0
LN103057,28,199422.21,629,0.113,56761.09,Employed,Home,12,1,1,0
LN103058,40,312490.44,700,0.305,43279.37,Employed,Personal,15,2,0,0
LN103059,34,178363.21,704,0.25,155117.74,Employed,Vehicle,14,1,3,0
LN103060,33,226191.93,664,0.326,61261.87,Employed,Vehicle,9,1,1,0
LN103061,36,152910.17,732,0.147,32766.83,Unemployed,Personal,15,0,0,0
LN103062,39,329605.05,745,0.549,84746.62,Employed,Education,11,0,2,0
LN103063,27,379147.57,711,0.412,53350.62,Self-employed,Personal,1,2,1,0
LN103064,55,374309.66,609,0.292,283974.4,Contract,Personal,1,0,0,0
LN103065,47,302046.54,687,0.341,119925.98,Employed,Vehicle,10,1,0,0
LN103066,61,128533.85,687,0.317,42294.98,Employed,Personal,8,1,0,0
LN103067,55,213323.11,589,0.345,159195.55,Employed,Home,13,0,0,0
LN103068,28,239790.06,532,0.259,116246.69,Self-employed,Personal,8,0,1,0
LN103069,24,240319.68,498,0.365,94196.63,Employed,Vehicle,3,0,1,0
LN103070,41,312630.55,655,0.367,306121.75,Employed,Vehicle,13,0,0,0
LN103071,44,657096.07,672,0.154,58346.06,Employed,Education,7,1,2,0
LN103072,32,468921.51,561,0.459,215578.55,Employed,Business,15,1,1,0
LN103073,59,174277.3,728,0.216,84292.36,Employed,Vehicle,0,1,2,0
LN103074,49,435678.27,661,0.14,108695.31,Employed,Business,0,0,0,0
LN103075,57,426643.5,751,0.627,67565.22,Contract,Education,2,1,0,0
LN103076,26,192567.23,678,0.236,70423.84,Unemployed,Vehicle,15,1,1,0
LN103077,60,478501.21,570,0.283,82851.9,Contract,Personal,2,0,1,1
LN103078,31,274671.36,684,0.499,31975.93,Employed,Personal,11,1,1,0
LN103079,42,138145.58,700,0.189,137799.86,Employed,Education,11,1,1,0
LN103080,42,385346.9,609,0.202,118529.44,Employed,Home,14,0,1,0
LN103081,61,338022.17,542,0.268,41553.05,Employed,Personal,9,0,0,0
LN103082,34,264690.12,658,0.295,168924.16,Contract,Personal,0,0,1,0
LN103083,32,293883.46,575,0.15,283601.94,Self-employed,Personal,0,1,2,0
LN103084,37,202003.59,734,0.323,71417.51,Employed,Personal,0,1,1,0
LN103085,38,419621.98,619,0.486,66047.87,Self-employed,Vehicle,9,1,1,0
LN103086,29,292915.63,779,0.33,226829.5,Employed,Education,6,1,2,0
LN103087,29,328760.44,491,0.238,142964.14,Self-employed,Personal,1,0,2,0
LN103088,32,365114.33,660,0.13,100698.4,Employed,Home,0,0,0,0
LN103089,43,158977.13,757,0.512,186782.67,Contract,Personal,3,1,2,0
LN103090,37,183447.19,583,0.399,131453.36,Unemployed,Home,7,0,1,0
LN103091,40,88971.23,638,0.651,278385.18,Employed,Business,14,1,1,0
LN103092,56,409276.4,620,0.386,108808.56,Employed,Home,13,0,2,0
LN103093,32,154017.61,599,0.237,145138.34,Employed,Personal,7,1,0,0
LN103094,65,322691.2,668,0.22,224577.38,Contract,Vehicle,4,1,3,0
LN103095,57,367905.46,553,0.036,22407.41,Employed,Business,12,0,1,0
LN103096,29,417830.79,642,0.225,229922.34,Unemployed,Personal,14,1,2,0
LN103097,36,154713.21,689,0.456,79214.68,Contract,Vehicle,5,1,0,0
LN103098,29,289438.72,634,0.221,152238.18,Employed,Home,7,0,2,0
LN103099,34,751774.72,575,0.408,324460.2,Employed,Personal,1,0,0,0
LN103100,38,770204.1,727,0.241,90165.42,Self-employed,Vehicle,2,0,0,0
LN103101,27,516363.09,705,0.477,81809.51,Employed,Personal,14,0,1,0
LN103102,21,361189.84,572,0.206,106154.7,Employed,Personal,3,0,0,0
LN103103,42,172599.51,553,0.524,42798.01,Employed,Personal,2,1,1,0
LN103104,55,445422.99,579,0.379,459395.2,Employed,Vehicle,5,0,2,0
LN103105,35,275027.42,691,0.217,107001.68,Employed,Home,5,0,0,0
LN103106,63,408328.92,671,0.194,320574.33,Employed,Education,3,1,1,0
LN103107,39,211816.13,709,0.425,88579.06,Employed,Vehicle,11,2,3,0
LN103108,65,272781.0,626,0.548,112458.47,Employed,Personal,9,0,0,0
LN103109,32,328344.55,581,0.221,203212.47,Self-employed,Education,9,1,0,0
LN103110,47,343516.6,719,0.396,53733.73,Employed,Education,15,2,0,1
LN103111,58,393597.95,608,0.366,102906.7,Employed,Education,14,0,1,0
LN103112,23,218159.24,664,0.211,198323.97,Unemployed,Education,4,0,1,0
LN103113,66,143305.11,534,0.724,95775.63,Contract,Business,15,1,1,0
LN103114,38,733196.87,607,0.299,80357.24,Employed,Home,10,0,4,0
LN103115,45,1179531.1,726,0.485,227097.31,Contract,Home,2,1,0,0
LN103116,51,383701.1,596,0.429,273473.69,Employed,Vehicle,5,1,1,0
LN103117,52,144833.79,711,0.583,303252.86,Self-employed,Vehicle,3,1,1,0
LN103118,22,196080.47,475,0.485,70933.02,Employed,Personal,12,0,0,1
LN103119,63,396944.76,608,0.069,75484.32,Employed,Business,10,1,0,0
LN103120,51,627281.91,637,0.191,80959.85,Contract,Personal,12,2,2,0
LN103121,69,153959.97,781,0.106,175478.89,Employed,Business,2,0,1,0
LN103122,44,280170.8,562,0.299,50529.73,Employed,Home,8,1,3,1
LN103123,51,334135.0,700,0.265,52418.61,Contract,Home,8,0,3,1
LN103124,42,482654.28,729,0.546,69141.88,Employed,Home,10,0,2,0
LN103125,64,248340.77,596,0.392,59777.88,Employed,Personal,5,0,1,0
LN103126,61,126936.17,622,0.525,195451.95,Employed,Vehicle,1,0,2,0
LN103127,65,422183.96,661,0.185,187075.48,Self-employed,Vehicle,14,0,4,0
LN103128,45,556919.25,539,0.273,80430.03,Self-employed,Vehicle,6,0,1,0
LN103129,59,286677.29,616,0.122,96976.34,Employed,Business,14,0,1,0
LN103130,38,374901.95,746,0.1,21108.04,Employed,Home,6,1,3,0
LN103131,43,231091.17,689,0.302,81708.04,Employed,Vehicle,4,2,0,0
LN103132,58,188407.55,638,0.525,246916.48,Employed,Education,7,0,0,0
LN103133,24,527588.49,658,0.347,78869.72,Employed,Vehicle,1,1,0,0
LN103134,55,371260.95,694,0.239,54073.74,Employed,Personal,8,0,0,0
LN103135,21,392872.53,708,0.303,269084.83,Self-employed,Personal,15,0,4,0
LN103136,49,685361.07,608,0.295,53307.03,Contract,Personal,4,0,1,0
LN103137,44,167942.09,765,0.199,300491.51,Employed,Business,2,0,0,0
LN103138,43,221443.62,749,0.183,718828.99,Employed,Vehicle,2,2,0,0
LN103139,45,327224.28,701,0.053,102451.05,Self-employed,Business,2,1,2,0
LN103140,45,219952.19,587,0.137,246888.35,Employed,Personal,6,0,0,0
LN103141,40,461511.78,573,0.452,37176.37,Employed,Business,4,1,2,0
LN103142,43,270619.26,626,0.141,36128.01,Employed,Education,11,1,1,0
LN103143,48,173797.26,655,0.293,65536.52,Employed,Home,5,0,1,0
LN103144,58,311051.0,517,0.127,187739.11,Employed,Personal,5,1,1,0
LN103145,48,329464.56,687,0.113,110124.77,Contract,Business,2,0,2,0
LN103146,52,501627.4,747,0.424,97448.03,Employed,Business,9,2,1,1
LN103147,61,372415.43,693,0.115,47533.61,Employed,Home,5,1,0,0
LN103148,69,386608.67,599,0.191,101261.16,Employed,Education,11,0,2,0
LN103149,26,357788.81,590,0.089,72394.67,Self-employed,Business,0,0,0,0
LN103150,55,270496.75,672,0.302,60392.09,Self-employed,Vehicle,10,1,2,0
LN103151,32,202322.3,639,0.236,57150.91,Employed,Education,12,1,0,0
LN103152,30,351652.53,683,0.415,124616.48,Employed,Business,11,0,3,0
LN103153,59,249775.83,695,0.41,68873.24,Employed,Education,4,0,2,0
LN103154,24,759898.53,732,0.521,109534.99,Employed,Home,11,0,0,0
LN103155,62,627650.03,565,0.208,34834.96,Employed,Home,13,1,0,1
LN103156,58,424895.81,667,0.327,152554.27,Employed,Education,8,2,0,0
LN103157,69,369421.88,623,0.143,128630.51,Employed,Education,10,1,5,0
LN103158,53,285832.22,643,0.239,94640.96,Self-employed,Business,13,0,1,0
LN103159,63,149929.39,715,0.151,122176.46,Unemployed,Personal,7,0,1,0
LN103160,26,266370.38,723,0.245,201883.29,Employed,Home,2,0,1,0
LN103161,64,317206.35,755,0.598,42894.94,Self-employed,Personal,15,3,2,1
LN103162,28,340353.08,682,0.332,114873.63,Unemployed,Home,5,1,1,1
LN103163,36,388396.79,642,0.404,47093.72,Employed,Home,6,2,0,1
LN103164,27,497957.18,631,0.054,116445.78,Employed,Education,9,1,1,0
LN103165,40,205017.99,520,0.474,92965.2,Self-employed,Education,2,1,2,0
LN103166,57,206044.24,750,0.122,108233.16,Employed,Vehicle,5,0,2,0
LN103167,34,666309.08,626,0.55,190938.01,Contract,Education,9,1,0,0
LN103168,61,458436.76,688,0.229,187262.57,Employed,Business,11,0,3,0
LN103169,50,241980.82,701,0.303,222926.31,Contract,Personal,2,0,1,1
LN103170,51,282821.61,557,0.334,85015.6,Employed,Vehicle,13,2,1,1
LN103171,67,283522.02,581,0.486,173736.77,Contract,Business,4,0,2,0
LN103172,42,305255.23,766,0.469,152901.7,Employed,Home,14,0,0,0
LN103173,37,389069.57,672,0.226,86417.86,Employed,Home,14,0,2,0
LN103174,69,1209580.02,606,0.259,118707.46,Employed,Vehicle,11,0,3,0
LN103175,48,333002.03,641,0.242,100943.33,Employed,Vehicle,14,1,1,0
LN103176,51,431907.51,731,0.161,272368.64,Employed,Home,2,0,0,0
LN103177,35,118655.02,720,0.534,186255.8,Employed,Vehicle,7,0,0,0
LN103178,31,229771.99,540,0.667,88426.16,Self-employed,Education,2,1,1,0
LN103179,29,589709.9,773,0.407,84516.14,Employed,Vehicle,7,1,0,0
LN103180,31,374299.37,722,0.409,204983.66,Employed,Home,9,1,2,0
LN103181,30,60000.0,639,0.094,262817.64,Employed,Personal,9,0,1,0
LN103182,57,434630.06,561,0.108,135040.96,Contract,Vehicle,1,0,2,0
LN103183,23,861584.29,729,0.339,168772.62,Self-employed,Personal,1,0,2,0
LN103184,51,100086.35,686,0.528,256599.33,Employed,Vehicle,15,3,0,1
LN103185,67,691902.95,541,0.128,98186.59,Contract,Personal,4,1,1,0
LN103186,58,65314.03,633,0.656,116133.02,Contract,Business,7,0,1,0
LN103187,40,502543.34,850,0.132,150935.68,Employed,Vehicle,9,0,2,0
LN103188,23,298576.37,651,0.18,83231.96,Employed,Personal,2,0,2,0
LN103189,61,82376.34,594,0.472,331908.59,Employed,Personal,5,0,1,0
LN103190,21,383430.46,574,0.212,82746.25,Self-employed,Education,9,3,0,0
LN103191,54,564954.01,783,0.057,114470.42,Contract,Vehicle,3,0,0,0
LN103192,53,366471.34,714,0.564,382269.11,Employed,Home,12,0,2,0
LN103193,30,413822.72,756,0.024,32796.64,Employed,Personal,10,1,1,0
LN103194,57,239214.49,669,0.408,126577.32,Employed,Education,15,0,2,1
LN103195,29,107772.02,744,0.35,71601.24,Employed,Personal,9,1,0,0
LN103196,32,438915.84,586,0.579,110012.11,Contract,Home,12,1,1,0
LN103197,60,785363.86,662,0.567,50232.31,Contract,Home,5,2,4,1
LN103198,68,558386.82,672,0.275,86436.44,Unemployed,Vehicle,11,0,0,0
LN103199,33,100529.45,754,0.638,111785.91,Employed,Education,14,0,0,0
LN103200,66,130397.9,674,0.207,128430.56,Self-employed,Personal,13,1,1,1
LN103201,65,188387.35,603,0.238,196890.82,Contract,Home,12,1,4,0
LN103202,58,124916.56,655,0.406,24288.06,Self-employed,Education,7,1,2,0
LN103203,27,307380.66,524,0.235,101358.65,Unemployed,Personal,9,0,0,0
LN103204,35,372471.74,476,0.29,98192.58,Employed,Business,9,2,2,0
LN103205,54,136611.78,712,0.357,105498.79,Employed,Business,3,0,2,0
LN103206,69,459989.25,622,0.263,112332.08,Employed,Education,4,1,3,0
LN103207,60,417543.88,630,0.34,64129.45,Contract,Business,10,1,3,0
LN103208,41,221915.12,712,0.501,40242.86,Employed,Education,10,0,1,0
LN103209,32,272842.68,755,0.125,126671.78,Contract,Home,11,2,1,0
LN103210,68,102656.85,690,0.31,57640.0,Employed,Business,9,1,0,0
LN103211,34,249894.37,795,0.214,142916.74,Self-employed,Home,9,0,1,0
LN103212,37,301221.0,688,0.417,59817.57,Self-employed,Vehicle,8,2,1,1
LN103213,68,329176.36,673,0.357,172560.8,Employed,Home,10,1,1,0
LN103214,48,369505.19,668,0.588,106174.52,Employed,Education,5,0,0,1
LN103215,33,343132.08,554,0.157,111074.71,Self-employed,Education,2,2,1,1
LN103216,21,259405.75,722,0.101,93724.18,Unemployed,Personal,10,2,1,0
LN103217,42,351141.65,467,0.126,84447.72,Employed,Home,5,0,1,0
LN103218,69,520557.35,606,0.732,94541.72,Employed,Home,12,0,2,1
LN103219,42,284649.48,652,0.313,237116.85,Contract,Vehicle,14,1,0,0
LN103220,55,357258.52,591,0.313,40574.43,Employed,Home,6,0,0,0
LN103221,33,270802.13,616,0.239,72182.07,Employed,Home,2,1,0,0
LN103222,59,210201.18,788,0.488,218614.46,Contract,Vehicle,0,2,0,0
LN103223,59,399960.7,733,0.151,187416.43,Self-employed,Business,9,2,2,0
LN103224,50,221054.26,599,0.273,263426.69,Employed,Personal,14,1,0,0
LN103225,58,370985.61,615,0.334,105844.69,Unemployed,Vehicle,14,3,0,1
LN103226,49,304698.55,554,0.46,46692.85,Self-employed,Vehicle,14,1,1,0
LN103227,39,253818.24,703,0.379,53537.55,Employed,Business,0,0,0,0
LN103228,57,250461.17,631,0.579,90587.67,Employed,Personal,0,0,1,0
LN103229,61,226856.11,503,0.14,180356.1,Contract,Personal,15,0,0,0
LN103230,62,121339.43,658,0.219,93217.86,Self-employed,Business,10,1,3,0
LN103231,31,370322.7,683,0.499,88666.96,Employed,Home,14,0,2,1
LN103232,54,340744.6,722,0.288,142378.37,Employed,Home,15,1,0,0
LN103233,21,478712.93,644,0.425,112000.05,Employed,Vehicle,11,0,3,0
LN103234,49,223963.07,622,0.303,82607.3,Self-employed,Education,6,1,1,0
LN103235,48,850856.48,799,0.326,57368.59,Employed,Business,11,0,1,0
LN103236,38,243453.92,650,0.085,203567.96,Contract,Vehicle,10,0,3,0
LN103237,69,185391.94,704,0.381,217360.87,Employed,Business,13,1,0,0
LN103238,64,173687.16,610,0.358,55311.67,Employed,Personal,13,0,0,0
LN103239,22,115598.75,702,0.11,84671.92,Employed,Personal,2,0,1,0
LN103240,31,696959.86,541,0.265,169696.69,Contract,Personal,14,1,2,0
LN103241,31,637701.01,615,0.178,52509.81,Employed,Education,11,0,1,0
LN103242,64,417461.5,559,0.613,139469.47,Employed,Personal,11,0,3,0
LN103243,46,183265.08,605,0.22,88966.56,Employed,Personal,5,1,1,1
LN103244,56,812389.33,744,0.066,49878.41,Employed,Education,7,2,0,0
LN103245,60,247234.42,604,0.482,349237.72,Contract,Home,14,1,1,0
LN103246,58,258738.6,704,0.385,88106.65,Employed,Education,2,1,2,0
LN103247,25,661344.56,764,0.221,154667.89,Employed,Education,8,0,0,0
LN103248,27,431032.42,648,0.298,53075.68,Contract,Business,15,0,1,0
LN103249,40,1006655.98,725,0.348,301720.54,Employed,Home,12,1,1,0
LN103250,37,343978.69,690,0.384,390052.56,Employed,Home,2,1,1,0
LN103251,57,241149.13,659,0.253,41432.43,Employed,Vehicle,2,0,2,0
LN103252,28,214281.33,706,0.351,98841.36,Contract,Personal,8,0,1,0
LN103253,39,108628.58,788,0.431,260762.04,Contract,Education,3,1,0,0
LN103254,32,257380.31,602,0.092,81125.67,Employed,Vehicle,14,1,1,0
LN103255,30,563016.43,578,0.125,143527.21,Employed,Personal,13,0,3,0
LN103256,29,417022.96,574,0.191,36901.63,Employed,Education,15,0,2,0
LN103257,30,303369.6,725,0.099,65896.4,Employed,Education,6,1,1,0
LN103258,48,173567.84,735,0.639,134123.2,Employed,Vehicle,4,0,3,0
LN103259,41,339869.81,610,0.121,74988.15,Employed,Personal,8,0,2,1
LN103260,42,523653.4,490,0.453,87019.52,Employed,Home,1,1,2,0
LN103261,44,380192.64,599,0.098,41073.25,Employed,Home,11,0,2,0
LN103262,57,328812.22,691,0.167,168279.03,Employed,Personal,13,1,1,0
LN103263,63,193534.5,645,0.429,46051.23,Unemployed,Home,2,0,2,0
LN103264,46,483345.86,664,0.528,299445.09,Employed,Vehicle,3,2,0,0
LN103265,52,60000.0,611,0.108,70578.87,Contract,Vehicle,4,1,0,0
LN103266,57,370312.64,726,0.404,185107.62,Employed,Personal,12,1,0,0
LN103267,54,1233313.3,676,0.067,173627.68,Employed,Personal,5,1,0,0
LN103268,27,130866.42,694,0.109,57984.72,Employed,Personal,11,0,1,0
LN103269,69,262704.36,662,0.47,75659.14,Unemployed,Vehicle,14,1,3,1
LN103270,29,298697.52,689,0.607,81707.46,Contract,Home,7,1,0,0
LN103271,41,232609.7,684,0.497,85388.02,Employed,Business,2,1,3,0
LN103272,52,530483.21,580,0.467,47322.98,Employed,Home,14,0,2,0
LN103273,40,389019.91,678,0.344,155632.18,Employed,Personal,5,1,1,0
LN103274,32,326212.07,709,0.226,70301.58,Employed,Home,9,0,0,0
LN103275,66,465113.93,737,0.541,102132.12,Employed,Education,15,1,1,0
LN103276,24,302776.64,681,0.363,211581.47,Contract,Personal,14,3,3,0
LN103277,33,1724526.75,578,0.172,159516.68,Self-employed,Education,13,0,2,0
LN103278,69,326041.05,589,0.108,73451.96,Contract,Education,5,1,0,0
LN103279,56,334015.58,617,0.163,216390.86,Employed,Home,10,0,0,0
LN103280,25,117099.62,664,0.265,169538.7,Employed,Home,5,1,3,0
LN103281,57,222490.59,641,0.221,69524.64,Employed,Education,8,0,2,0
LN103282,68,563879.29,566,0.442,78755.59,Self-employed,Personal,5,2,1,0
LN103283,25,143923.4,565,0.125,210778.55,Employed,Education,13,0,0,0
LN103284,41,91572.04,493,0.334,182476.22,Employed,Education,12,0,0,0
LN103285,43,305379.72,416,0.051,41422.03,Employed,Business,15,0,3,0
LN103286,27,637587.77,640,0.19,57216.66,Employed,Vehicle,4,1,0,0
LN103287,30,307075.04,824,0.531,172859.1,Employed,Vehicle,14,1,0,0
LN103288,29,249364.07,785,0.167,51271.6,Employed,Home,3,0,2,0
LN103289,30,107944.17,577,0.413,185617.84,Contract,Personal,10,0,1,1
LN103290,40,384722.48,661,0.088,387122.8,Self-employed,Home,2,0,0,0
LN103291,43,431593.33,540,0.173,140206.82,Contract,Home,11,0,0,0
LN103292,32,112598.64,552,0.304,60372.76,Contract,Home,12,0,0,0
LN103293,35,559909.59,560,0.466,123372.61,Employed,Home,12,0,3,1
LN103294,30,457105.86,633,0.306,215503.86,Employed,Vehicle,4,0,1,1
LN103295,60,559227.43,636,0.336,117304.39,Employed,Home,12,1,0,0
LN103296,31,413526.37,669,0.13,150652.23,Employed,Vehicle,2,0,1,0
LN103297,65,429794.83,700,0.298,65422.22,Contract,Education,11,0,0,0
LN103298,47,399486.1,625,0.307,68723.75,Contract,Home,7,0,3,0
LN103299,60,483689.05,653,0.244,198227.9,Employed,Home,2,1,1,0
LN103300,52,110328.88,568,0.523,69244.24,Employed,Vehicle,15,1,0,0
LN103301,34,131393.91,549,0.135,20479.99,Employed,Personal,12,0,3,0
LN103302,50,200132.2,538,0.082,90140.02,Employed,Personal,2,1,1,0
LN103303,34,279326.51,699,0.326,134923.48,Employed,Home,6,0,1,0
LN103304,26,371391.88,625,0.424,218877.51,Contract,Home,11,1,0,0
LN103305,33,358653.73,510,0.291,320612.91,Employed,Home,3,0,1,0
LN103306,34,554568.69,645,0.385,116225.86,Contract,Business,7,1,2,1
LN103307,27,564226.0,556,0.598,168777.54,Employed,Business,1,1,2,0
LN103308,22,185669.96,775,0.19,118971.92,Employed,Education,0,0,0,0
LN103309,67,342064.51,607,0.105,138466.16,Employed,Business,3,0,2,0
LN103310,46,188194.33,701,0.442,97419.04,Employed,Home,11,1,3,1
LN103311,40,270493.1,732,0.203,141410.54,Employed,Personal,8,2,1,0
LN103312,66,358084.05,578,0.3,68445.0,Employed,Personal,4,1,2,0
LN103313,32,60000.0,656,0.364,398431.64,Employed,Vehicle,3,1,3,0
LN103314,40,1129992.98,692,0.381,23247.15,Employed,Personal,12,2,1,0
LN103315,62,409651.68,659,0.78,159422.3,Employed,Education,10,1,0,0
LN103316,51,216187.41,677,0.348,135393.7,Employed,Business,13,3,1,0
LN103317,40,865957.51,550,0.092,140023.96,Self-employed,Home,15,0,2,0
LN103318,33,247818.18,692,0.704,50990.99,Self-employed,Home,10,1,1,0
LN103319,22,322682.26,614,0.554,36954.44,Employed,Vehicle,0,1,2,0
LN103320,25,229492.14,676,0.348,163078.9,Contract,Home,15,0,1,0
LN103321,28,744250.73,719,0.4,262993.94,Employed,Home,2,1,1,0
LN103322,59,283168.15,700,0.173,126929.18,Contract,Home,11,2,0,0
LN103323,52,325707.17,676,0.417,185657.9,Employed,Vehicle,3,0,0,1
LN103324,42,581646.37,698,0.139,81669.97,Self-employed,Personal,12,1,0,0
LN103325,59,413893.7,702,0.273,136456.15,Employed,Education,12,1,1,0
LN103326,28,291165.27,762,0.184,243997.82,Self-employed,Vehicle,12,0,0,0
LN103327,31,552524.35,647,0.292,89718.28,Self-employed,Home,4,0,0,0
LN103328,40,1211904.36,662,0.346,237744.63,Employed,Education,10,0,1,0
LN103329,65,357222.28,720,0.08,38016.05,Employed,Vehicle,3,2,0,0
LN103330,51,319897.47,613,0.385,73849.44,Self-employed,Vehicle,14,0,1,0
LN103331,62,329516.81,550,0.1,156855.63,Employed,Vehicle,2,1,3,0
LN103332,33,616783.89,687,0.433,378913.26,Self-employed,Home,13,0,1,0
LN103333,62,215772.31,635,0.344,111025.33,Employed,Vehicle,2,1,1,0
LN103334,24,257419.7,559,0.178,56172.87,Employed,Business,4,0,1,0
LN103335,32,128790.73,688,0.093,373355.71,Self-employed,Personal,11,0,1,0
LN103336,46,156437.28,757,0.4,101340.72,Employed,Business,15,0,3,0
LN103337,23,225651.66,528,0.475,169454.87,Employed,Personal,11,0,0,0
LN103338,63,290910.93,727,0.186,88509.0,Employed,Home,5,0,0,0
LN103339,63,793757.74,460,0.015,120657.95,Contract,Personal,4,0,5,0
LN103340,47,402855.73,620,0.346,76332.91,Employed,Business,10,1,1,0
LN103341,35,181660.45,788,0.144,477206.2,Employed,Business,7,1,3,0
LN103342,25,201017.75,625,0.053,238598.21,Employed,Education,3,0,1,0
LN103343,51,638993.48,657,0.192,347151.15,Employed,Home,10,0,2,0
LN103344,47,557475.28,707,0.233,65889.57,Employed,Personal,6,1,0,0
LN103345,58,304680.88,521,0.05,33589.56,Employed,Home,15,0,1,1
LN103346,50,235189.82,655,0.537,90927.28,Employed,Home,0,1,0,0
LN103347,27,556961.18,655,0.261,564639.33,Contract,Home,11,1,1,0
LN103348,26,173721.35,790,0.181,89234.06,Self-employed,Home,12,2,0,0
LN103349,59,372188.03,557,0.313,217923.18,Contract,Vehicle,12,0,1,0
LN103350,28,1047063.56,621,0.391,56505.15,Contract,Business,11,1,0,0
LN103351,66,335871.32,580,0.041,64175.78,Employed,Personal,15,0,1,0
LN103352,26,195820.27,572,0.164,104440.28,Self-employed,Personal,4,0,1,0
LN103353,56,375960.94,735,0.278,433452.18,Employed,Personal,6,0,3,0
LN103354,68,231661.6,652,0.345,224894.57,Self-employed,Vehicle,14,1,3,0
LN103355,42,139354.18,608,0.189,28959.8,Unemployed,Education,1,1,3,0
LN103356,23,441135.59,611,0.342,169670.0,Employed,Personal,13,2,1,0
LN103357,63,554790.96,608,0.47,52133.24,Self-employed,Vehicle,11,1,1,0
LN103358,30,252846.81,614,0.429,70630.73,Employed,Vehicle,9,0,1,0
LN103359,46,243788.94,555,0.308,153275.07,Contract,Personal,1,0,1,0
LN103360,69,176782.74,631,0.262,272997.76,Employed,Personal,9,0,3,0
LN103361,57,276253.22,623,0.198,264410.55,Employed,Vehicle,7,0,0,0
LN103362,23,220187.59,593,0.499,136455.52,Contract,Personal,1,0,0,0
LN103363,61,172037.85,662,0.395,137707.48,Employed,Personal,11,0,0,0
LN103364,28,849353.38,668,0.136,263886.27,Employed,Business,12,3,1,0
LN103365,57,387747.18,608,0.376,39503.0,Employed,Personal,8,3,1,1
LN103366,51,411002.7,639,0.291,360777.43,Employed,Home,2,0,0,0
LN103367,35,487676.48,812,0.332,68175.98,Employed,Personal,5,1,3,0
LN103368,41,458450.53,809,0.264,130305.18,Employed,Business,8,1,0,0
LN103369,26,239025.92,571,0.106,79671.82,Employed,Vehicle,8,0,0,0
LN103370,69,348516.79,581,0.203,51887.31,Employed,Personal,9,2,2,0
LN103371,32,258737.93,571,0.293,148489.49,Contract,Education,3,0,1,0
LN103372,36,381815.48,729,0.219,128281.69,Self-employed,Vehicle,12,0,5,0
LN103373,45,362024.71,620,0.36,102716.72,Employed,Education,1,0,3,0
LN103374,53,243062.67,668,0.253,99608.52,Employed,Vehicle,15,1,1,0
LN103375,45,144411.69,800,0.305,296588.59,Contract,Vehicle,6,0,1,0
LN103376,45,325126.02,649,0.361,457511.66,Employed,Personal,13,0,1,1
LN103377,49,268119.9,703,0.167,248356.95,Contract,Education,0,0,5,0
LN103378,63,106067.72,689,0.158,131735.47,Contract,Business,10,0,1,0
LN103379,40,396627.06,606,0.211,37949.52,Unemployed,Home,15,2,0,0
LN103380,61,510158.08,729,0.131,165361.1,Employed,Personal,15,0,1,0
LN103381,59,1205173.16,586,0.412,170184.66,Employed,Home,7,1,2,0
LN103382,68,241924.05,750,0.516,181607.32,Self-employed,Personal,5,1,0,0
LN103383,65,223071.18,606,0.136,52396.65,Employed,Business,14,0,4,0
LN103384,60,162975.67,614,0.57,191143.02,Employed,Personal,10,0,1,0
LN103385,33,336478.93,568,0.446,303539.39,Employed,Education,15,0,3,0
LN103386,58,335310.67,581,0.302,58077.36,Self-employed,Home,3,0,1,0
LN103387,57,192014.23,618,0.167,171658.6,Employed,Business,7,0,1,1
LN103388,35,272481.59,468,0.266,64898.57,Employed,Vehicle,5,0,1,0
LN103389,54,101039.99,633,0.317,102791.75,Self-employed,Home,6,1,0,0
LN103390,33,499341.23,612,0.137,59372.5,Employed,Home,13,0,0,0
LN103391,46,196351.98,709,0.375,87576.91,Self-employed,Personal,14,0,1,0
LN103392,60,294335.86,682,0.12,88019.4,Contract,Personal,9,0,0,0
LN103393,30,136879.52,597,0.346,143805.12,Contract,Personal,0,0,1,1
LN103394,37,217780.57,616,0.613,196215.45,Self-employed,Education,7,0,1,1
LN103395,59,257239.44,632,0.291,242498.57,Employed,Personal,7,1,2,1
LN103396,43,298142.78,761,0.195,72002.62,Contract,Business,11,0,4,0
LN103397,68,390580.99,588,0.467,138989.01,Employed,Personal,4,1,0,0
LN103398,21,662005.44,596,0.538,53875.37,Contract,Vehicle,9,2,2,1
LN103399,56,448888.04,565,0.379,102363.8,Employed,Business,12,0,2,0
LN103400,60,509267.27,539,0.254,113098.82,Self-employed,Business,9,1,2,0
LN103401,65,664569.68,673,0.566,60390.48,Employed,Personal,13,2,3,0
LN103402,28,410395.7,665,0.139,158206.18,Employed,Education,4,1,3,0
LN103403,69,294004.04,746,0.447,99408.72,Employed,Business,9,0,2,0
LN103404,40,522588.33,728,0.391,121610.14,Employed,Personal,7,2,2,0
LN103405,38,541280.47,830,0.2,243815.28,Employed,Home,6,0,2,0
LN103406,38,428586.97,644,0.19,83303.5,Self-employed,Business,6,0,1,0
LN103407,52,134792.6,630,0.096,191159.71,Employed,Personal,8,1,0,0
LN103408,53,188854.97,552,0.168,280999.02,Self-employed,Personal,8,2,0,0
LN103409,44,257910.52,702,0.155,270027.19,Contract,Vehicle,9,0,3,0
LN103410,24,460620.29,659,0.096,97338.29,Employed,Home,15,0,0,0
LN103411,69,296498.44,699,0.309,58454.57,Unemployed,Vehicle,10,0,0,0
LN103412,31,560629.48,565,0.238,69340.2,Employed,Vehicle,8,0,0,0
LN103413,25,618416.77,676,0.54,39218.04,Employed,Vehicle,14,0,3,0
LN103414,50,580172.94,665,0.315,171810.57,Employed,Personal,3,1,0,0
LN103415,41,582209.17,660,0.411,178883.74,Self-employed,Vehicle,3,0,2,1
LN103416,51,169598.83,599,0.334,118722.58,Employed,Vehicle,1,2,2,1
LN103417,63,391205.11,739,0.479,44969.84,Employed,Vehicle,3,0,2,1
LN103418,25,214785.85,804,0.38,86751.31,Employed,Personal,1,1,2,0
LN103419,34,121121.72,567,0.201,269791.33,Contract,Personal,3,0,0,0
LN103420,46,256126.98,704,0.359,163491.66,Contract,Vehicle,10,1,1,0
LN103421,59,621656.57,434,0.205,182995.52,Employed,Home,11,1,2,1
LN103422,50,386522.69,700,0.054,944559.73,Employed,Vehicle,10,2,0,0
LN103423,39,910121.06,510,0.142,136146.14,Self-employed,Personal,14,0,2,1
LN103424,50,330715.69,611,0.297,27041.03,Contract,Personal,13,0,2,0
LN103425,69,1152944.04,552,0.535,53772.67,Employed,Personal,5,1,0,0
LN103426,44,330768.64,634,0.275,134167.84,Self-employed,Business,3,2,1,0
LN103427,64,303732.27,713,0.489,111348.04,Employed,Personal,6,0,0,0
LN103428,59,148430.66,511,0.309,98365.33,Employed,Education,14,0,1,0
LN103429,35,552576.55,623,0.319,99494.24,Employed,Vehicle,15,0,3,1
LN103430,33,227605.45,611,0.246,66062.24,Contract,Vehicle,3,1,1,0
LN103431,58,210167.8,769,0.404,140254.65,Self-employed,Vehicle,2,1,2,0
LN103432,31,606957.81,682,0.312,272275.62,Employed,Home,11,0,0,0
LN103433,37,567252.73,562,0.132,339169.67,Self-employed,Home,14,0,1,0
LN103434,32,559146.06,615,0.714,332975.74,Employed,Home,15,2,2,0
LN103435,50,245814.54,767,0.529,59092.38,Employed,Home,15,1,0,0
LN103436,35,291705.8,704,0.423,108566.88,Contract,Personal,4,0,3,0
LN103437,53,290284.81,581,0.444,89701.22,Employed,Education,12,0,0,0
LN103438,66,461354.84,630,0.217,161622.42,Contract,Vehicle,10,0,2,0
LN103439,61,705031.89,632,0.323,104243.31,Contract,Vehicle,5,1,1,1
LN103440,67,367330.9,610,0.093,94994.83,Self-employed,Education,0,2,4,0
LN103441,22,888889.18,522,0.285,283144.37,Employed,Business,10,2,3,1
LN103442,43,491390.64,599,0.462,117263.83,Contract,Vehicle,5,0,0,0
LN103443,31,263655.36,754,0.197,119247.33,Employed,Business,4,0,2,0
LN103444,65,473226.32,621,0.334,143895.19,Employed,Business,0,0,0,0
LN103445,55,766664.76,642,0.047,170716.85,Employed,Personal,1,1,0,0
LN103446,36,900402.08,661,0.304,171357.44,Self-employed,Education,3,0,2,0
LN103447,48,576267.93,816,0.323,301680.84,Self-employed,Vehicle,1,1,0,0
LN103448,50,304266.34,651,0.375,47695.16,Employed,Home,15,2,1,0
LN103449,45,266294.06,732,0.339,135826.85,Employed,Personal,0,0,0,0
LN103450,44,411834.14,605,0.306,102918.12,Employed,Business,6,5,2,0
LN103451,23,753303.69,631,0.681,90460.13,Contract,Personal,15,0,2,0
LN103452,43,380830.92,651,0.507,180014.57,Self-employed,Home,1,0,0,0
LN103453,38,385204.75,592,0.395,255502.78,Employed,Home,10,1,2,0
LN103454,61,308601.65,635,0.563,74876.25,Contract,Vehicle,4,1,2,1
LN103455,63,250495.86,717,0.233,329306.77,Contract,Business,5,1,1,0
LN103456,57,274405.93,590,0.294,43376.13,Self-employed,Home,7,1,0,0
LN103457,22,323198.53,650,0.249,161442.7,Employed,Vehicle,9,1,1,0
LN103458,62,771809.28,703,0.257,61653.78,Employed,Education,12,3,0,0
LN103459,40,262943.69,588,0.433,72481.3,Employed,Home,9,1,0,0
LN103460,41,308807.81,732,0.248,114380.66,Contract,Home,0,0,2,1
LN103461,67,186386.93,655,0.335,84880.59,Employed,Home,2,0,0,0
LN103462,63,444935.6,638,0.387,17104.65,Self-employed,Education,10,2,1,0
LN103463,23,636163.77,499,0.513,163683.65,Contract,Vehicle,4,0,0,0
LN103464,38,733081.07,622,0.233,182604.89,Employed,Home,0,0,0,0
LN103465,57,335503.69,678,0.195,99066.28,Employed,Education,8,0,0,0
LN103466,47,411445.81,781,0.159,94133.62,Employed,Personal,5,0,2,0
LN103467,33,275704.54,693,0.572,86323.49,Self-employed,Personal,13,1,2,0
LN103468,46,401092.77,734,0.264,36162.69,Employed,Personal,14,1,0,0
LN103469,63,356546.02,559,0.239,33758.86,Employed,Education,2,0,0,0
LN103470,31,309769.32,640,0.384,185460.33,Employed,Personal,12,0,1,0
LN103471,57,323612.56,742,0.162,219759.95,Employed,Home,13,0,1,0
LN103472,57,384652.27,583,0.594,162133.42,Employed,Home,10,1,1,0
LN103473,64,255187.52,722,0.26,140751.41,Employed,Personal,9,1,3,0
LN103474,35,262541.52,705,0.469,182956.44,Self-employed,Vehicle,7,0,1,0
LN103475,31,767264.49,671,0.243,175204.18,Employed,Vehicle,7,0,0,0
LN103476,47,1332194.95,625,0.434,66031.36,Employed,Home,1,1,0,0
LN103477,47,154683.43,576,0.285,127113.43,Contract,Business,2,1,0,1
LN103478,41,150065.72,783,0.304,90743.16,Employed,Personal,10,1,2,0
LN103479,59,177212.29,697,0.426,91525.68,Employed,Home,8,0,2,0
LN103480,60,283432.46,676,0.3,230814.28,Employed,Vehicle,2,0,1,0
LN103481,33,491008.66,619,0.285,306130.13,Employed,Home,5,0,2,0
LN103482,59,415287.72,653,0.397,23935.38,Self-employed,Home,10,0,1,0
LN103483,32,329771.37,662,0.215,93193.88,Self-employed,Vehicle,3,0,1,0
LN103484,40,401295.08,680,0.446,90075.35,Self-employed,Vehicle,3,1,1,0
LN103485,22,205025.65,705,0.338,234027.1,Contract,Personal,14,1,0,1
LN103486,37,262306.84,591,0.18,42851.31,Contract,Business,7,0,1,0
LN103487,67,296702.65,540,0.31,15756.53,Employed,Home,7,1,1,0
LN103488,42,125519.8,656,0.176,187558.01,Self-employed,Vehicle,1,0,2,0
LN103489,55,158390.24,519,0.272,205693.55,Self-employed,Personal,1,1,0,0
LN103490,26,161890.66,626,0.296,34497.18,Self-employed,Vehicle,10,0,1,0
LN103491,52,456706.98,612,0.046,101455.4,Employed,Home,4,0,2,0
LN103492,39,343342.23,687,0.331,297406.02,Contract,Home,4,1,2,0
LN103493,57,419836.83,799,0.202,54584.6,Employed,Education,2,0,2,0
LN103494,66,109068.08,504,0.203,117467.76,Contract,Home,12,1,2,0
LN103495,47,132664.16,821,0.362,153033.35,Employed,Home,15,1,1,0
LN103496,26,432054.17,633,0.153,43489.51,Contract,Personal,4,1,0,1
LN103497,44,65073.29,676,0.199,76247.39,Employed,Vehicle,3,0,0,0
LN103498,27,588353.89,544,0.551,36650.85,Employed,Business,12,1,1,1
LN103499,43,110052.56,725,0.108,98843.2,Employed,Education,8,0,1,0
LN103500,23,477050.41,653,0.282,65781.24,Employed,Home,12,1,2,1
LN103501,52,184023.03,645,0.202,125898.51,Employed,Home,11,2,0,0
LN103502,36,534151.51,505,0.344,166187.51,Self-employed,Business,12,1,0,0
LN103503,30,1751575.55,656,0.179,271263.07,Contract,Home,2,1,1,1
LN103504,21,85930.15,713,0.217,500928.24,Contract,Vehicle,8,2,0,0
LN103505,64,439764.74,632,0.191,125899.66,Employed,Vehicle,6,1,0,0
LN103506,62,110973.67,738,0.498,89542.18,Employed,Business,13,1,3,0
LN103507,60,379367.5,735,0.339,86223.95,Contract,Business,10,1,0,0
LN103508,23,267751.09,602,0.185,58751.53,Unemployed,Personal,11,0,1,0
LN103509,38,322196.87,770,0.103,147198.34,Employed,Vehicle,14,1,1,0
LN103510,68,181699.65,653,0.196,79743.25,Employed,Home,11,1,1,0
LN103511,49,460853.44,654,0.58,154040.31,Employed,Home,10,1,3,0
LN103512,27,135258.22,657,0.147,59980.12,Employed,Home,8,0,1,0
LN103513,27,593883.38,655,0.28,81249.97,Contract,Business,1,1,1,0
LN103514,33,239533.87,453,0.281,145694.23,Employed,Personal,11,4,2,0
LN103515,68,138698.51,636,0.285,101422.19,Self-employed,Home,5,4,2,0
LN103516,29,721258.59,548,0.068,31572.02,Employed,Personal,1,0,2,0
LN103517,65,289091.72,772,0.074,108919.06,Employed,Home,5,2,0,0
LN103518,54,856609.59,769,0.304,65321.91,Employed,Education,5,0,2,0
LN103519,66,587295.64,714,0.267,237082.82,Employed,Home,6,1,0,0
LN103520,61,193408.08,632,0.251,206789.76,Employed,Vehicle,4,1,0,0
LN103521,37,286299.39,574,0.128,24942.56,Employed,Vehicle,15,0,3,0
LN103522,61,320651.01,601,0.384,185203.39,Employed,Home,14,1,0,0
LN103523,29,694539.64,796,0.101,141673.5,Contract,Business,0,1,1,0
LN103524,35,381616.9,598,0.027,41923.75,Contract,Business,7,2,1,0
LN103525,31,330545.2,473,0.268,194686.51,Employed,Education,4,0,4,0
LN103526,27,268768.04,727,0.271,47873.18,Unemployed,Personal,13,2,0,0
LN103527,25,291773.0,763,0.46,231591.75,Employed,Home,7,1,0,0
LN103528,30,614806.83,774,0.24,72273.53,Employed,Vehicle,10,0,1,0
LN103529,26,300612.01,728,0.372,41007.28,Employed,Vehicle,1,0,1,0
LN103530,39,241418.99,740,0.267,436577.76,Contract,Home,11,1,1,0
LN103531,24,219928.73,654,0.439,40260.34,Self-employed,Vehicle,7,1,0,0
LN103532,24,221231.94,494,0.128,65141.69,Unemployed,Personal,14,0,0,1
LN103533,69,138743.88,652,0.503,73997.56,Employed,Personal,1,0,0,1
LN103534,25,198556.97,697,0.187,81801.53,Contract,Vehicle,4,1,1,0
LN103535,24,683969.71,640,0.079,173241.79,Self-employed,Vehicle,13,1,2,0
LN103536,22,267776.55,636,0.266,114219.62,Contract,Personal,3,1,1,1
LN103537,27,441955.36,578,0.39,211299.64,Unemployed,Business,4,1,0,0
LN103538,46,76743.32,575,0.173,140081.8,Employed,Home,4,0,4,0
LN103539,61,410080.59,788,0.277,37078.24,Self-employed,Vehicle,8,1,1,1
LN103540,57,274523.94,791,0.077,157257.97,Employed,Business,0,2,1,0
LN103541,49,230209.66,650,0.318,128054.33,Contract,Education,9,0,3,0
LN103542,25,331394.81,671,0.07,73293.49,Employed,Personal,12,3,4,0
LN103543,58,228395.46,576,0.032,423435.77,Employed,Education,4,0,1,0
LN103544,22,93284.25,698,0.079,163351.88,Employed,Business,2,2,0,0
LN103545,51,498208.59,782,0.068,202877.58,Employed,Business,5,0,2,0
LN103546,41,342901.12,535,0.343,207525.2,Employed,Vehicle,10,0,0,0
LN103547,64,252424.99,685,0.321,83717.29,Employed,Home,8,1,1,0
LN103548,36,176334.11,690,0.068,166032.03,Unemployed,Education,9,0,2,0
LN103549,52,133668.23,690,0.454,135084.14,Employed,Home,12,0,4,0
LN103550,42,339313.16,773,0.136,76585.97,Unemployed,Vehicle,15,0,2,0
LN103551,46,728636.52,803,0.091,49722.2,Employed,Vehicle,7,0,2,0
LN103552,67,335467.15,632,0.651,111746.28,Employed,Vehicle,12,0,2,0
LN103553,55,140227.15,700,0.11,161093.42,Contract,Business,7,2,1,0
LN103554,41,339541.67,656,0.26,111167.52,Self-employed,Home,2,3,1,0
LN103555,42,291326.27,603,0.246,97707.47,Employed,Vehicle,9,1,0,0
LN103556,55,482512.33,670,0.394,111973.59,Contract,Personal,15,1,1,0
LN103557,37,418838.63,700,0.247,91281.11,Employed,Personal,6,0,0,0
LN103558,29,60000.0,666,0.194,301128.75,Employed,Vehicle,8,1,4,0
LN103559,43,404910.35,584,0.671,131123.14,Self-employed,Home,11,1,2,0
LN103560,24,172754.03,615,0.11,80180.44,Self-employed,Vehicle,13,0,0,1
LN103561,29,137253.79,616,0.253,33962.72,Self-employed,Business,0,0,0,0
LN103562,41,270459.43,587,0.466,96765.91,Employed,Vehicle,0,1,0,0
LN103563,60,376085.53,674,0.352,75606.69,Employed,Education,7,2,0,0
LN103564,59,121678.03,681,0.091,73803.47,Employed,Business,1,1,2,0
LN103565,33,441995.41,723,0.319,202994.26,Employed,Home,14,3,0,0
LN103566,41,456513.76,586,0.432,115851.42,Employed,Business,11,0,1,0
LN103567,28,307852.07,607,0.211,36851.3,Self-employed,Personal,9,1,1,0
LN103568,58,186156.83,767,0.099,164468.83,Contract,Education,9,0,2,0
LN103569,33,175059.26,638,0.427,39336.65,Unemployed,Business,7,1,2,0
LN103570,60,527445.29,652,0.12,172627.87,Contract,Home,0,0,3,0
LN103571,62,130661.5,637,0.449,80776.13,Employed,Business,12,1,2,0
LN103572,54,538744.39,735,0.519,116392.73,Employed,Home,7,1,1,0
LN103573,37,273943.79,738,0.147,108233.51,Contract,Vehicle,6,0,0,0
LN103574,67,284596.82,733,0.052,99902.82,Employed,Home,6,1,1,0
LN103575,54,117253.03,652,0.511,126049.03,Employed,Education,7,0,2,0
LN103576,52,276742.74,585,0.04,116013.33,Employed,Home,15,4,1,1
LN103577,62,420420.12,794,0.217,370852.52,Self-employed,Vehicle,3,1,4,0
LN103578,64,143847.96,714,0.027,127236.41,Unemployed,Home,2,0,1,0
LN103579,24,394662.99,616,0.13,129172.87,Employed,Vehicle,1,0,3,0
LN103580,64,315052.48,757,0.082,69358.71,Employed,Home,9,0,0,0
LN103581,58,210548.68,610,0.59,140901.65,Self-employed,Personal,0,0,0,0
LN103582,31,480031.95,756,0.196,56551.19,Contract,Personal,12,2,0,0
LN103583,36,89348.21,761,0.238,232307.84,Employed,Personal,11,0,0,0
LN103584,57,363019.62,581,0.266,41915.42,Self-employed,Personal,11,0,1,1
LN103585,31,731042.66,694,0.614,63567.49,Contract,Home,7,2,0,0
LN103586,43,662321.58,709,0.026,38150.7,Contract,Home,6,0,1,0
LN103587,54,371733.12,846,0.311,144495.56,Employed,Personal,15,2,0,0
LN103588,52,254133.08,594,0.345,83509.68,Employed,Education,13,1,2,0
LN103589,65,211471.68,757,0.451,171800.36,Contract,Personal,2,0,0,0
LN103590,26,253959.11,651,0.316,58343.41,Contract,Home,4,0,2,0
LN103591,35,404590.91,557,0.085,155390.21,Employed,Vehicle,3,1,1,0
LN103592,69,192442.69,641,0.389,160352.44,Employed,Vehicle,7,1,2,0
LN103593,48,455031.01,650,0.173,126235.46,Employed,Personal,10,0,3,1
LN103594,33,969732.98,571,0.03,112229.75,Self-employed,Business,3,0,1,0
LN103595,35,289961.08,673,0.239,120260.45,Employed,Education,0,1,2,0
LN103596,37,143217.63,722,0.493,60857.21,Employed,Personal,6,0,2,0
LN103597,48,143190.06,668,0.137,54683.13,Contract,Personal,8,0,3,0
LN103598,34,459846.86,609,0.55,156647.42,Employed,Business,10,0,2,0
LN103599,51,290302.09,639,0.588,86559.43,Unemployed,Personal,1,0,1,1
LN103600,42,485917.8,650,0.512,147700.29,Employed,Vehicle,11,2,0,1
LN103601,50,223695.03,666,0.442,301455.64,Employed,Vehicle,2,0,1,0
LN103602,28,473724.26,733,0.602,81722.39,Contract,Business,4,2,3,0
LN103603,51,274985.38,670,0.533,74471.88,Employed,Education,8,3,2,0
LN103604,66,200518.25,545,0.276,89094.38,Employed,Vehicle,1,1,1,0
LN103605,27,240623.46,608,0.652,112822.03,Employed,Personal,9,2,3,0
LN103606,37,155306.81,662,0.53,163967.89,Employed,Vehicle,0,0,2,0
LN103607,54,895990.88,734,0.719,107988.95,Employed,Personal,3,3,1,1
LN103608,51,284511.16,747,0.278,424764.93,Unemployed,Education,9,1,1,0
LN103609,54,427632.95,783,0.417,144608.86,Unemployed,Business,4,2,1,0
LN103610,48,223297.39,660,0.274,182731.2,Employed,Personal,6,0,1,0
LN103611,54,168211.51,707,0.19,107395.8,Employed,Vehicle,4,0,2,0
LN103612,50,263788.64,541,0.349,212336.16,Employed,Business,8,0,0,0
LN103613,24,549736.11,682,0.259,96260.01,Unemployed,Vehicle,2,0,1,0
LN103614,57,225288.09,569,0.053,72365.88,Employed,Personal,2,1,3,0
LN103615,42,185859.29,645,0.323,198136.17,Employed,Vehicle,15,1,2,0
LN103616,23,326780.21,850,0.151,105979.2,Employed,Vehicle,5,1,0,0
LN103617,41,394746.94,673,0.303,129011.61,Unemployed,Personal,11,0,0,0
LN103618,42,740517.28,585,0.333,208242.68,Employed,Personal,0,0,2,0
LN103619,25,364433.92,681,0.336,120400.01,Employed,Business,1,1,2,0
LN103620,69,427510.33,611,0.164,99829.99,Employed,Personal,12,0,2,0
LN103621,31,445583.14,578,0.236,77670.29,Self-employed,Vehicle,5,1,1,0
LN103622,37,159114.49,808,0.557,219329.01,Employed,Business,4,0,0,0
LN103623,42,176611.05,730,0.261,88089.93,Employed,Business,2,0,2,0
LN103624,61,165279.75,676,0.397,106406.33,Employed,Business,4,2,0,0
LN103625,57,144185.74,621,0.126,132551.38,Employed,Business,3,1,0,0
LN103626,58,464650.45,627,0.26,132196.67,Employed,Personal,12,2,2,0
LN103627,32,351886.97,766,0.025,212594.18,Contract,Personal,15,0,3,0
LN103628,62,313407.83,673,0.578,105119.51,Self-employed,Personal,0,1,0,0
LN103629,61,72080.85,419,0.31,269112.73,Employed,Vehicle,2,1,0,0
LN103630,43,929172.82,832,0.653,93577.36,Employed,Personal,10,0,1,0
LN103631,47,183448.3,664,0.425,139976.62,Employed,Vehicle,14,0,1,0
LN103632,22,927302.18,676,0.115,97614.61,Employed,Vehicle,5,1,1,0
LN103633,58,135192.5,732,0.625,428813.18,Contract,Vehicle,13,0,3,0
LN103634,68,191897.59,685,0.07,87581.21,Employed,Home,0,3,3,0
LN103635,44,89319.1,706,0.37,92883.99,Self-employed,Personal,11,1,0,0
LN103636,47,366116.36,618,0.333,118517.66,Self-employed,Education,15,0,0,0
LN103637,45,163709.12,558,0.281,92487.88,Contract,Education,7,1,3,0
LN103638,25,166273.23,671,0.139,134949.1,Self-employed,Education,9,1,0,0
LN103639,51,141019.71,757,0.725,244542.16,Employed,Personal,4,0,2,1
LN103640,56,460046.59,601,0.572,121052.97,Employed,Home,12,1,0,0
LN103641,66,443672.86,595,0.425,123996.8,Employed,Education,13,3,2,0
LN103642,66,812731.76,742,0.561,94777.59,Employed,Vehicle,13,0,0,1
LN103643,45,205746.3,616,0.015,79216.33,Employed,Business,13,1,0,0
LN103644,67,338367.68,619,0.402,117123.01,Unemployed,Home,1,1,0,0
LN103645,46,147620.99,622,0.445,110544.69,Employed,Business,8,1,1,0
LN103646,52,249513.0,645,0.252,235827.47,Self-employed,Home,8,1,0,0
LN103647,50,225521.96,532,0.174,58973.0,Employed,Home,0,2,4,1
LN103648,69,387311.76,610,0.099,283136.16,Employed,Business,12,0,0,0
LN103649,57,524866.77,667,0.088,99988.04,Employed,Personal,3,1,1,0
LN103650,26,517427.36,667,0.345,121149.81,Employed,Vehicle,6,0,3,0
LN103651,24,188714.58,737,0.219,55055.22,Employed,Education,0,0,2,0
LN103652,41,519537.93,788,0.484,158497.58,Unemployed,Home,12,1,1,0
LN103653,46,292813.43,763,0.138,58919.42,Self-employed,Home,2,0,1,0
LN103654,53,250950.12,719,0.234,140216.0,Employed,Home,8,1,0,0
LN103655,44,203181.8,639,0.156,131589.2,Employed,Vehicle,8,1,2,0
LN103656,46,220482.38,603,0.416,89016.94,Unemployed,Home,1,1,1,0
LN103657,66,782156.69,651,0.338,28733.17,Employed,Vehicle,13,2,2,0
LN103658,37,355263.01,694,0.207,448041.75,Employed,Business,0,1,0,0
LN103659,45,330239.78,712,0.332,55437.48,Contract,Vehicle,10,2,2,0
LN103660,48,259705.09,697,0.494,131336.9,Employed,Vehicle,2,1,1,0
LN103661,43,1151787.9,641,0.16,68450.2,Employed,Home,9,0,1,0
LN103662,68,614948.33,709,0.671,217387.74,Self-employed,Business,3,0,1,0
LN103663,68,201784.1,745,0.465,85954.17,Employed,Home,11,0,3,0
LN103664,46,258086.34,716,0.402,67470.92,Employed,Vehicle,9,2,4,0
LN103665,43,266652.94,648,0.299,161957.22,Employed,Business,10,0,2,1
LN103666,49,325060.74,587,0.709,48120.5,Contract,Vehicle,15,0,0,0
LN103667,29,203997.59,586,0.406,84086.77,Employed,Vehicle,7,1,1,1
LN103668,41,381889.6,599,0.331,172283.21,Employed,Personal,12,1,2,1
LN103669,31,666760.52,669,0.499,292928.36,Employed,Home,13,1,2,0
LN103670,28,145661.73,689,0.373,58845.35,Employed,Vehicle,5,3,0,0
LN103671,25,161305.77,544,0.162,73918.79,Contract,Education,4,1,1,0
LN103672,49,229992.17,612,0.069,138292.34,Employed,Business,11,2,3,0
LN103673,21,235932.3,668,0.312,30028.75,Employed,Business,14,1,0,0
LN103674,52,900489.68,583,0.418,265851.02,Self-employed,Personal,0,0,1,0
LN103675,42,520464.95,683,0.703,57443.81,Employed,Vehicle,1,0,3,1
LN103676,38,504294.17,627,0.367,82778.13,Employed,Education,2,0,1,0
LN103677,58,259402.61,596,0.522,130324.72,Self-employed,Business,10,1,5,0
LN103678,47,256290.12,654,0.609,113725.11,Self-employed,Personal,6,0,1,0
LN103679,56,135009.41,679,0.13,58799.3,Employed,Home,8,0,2,0
LN103680,55,461157.48,586,0.481,336779.58,Employed,Business,5,0,0,0
LN103681,22,393020.79,632,0.337,20627.89,Employed,Business,6,0,2,0
LN103682,31,608551.18,685,0.469,53046.85,Contract,Home,12,1,2,0
LN103683,48,267154.23,593,0.267,72717.11,Self-employed,Personal,6,1,0,0
LN103684,68,277495.29,526,0.277,59333.4,Employed,Business,6,0,0,0
LN103685,28,329411.43,535,0.232,243031.28,Contract,Vehicle,0,0,0,0
LN103686,26,489961.17,619,0.265,37433.16,Employed,Business,6,0,1,0
LN103687,67,133641.91,551,0.28,302726.98,Employed,Home,12,2,2,1
LN103688,68,449714.68,624,0.467,91807.45,Self-employed,Vehicle,2,2,1,0
LN103689,29,296637.22,775,0.196,45416.14,Employed,Business,5,0,1,0
LN103690,40,167591.92,547,0.248,28075.38,Employed,Business,4,0,1,0
LN103691,51,95320.92,629,0.251,95645.2,Employed,Home,7,0,0,1
LN103692,30,278306.2,810,0.439,69699.96,Self-employed,Business,13,0,1,0
LN103693,36,665158.01,681,0.519,128278.28,Self-employed,Personal,13,1,1,0
LN103694,40,753597.98,622,0.295,82072.94,Contract,Business,6,0,0,0
LN103695,52,364759.92,638,0.514,204742.3,Employed,Education,9,1,2,1
LN103696,36,882611.91,682,0.358,100269.45,Contract,Business,13,1,0,0
LN103697,41,292997.74,777,0.134,83507.79,Employed,Personal,13,0,0,0
LN103698,35,506791.37,610,0.241,207078.03,Self-employed,Personal,9,0,3,0
LN103699,58,234066.55,593,0.404,127585.99,Employed,Vehicle,2,1,2,0
LN103700,28,226049.3,547,0.117,181997.14,Employed,Vehicle,6,1,0,0
LN103701,32,206676.02,658,0.343,232086.43,Contract,Home,4,2,0,1
LN103702,33,96591.58,545,0.286,90877.29,Employed,Home,10,1,0,0
LN103703,65,608917.76,615,0.486,112769.0,Employed,Business,3,0,2,1
LN103704,67,210794.69,582,0.103,190366.84,Employed,Education,0,1,1,0
LN103705,45,193058.09,731,0.145,22366.27,Employed,Education,14,1,0,0
LN103706,28,156772.87,612,0.33,102959.08,Self-employed,Vehicle,1,0,1,0
LN103707,58,268106.63,680,0.488,95041.78,Employed,Personal,12,0,1,0
LN103708,45,791320.64,530,0.371,140276.35,Employed,Vehicle,15,2,0,0
LN103709,62,948954.49,660,0.496,65350.1,Employed,Personal,13,2,3,0
LN103710,38,120338.15,560,0.487,224196.11,Self-employed,Home,7,1,0,0
LN103711,69,246863.63,618,0.672,68097.08,Employed,Vehicle,9,1,2,1
LN103712,60,169844.91,816,0.152,81623.66,Contract,Vehicle,11,1,3,0
LN103713,31,516651.33,720,0.432,71422.57,Employed,Home,3,1,2,0
LN103714,56,351218.64,640,0.389,244668.34,Employed,Personal,6,0,0,0
LN103715,35,211382.51,850,0.274,28356.48,Unemployed,Personal,6,1,1,0
LN103716,38,312216.75,581,0.147,351409.55,Employed,Vehicle,4,0,1,0
LN103717,33,230719.4,737,0.596,286623.99,Employed,Personal,8,0,0,0
LN103718,54,728959.25,535,0.126,76196.68,Unemployed,Business,6,1,1,0
LN103719,33,405292.98,632,0.392,214429.46,Employed,Personal,0,0,3,0
LN103720,52,433627.28,549,0.127,119706.0,Employed,Personal,1,1,2,0
LN103721,49,69198.41,669,0.148,322103.44,Employed,Vehicle,10,2,0,0
LN103722,57,289179.82,654,0.273,204058.21,Employed,Education,8,0,0,0
LN103723,69,943454.84,627,0.49,457613.22,Self-employed,Vehicle,13,0,0,1
LN103724,21,622132.73,732,0.465,39848.51,Employed,Vehicle,1,1,0,0
LN103725,69,108623.0,607,0.047,124568.39,Contract,Home,5,1,1,0
LN103726,26,252496.72,675,0.519,35866.84,Employed,Education,6,0,2,0
LN103727,46,154925.87,712,0.447,78517.1,Employed,Vehicle,10,0,2,0
LN103728,37,768844.19,539,0.213,474734.02,Employed,Education,6,0,0,0
LN103729,52,343138.97,594,0.268,149128.84,Contract,Personal,7,3,2,0
LN103730,56,196663.65,654,0.187,208602.83,Employed,Vehicle,14,1,3,1
LN103731,63,305689.34,697,0.48,153628.98,Employed,Vehicle,0,2,2,0
LN103732,40,71502.43,757,0.168,147419.24,Employed,Vehicle,14,0,1,0
LN103733,66,165182.97,634,0.337,78331.84,Employed,Education,4,2,0,0
LN103734,36,306073.88,626,0.421,69398.33,Employed,Vehicle,0,2,0,0
LN103735,30,477662.27,585,0.47,76978.63,Contract,Education,8,0,0,0
LN103736,39,103137.16,675,0.352,18647.73,Employed,Home,3,0,0,0
LN103737,46,243263.95,628,0.726,104287.89,Employed,Education,11,1,1,1
LN103738,53,522753.29,629,0.377,128558.35,Employed,Personal,12,1,2,0
LN103739,61,135028.13,643,0.265,73551.61,Employed,Education,6,0,1,0
LN103740,32,340301.86,691,0.208,101042.1,Self-employed,Business,12,0,1,0
LN103741,35,311085.7,608,0.252,154742.43,Contract,Home,2,0,1,0
LN103742,66,770231.91,592,0.478,195508.12,Self-employed,Vehicle,5,3,1,0
LN103743,42,264332.44,682,0.123,50496.5,Contract,Vehicle,0,0,1,0
LN103744,32,272980.99,423,0.199,65619.71,Contract,Business,10,0,0,1
LN103745,69,480107.64,605,0.45,179451.32,Employed,Home,11,1,1,0
LN103746,42,144646.19,564,0.22,161311.14,Employed,Education,12,0,1,0
LN103747,69,265681.1,740,0.268,263575.42,Self-employed,Vehicle,5,3,2,1
LN103748,66,233488.71,617,0.187,256564.94,Unemployed,Business,13,0,2,0
LN103749,65,277933.25,608,0.275,528555.56,Contract,Education,10,1,1,1
LN103750,49,478380.3,646,0.614,90938.42,Self-employed,Education,9,0,1,1
LN103751,60,406901.56,605,0.567,306907.67,Employed,Education,3,1,1,0
LN103752,68,198741.94,620,0.116,60489.56,Self-employed,Personal,13,0,1,0
LN103753,34,323424.93,657,0.393,521450.69,Self-employed,Home,12,0,0,0
LN103754,22,680974.84,618,0.391,147825.62,Contract,Vehicle,14,0,0,0
LN103755,36,189906.4,618,0.082,156458.9,Self-employed,Vehicle,5,0,1,0
LN103756,52,324934.69,574,0.111,209334.2,Employed,Vehicle,8,1,1,0
LN103757,47,269763.08,563,0.459,45581.15,Self-employed,Education,0,0,1,0
LN103758,24,289782.23,655,0.06,54701.41,Employed,Business,9,0,1,0
LN103759,48,122354.28,673,0.202,118589.53,Employed,Education,8,0,2,0
LN103760,29,651776.72,543,0.311,137716.62,Self-employed,Home,13,0,0,0
LN103761,45,195955.76,707,0.051,425872.67,Contract,Education,11,0,1,0
LN103762,49,527485.86,707,0.243,59352.87,Self-employed,Vehicle,15,2,1,0
LN103763,52,213156.22,723,0.281,299347.71,Employed,Personal,14,0,1,0
LN103764,41,212672.82,672,0.321,92559.1,Employed,Personal,2,2,0,0
LN103765,41,584642.33,698,0.174,91724.52,Employed,Personal,15,1,0,0
LN103766,54,518229.92,814,0.178,98887.47,Self-employed,Business,0,3,3,0
LN103767,57,336483.37,627,0.404,90201.88,Self-employed,Home,7,0,2,0
LN103768,60,455964.65,572,0.396,150917.04,Employed,Personal,14,0,1,0
LN103769,37,255974.66,535,0.245,85094.92,Employed,Business,9,1,4,0
LN103770,41,298622.51,782,0.056,43977.72,Contract,Vehicle,15,0,0,0
LN103771,37,208489.58,783,0.136,92425.62,Employed,Personal,8,0,2,0
LN103772,46,493251.01,581,0.449,148012.35,Employed,Home,10,0,0,0
LN103773,27,204876.05,595,0.28,44210.71,Contract,Education,8,2,2,0
LN103774,42,678998.19,626,0.17,160560.35,Employed,Vehicle,14,0,1,0
LN103775,30,252162.49,742,0.444,236942.65,Employed,Vehicle,1,1,2,0
LN103776,47,303403.07,553,0.355,287848.82,Self-employed,Personal,6,0,0,0
LN103777,62,455357.53,503,0.275,136997.4,Employed,Vehicle,10,0,2,0
LN103778,69,303963.58,813,0.077,34037.32,Employed,Home,7,0,1,0
LN103779,42,254660.91,673,0.275,167575.39,Contract,Personal,15,0,1,0
LN103780,23,295086.81,684,0.166,206260.87,Employed,Education,9,3,0,0
LN103781,32,490479.05,635,0.421,69946.67,Contract,Home,2,0,1,0
LN103782,26,208348.83,685,0.301,104924.02,Employed,Personal,9,2,0,0
LN103783,58,279877.53,536,0.409,150629.02,Employed,Business,4,0,0,0
LN103784,69,301702.12,587,0.838,351496.47,Employed,Vehicle,7,2,1,1
LN103785,48,482656.07,658,0.282,93146.92,Self-employed,Business,1,0,2,0
LN103786,29,283969.69,480,0.162,196329.96,Unemployed,Business,13,0,1,0
LN103787,22,811064.01,627,0.222,135107.91,Employed,Education,6,1,0,0
LN103788,68,275251.78,623,0.612,125224.52,Contract,Business,12,0,2,0
LN103789,36,263237.45,627,0.264,261199.77,Self-employed,Personal,7,0,0,0
LN103790,26,273066.35,609,0.233,64075.1,Unemployed,Personal,15,1,1,1
LN103791,29,145420.52,575,0.348,127771.63,Self-employed,Home,5,0,1,1
LN103792,33,169623.74,513,0.139,111961.02,Self-employed,Personal,1,1,2,0
LN103793,53,224060.41,661,0.168,41304.95,Contract,Vehicle,7,0,1,0
LN103794,64,560309.27,627,0.22,245098.34,Self-employed,Personal,0,0,0,0
LN103795,34,294583.69,547,0.395,188545.91,Contract,Vehicle,12,1,1,0
LN103796,54,229804.32,655,0.292,112449.25,Employed,Personal,14,0,0,0
LN103797,24,588970.79,628,0.146,92812.75,Employed,Business,3,0,2,0
LN103798,21,704106.69,615,0.835,110015.87,Self-employed,Education,0,1,0,0
LN103799,23,598390.07,488,0.337,174211.82,Employed,Vehicle,12,0,0,0
LN103800,66,187650.84,701,0.291,113847.77,Employed,Home,11,1,0,0
LN103801,49,228467.9,558,0.514,71279.24,Contract,Vehicle,12,1,1,1
LN103802,60,813492.99,655,0.215,78600.55,Self-employed,Business,9,2,2,0
LN103803,22,342547.15,589,0.307,109136.51,Contract,Personal,9,0,1,0
LN103804,22,258937.73,621,0.127,59997.02,Employed,Personal,4,0,1,0
LN103805,62,445355.95,736,0.232,136611.45,Employed,Personal,5,1,1,0
LN103806,26,522067.54,690,0.208,65694.8,Employed,Education,10,0,1,1
LN103807,28,219090.57,735,0.376,59154.97,Unemployed,Vehicle,14,1,1,1
LN103808,46,338483.2,675,0.396,876569.67,Employed,Vehicle,4,1,0,0
LN103809,50,499391.58,680,0.386,388146.86,Contract,Home,5,0,2,1
LN103810,32,158479.39,516,0.161,120788.93,Employed,Personal,9,0,0,1
LN103811,42,302043.93,626,0.116,191261.37,Employed,Business,0,0,2,0
LN103812,54,162530.9,633,0.272,213598.18,Self-employed,Vehicle,10,1,1,0
LN103813,42,174655.11,742,0.141,104735.89,Self-employed,Education,2,0,1,0
LN103814,39,220099.0,612,0.108,132194.14,Employed,Education,10,0,0,0
LN103815,24,390020.08,670,0.303,92765.02,Employed,Personal,14,0,2,0
LN103816,43,251305.68,667,0.392,248804.17,Employed,Personal,14,0,2,0
LN103817,60,210009.45,737,0.36,251039.89,Contract,Home,2,1,2,0
LN103818,51,308628.25,640,0.379,303605.04,Employed,Personal,9,1,1,0
LN103819,64,159645.06,712,0.564,130762.07,Employed,Personal,7,0,0,0
LN103820,27,379792.19,522,0.165,450137.73,Employed,Home,7,0,1,1
LN103821,21,558941.71,529,0.563,104674.15,Employed,Personal,11,0,0,0
LN103822,47,287211.89,479,0.075,416124.79,Contract,Vehicle,15,0,3,0
LN103823,29,268358.97,709,0.497,81396.77,Self-employed,Business,9,0,0,0
LN103824,50,368401.98,701,0.661,47329.99,Unemployed,Business,8,1,1,0
LN103825,65,98309.86,717,0.306,410984.53,Self-employed,Education,10,1,0,0
LN103826,37,403038.49,599,0.189,168970.73,Employed,Vehicle,8,1,0,0
LN103827,47,1652128.39,608,0.202,154147.51,Employed,Business,5,0,2,0
LN103828,54,280426.19,641,0.353,87022.38,Contract,Vehicle,13,0,3,0
LN103829,28,280974.44,758,0.488,63505.94,Employed,Education,10,2,3,0
LN103830,64,451586.22,777,0.309,67546.54,Employed,Vehicle,9,0,1,0
LN103831,30,741529.87,710,0.472,120365.88,Employed,Home,0,2,1,1
LN103832,60,512866.1,675,0.455,99768.24,Unemployed,Business,4,0,0,1
LN103833,53,91670.32,750,0.112,31159.01,Employed,Vehicle,4,0,0,0
LN103834,27,408974.1,631,0.2,330770.19,Employed,Personal,10,0,1,0
LN103835,56,1234404.63,621,0.109,83735.91,Self-employed,Personal,1,0,0,0
LN103836,30,422472.79,640,0.724,246028.29,Self-employed,Personal,6,0,4,1
LN103837,50,158975.71,577,0.608,69533.53,Employed,Home,7,0,1,0
LN103838,68,350299.59,637,0.183,121647.56,Employed,Vehicle,11,1,1,0
LN103839,67,148324.8,566,0.542,206951.14,Employed,Business,2,0,1,0
LN103840,63,591005.02,727,0.441,189200.11,Employed,Vehicle,9,1,1,0
LN103841,45,177336.14,691,0.068,92416.54,Employed,Home,8,0,2,0
LN103842,48,312503.75,757,0.454,153165.86,Employed,Personal,11,0,3,1
LN103843,35,187167.41,528,0.118,170689.43,Self-employed,Personal,2,0,1,0
LN103844,66,222124.06,793,0.272,99915.63,Employed,Education,9,0,1,0
LN103845,44,679369.61,532,0.164,53333.44,Self-employed,Vehicle,6,0,1,0
LN103846,58,317565.44,560,0.151,73296.43,Employed,Vehicle,4,0,3,0
LN103847,38,220571.33,603,0.291,85968.55,Employed,Vehicle,1,1,0,0
LN103848,57,159797.45,748,0.29,111879.07,Self-employed,Education,6,0,1,0
LN103849,31,107162.53,667,0.335,309676.33,Employed,Business,7,1,0,0
LN103850,56,150743.26,632,0.52,198411.66,Employed,Personal,0,0,0,1
LN103851,23,319053.9,591,0.257,64717.97,Contract,Personal,12,0,0,0
LN103852,26,514353.64,547,0.44,362933.59,Contract,Education,11,0,0,0
LN103853,38,220431.98,735,0.075,104505.64,Self-employed,Personal,5,1,1,0
LN103854,44,711646.61,710,0.479,170283.73,Employed,Education,0,2,0,0
LN103855,55,202179.77,751,0.629,59748.19,Self-employed,Business,11,0,2,0
LN103856,38,263189.95,680,0.505,81984.2,Employed,Education,0,0,1,1
LN103857,21,165672.89,452,0.671,215970.18,Employed,Vehicle,6,0,0,1
LN103858,36,517340.58,557,0.362,62129.03,Employed,Education,3,1,1,1
LN103859,42,950904.19,685,0.186,114016.33,Self-employed,Vehicle,3,1,0,0
LN103860,47,113838.77,622,0.499,149391.8,Employed,Education,12,1,3,1
LN103861,52,247991.22,608,0.052,56575.24,Contract,Personal,4,0,1,0
LN103862,33,601490.89,567,0.193,34642.63,Employed,Personal,3,1,0,0
LN103863,50,135363.32,721,0.112,198399.02,Employed,Vehicle,4,1,0,0
LN103864,51,409713.7,684,0.16,707458.55,Employed,Personal,2,1,1,0
LN103865,59,587333.14,688,0.415,148226.78,Self-employed,Home,11,0,1,0
LN103866,46,313189.46,602,0.206,167916.35,Employed,Personal,7,2,0,0
LN103867,60,406030.05,663,0.257,61919.39,Employed,Vehicle,3,0,0,0
LN103868,31,790194.24,550,0.269,285936.26,Self-employed,Personal,4,0,2,0
LN103869,55,876044.67,640,0.113,86106.29,Employed,Business,15,1,1,0
LN103870,23,289947.68,460,0.37,234368.96,Employed,Home,9,1,1,0
LN103871,26,223849.66,532,0.239,163240.38,Self-employed,Personal,10,1,0,1
LN103872,63,180872.69,626,0.474,165849.93,Contract,Personal,13,2,0,1
LN103873,44,513429.52,828,0.311,161762.53,Employed,Personal,6,0,2,0
LN103874,51,141077.01,515,0.27,158445.9,Self-employed,Business,5,1,2,0
LN103875,50,261090.41,557,0.269,132248.67,Employed,Education,15,1,0,0
LN103876,55,317431.44,666,0.515,206541.5,Employed,Home,9,1,0,0
LN103877,33,227495.64,783,0.487,68617.57,Employed,Personal,3,1,2,0
LN103878,29,349912.67,665,0.495,94183.7,Unemployed,Education,13,0,0,0
LN103879,23,1229379.44,703,0.127,285641.58,Employed,Personal,12,1,1,0
LN103880,63,280592.45,625,0.555,123084.3,Contract,Personal,6,1,0,0
LN103881,31,236112.73,612,0.065,88998.5,Employed,Personal,4,0,0,0
LN103882,49,524379.14,656,0.251,215539.77,Employed,Vehicle,10,2,0,0
LN103883,43,342254.11,601,0.206,189579.92,Employed,Education,8,0,0,0
LN103884,28,662100.36,704,0.148,47256.86,Employed,Business,3,1,3,0
LN103885,41,328442.13,530,0.376,176785.28,Employed,Vehicle,0,0,2,1
LN103886,25,261687.15,717,0.174,120271.28,Employed,Education,13,0,3,0
LN103887,29,112475.32,653,0.331,174725.54,Self-employed,Personal,13,0,1,1
LN103888,27,123091.55,634,0.281,110768.06,Self-employed,Home,14,2,0,1
LN103889,61,109305.66,527,0.233,148751.32,Unemployed,Personal,5,1,0,0
LN103890,48,369599.14,577,0.304,33459.34,Employed,Home,11,1,0,0
LN103891,66,141818.1,740,0.363,61483.73,Self-employed,Business,9,0,3,0
LN103892,42,598454.22,634,0.505,177957.74,Employed,Education,4,2,1,0
LN103893,30,305032.43,671,0.069,604507.45,Employed,Home,14,0,0,0
LN103894,50,262297.58,584,0.065,139659.78,Employed,Personal,5,1,1,0
LN103895,66,188606.38,648,0.148,70116.44,Contract,Business,0,2,3,0
LN103896,47,422430.44,547,0.261,120120.69,Employed,Home,2,0,3,0
LN103897,21,192733.55,657,0.203,61544.14,Employed,Home,15,0,1,0
LN103898,35,174482.52,678,0.247,247860.37,Employed,Education,1,2,1,0
LN103899,66,576730.41,674,0.594,113491.99,Employed,Personal,8,3,1,0
LN103900,46,364608.48,582,0.034,218124.41,Employed,Home,7,1,1,0
LN103901,67,263636.51,624,0.153,99557.43,Self-employed,Education,12,0,0,0
LN103902,45,426908.89,690,0.284,231077.86,Employed,Education,13,1,0,0
LN103903,21,301477.38,634,0.057,38288.26,Employed,Business,7,0,0,0
LN103904,63,370346.74,628,0.576,111764.17,Employed,Personal,10,0,0,1
LN103905,58,191428.84,793,0.831,156211.83,Employed,Home,13,0,0,0
LN103906,56,936829.88,579,0.088,92393.1,Employed,Personal,12,0,0,0
LN103907,68,218108.25,731,0.15,138956.63,Employed,Education,14,1,1,0
LN103908,30,705983.21,563,0.305,137432.65,Employed,Education,11,1,0,0
LN103909,65,270400.61,699,0.421,217505.05,Employed,Home,6,1,0,0
LN103910,32,467633.98,703,0.232,164757.14,Employed,Personal,8,3,0,0
LN103911,68,449261.62,612,0.556,142008.04,Self-employed,Business,11,2,0,1
LN103912,30,563716.2,559,0.565,194830.85,Self-employed,Home,4,1,0,0
LN103913,47,188941.88,502,0.379,45649.69,Employed,Home,15,0,0,1
LN103914,59,542062.85,604,0.367,67451.84,Employed,Personal,7,0,0,0
LN103915,24,828257.75,689,0.158,44703.95,Self-employed,Business,12,0,1,0
LN103916,24,260213.21,569,0.21,157129.7,Employed,Personal,8,0,2,0
LN103917,62,305781.51,657,0.237,143949.05,Unemployed,Vehicle,15,1,0,0
LN103918,23,224951.95,539,0.161,270675.9,Self-employed,Business,10,0,1,0
LN103919,51,247953.82,632,0.419,138249.95,Employed,Education,11,1,4,0
LN103920,66,768980.04,564,0.205,72957.31,Employed,Education,12,2,1,0
LN103921,51,172682.3,644,0.103,120010.7,Employed,Home,5,1,1,0
LN103922,44,178683.69,612,0.172,32507.03,Employed,Home,5,1,0,0
LN103923,41,727619.31,561,0.318,84363.37,Employed,Education,13,0,1,0
LN103924,52,422962.75,601,0.644,23923.56,Contract,Personal,7,0,0,0
LN103925,49,962935.19,580,0.538,136185.62,Contract,Personal,10,0,2,0
LN103926,45,234168.57,551,0.499,91737.97,Unemployed,Business,8,0,0,0
LN103927,28,321577.03,731,0.202,100937.47,Employed,Education,0,0,0,0
LN103928,53,208598.25,623,0.225,60036.38,Contract,Personal,7,2,0,1
LN103929,57,324601.45,485,0.154,71216.43,Self-employed,Personal,2,0,0,1
LN103930,55,113072.51,603,0.402,172548.96,Employed,Vehicle,1,0,1,1
LN103931,24,437251.03,719,0.1,43251.63,Contract,Home,4,1,1,0
LN103932,55,358415.6,593,0.239,152807.26,Unemployed,Personal,4,1,2,0
LN103933,56,290652.21,762,0.115,64921.97,Employed,Home,11,1,1,0
LN103934,29,242034.94,586,0.348,36885.88,Self-employed,Business,4,1,1,1
LN103935,62,183399.67,688,0.487,244106.33,Self-employed,Business,12,4,0,0
LN103936,46,447655.77,728,0.207,260981.07,Self-employed,Home,3,0,0,0
LN103937,44,157540.57,684,0.069,77465.0,Employed,Home,13,2,1,0
LN103938,56,397551.79,547,0.483,76972.77,Employed,Personal,8,0,1,0
LN103939,45,938920.43,579,0.237,93448.63,Unemployed,Education,1,0,2,0
LN103940,47,679134.57,738,0.268,64970.8,Employed,Personal,1,0,1,0
LN103941,36,131100.22,590,0.24,72855.61,Employed,Vehicle,1,0,2,1
LN103942,66,223313.48,723,0.41,147380.84,Employed,Business,6,1,1,0
LN103943,68,378259.47,618,0.181,423482.13,Employed,Education,4,0,1,0
LN103944,27,288624.75,661,0.107,87349.65,Employed,Education,0,0,0,0
LN103945,56,138949.33,546,0.484,213897.75,Employed,Business,10,0,1,0
LN103946,22,370816.1,604,0.1,138360.15,Contract,Personal,13,1,0,0
LN103947,39,298351.76,584,0.181,37096.68,Employed,Personal,13,1,0,0
LN103948,68,859767.02,667,0.285,108266.62,Unemployed,Business,2,1,0,0
LN103949,29,260996.42,657,0.262,99777.88,Contract,Business,13,1,3,0
LN103950,39,570312.43,685,0.58,284983.15,Employed,Personal,6,0,0,0
LN103951,31,149438.34,613,0.333,292606.9,Employed,Personal,3,1,0,0
LN103952,56,170438.98,580,0.57,140527.07,Employed,Home,2,0,1,1
LN103953,43,446168.44,664,0.496,242196.37,Unemployed,Business,12,1,2,0
LN103954,50,544481.74,573,0.421,100017.62,Self-employed,Business,4,1,2,0
LN103955,67,177188.91,731,0.355,227707.47,Contract,Education,10,2,1,0
LN103956,46,303999.19,641,0.118,117413.24,Unemployed,Personal,8,0,0,0
LN103957,56,140318.37,626,0.038,224520.92,Employed,Personal,14,0,0,0
LN103958,25,271540.57,685,0.424,239870.0,Contract,Education,11,0,0,0
LN103959,31,475368.36,644,0.124,175242.96,Contract,Home,12,0,2,0
LN103960,67,236170.81,526,0.439,67928.0,Employed,Personal,7,0,0,1
LN103961,63,261599.15,570,0.389,83690.61,Contract,Vehicle,8,0,2,0
LN103962,53,161159.57,729,0.114,179369.21,Employed,Education,2,2,2,0
LN103963,39,210016.34,656,0.509,196611.49,Employed,Business,12,0,1,0
LN103964,30,788981.98,524,0.174,121928.4,Employed,Home,12,1,0,0
LN103965,62,312277.17,676,0.044,89791.57,Self-employed,Business,4,0,1,0
LN103966,59,172865.39,608,0.252,124571.9,Self-employed,Education,2,4,3,0
LN103967,32,252309.85,584,0.176,91787.05,Employed,Business,12,1,2,0
LN103968,49,124611.05,564,0.42,92119.62,Employed,Home,12,0,0,0
LN103969,51,171742.22,725,0.308,393272.25,Employed,Home,12,0,0,0
LN103970,44,633949.52,503,0.027,80754.51,Employed,Personal,0,1,2,0
LN103971,66,277387.97,587,0.148,153016.06,Self-employed,Education,13,1,0,0
LN103972,27,848681.59,659,0.657,121495.98,Contract,Personal,5,1,2,0
LN103973,33,284673.0,768,0.183,49562.01,Employed,Personal,3,0,0,0
LN103974,25,294121.87,692,0.267,48463.87,Employed,Education,8,0,0,0
LN103975,54,426782.39,587,0.07,104350.36,Employed,Business,13,0,0,0
LN103976,52,68982.95,765,0.053,30914.61,Contract,Vehicle,13,0,1,0
LN103977,69,335794.41,548,0.314,361493.52,Employed,Vehicle,2,0,2,0
LN103978,47,292025.14,670,0.167,86958.48,Employed,Personal,15,1,3,0
LN103979,28,679327.86,687,0.21,82467.63,Employed,Vehicle,12,1,1,0
LN103980,43,509972.16,584,0.262,243586.42,Employed,Education,14,0,1,0
LN103981,25,160814.58,702,0.156,100384.99,Self-employed,Personal,14,2,1,0
LN103982,53,594047.16,611,0.302,167948.68,Employed,Vehicle,8,0,2,0
LN103983,54,259695.42,702,0.619,75815.32,Self-employed,Vehicle,0,0,1,0
LN103984,63,182423.92,512,0.318,113296.93,Employed,Home,1,1,2,0
LN103985,37,334350.31,675,0.179,206436.15,Employed,Vehicle,10,1,0,0
LN103986,36,268341.21,619,0.06,62821.77,Self-employed,Vehicle,1,0,0,0
LN103987,24,699201.1,736,0.46,155012.88,Employed,Home,10,0,1,0
LN103988,41,361811.95,647,0.031,22868.21,Employed,Personal,1,2,0,0
LN103989,44,335927.34,744,0.095,250399.71,Employed,Business,13,0,3,0
LN103990,57,492324.66,688,0.384,76616.29,Self-employed,Home,4,1,1,0
LN103991,57,547225.99,640,0.481,104042.87,Employed,Personal,1,3,2,1
LN103992,27,461630.73,709,0.257,103214.62,Employed,Vehicle,5,0,1,1
LN103993,34,654903.16,710,0.405,58371.25,Employed,Home,14,0,2,0
LN103994,46,419287.9,685,0.15,55529.85,Employed,Home,8,1,3,0
LN103995,37,328977.97,478,0.071,154370.31,Contract,Personal,15,0,3,0
LN103996,22,593078.7,576,0.285,159158.16,Self-employed,Home,4,1,0,1
LN103997,62,285370.86,754,0.556,61871.06,Employed,Business,10,1,1,0
LN103998,56,305536.14,556,0.284,156361.68,Contract,Personal,2,0,4,0
LN103999,46,773286.63,716,0.413,158081.64,Employed,Personal,6,0,1,0
LN104000,36,732044.09,703,0.709,86025.0,Employed,Business,6,0,3,0
LN104001,62,298654.02,596,0.144,47451.51,Employed,Home,10,0,1,0
LN104002,22,233767.99,500,0.122,107348.14,Contract,Personal,10,0,0,0
LN104003,42,670838.15,607,0.274,139460.8,Employed,Home,0,2,0,1
LN104004,60,465919.36,806,0.243,105870.65,Employed,Education,11,1,0,0
LN104005,67,356863.07,585,0.301,74840.5,Contract,Vehicle,12,0,0,0
LN104006,33,251326.4,590,0.148,149009.56,Contract,Home,6,1,3,0
LN104007,52,360040.16,575,0.032,250370.37,Contract,Personal,1,1,4,0
LN104008,30,296439.4,741,0.177,66672.16,Employed,Vehicle,6,2,1,0
LN104009,26,208178.62,632,0.21,90629.11,Employed,Home,5,1,0,0
LN104010,38,322065.76,603,0.533,654271.93,Employed,Business,12,1,0,0
LN104011,64,347153.03,756,0.241,132893.01,Employed,Home,2,0,2,0
LN104012,54,244035.86,693,0.673,48281.86,Employed,Home,4,0,1,0
LN104013,44,493186.11,581,0.499,80644.59,Contract,Home,11,1,0,1
LN104014,34,609500.82,558,0.349,67254.36,Employed,Education,15,0,1,0
LN104015,27,511437.92,737,0.396,140855.7,Employed,Personal,9,1,1,0
LN104016,34,257712.82,651,0.648,134357.35,Employed,Business,0,2,0,1
LN104017,28,454630.18,534,0.131,72730.71,Employed,Personal,11,2,1,1
LN104018,30,313143.4,516,0.388,367632.03,Self-employed,Education,0,1,0,0
LN104019,54,152036.74,566,0.47,116258.6,Employed,Business,1,0,1,0
LN104020,27,434320.89,557,0.32,81798.25,Contract,Personal,10,1,2,0
LN104021,23,325107.17,497,0.234,49737.1,Employed,Business,5,0,1,0
LN104022,47,1249169.08,568,0.451,61490.51,Employed,Vehicle,0,0,1,0
LN104023,35,668663.84,581,0.363,48938.52,Employed,Personal,6,2,0,0
LN104024,43,443596.36,615,0.436,97184.49,Employed,Home,6,1,0,0
LN104025,27,344063.51,777,0.332,61883.52,Unemployed,Education,9,1,2,0
LN104026,31,328267.79,630,0.323,183106.87,Self-employed,Business,15,5,2,1
LN104027,42,172734.08,637,0.318,75233.72,Employed,Personal,1,1,3,0
LN104028,54,115277.18,688,0.307,189921.53,Unemployed,Personal,10,1,1,0
LN104029,41,185652.19,632,0.359,151401.33,Self-employed,Vehicle,10,0,1,0
LN104030,47,292229.11,680,0.236,167345.46,Employed,Vehicle,15,0,0,0
LN104031,46,94229.74,671,0.097,197032.22,Contract,Business,6,0,1,0
LN104032,34,222383.97,659,0.429,401874.8,Self-employed,Vehicle,2,2,3,0
LN104033,34,261803.78,850,0.538,63347.29,Self-employed,Home,14,0,3,0
LN104034,41,266479.65,718,0.335,190638.68,Employed,Vehicle,0,0,0,0
LN104035,22,208478.2,569,0.18,142487.99,Employed,Personal,7,0,0,0
LN104036,54,248626.03,678,0.384,219557.17,Contract,Education,10,1,3,0
LN104037,51,774272.66,591,0.577,118214.26,Self-employed,Home,1,0,1,1
LN104038,36,431799.94,683,0.032,236249.33,Contract,Personal,4,3,1,0
LN104039,39,220438.13,547,0.172,47509.91,Self-employed,Personal,1,1,2,0
LN104040,37,288931.95,567,0.151,57264.44,Contract,Personal,13,0,0,0
LN104041,52,295364.49,676,0.096,75981.79,Employed,Home,4,0,3,0
LN104042,58,196646.36,725,0.416,104783.16,Employed,Home,9,0,1,0
LN104043,26,196519.34,688,0.555,113364.89,Employed,Vehicle,3,2,1,0
LN104044,41,522994.36,714,0.228,67996.94,Employed,Vehicle,11,0,0,0
LN104045,21,238150.08,678,0.092,57766.74,Employed,Home,12,0,0,0
LN104046,43,164300.89,663,0.285,71847.21,Employed,Business,0,1,1,0
LN104047,33,292965.63,612,0.413,36213.46,Employed,Business,11,0,2,0
LN104048,37,320117.41,711,0.227,91212.56,Self-employed,Home,10,1,2,0
LN104049,43,101371.82,727,0.386,105902.22,Employed,Education,1,0,0,0
LN104050,36,293351.63,645,0.274,146518.85,Employed,Vehicle,4,1,3,0
LN104051,40,483558.08,641,0.419,122602.45,Employed,Vehicle,13,0,1,0
LN104052,58,384505.71,769,0.48,352901.56,Employed,Education,7,0,1,1
LN104053,60,1022667.6,648,0.49,186517.12,Self-employed,Vehicle,1,0,3,0
LN104054,21,596985.42,656,0.431,177635.56,Employed,Vehicle,10,2,0,0
LN104055,39,665604.86,686,0.636,139426.35,Employed,Home,12,0,0,0
LN104056,62,1399443.22,643,0.274,155820.04,Employed,Personal,6,0,3,0
LN104057,46,455214.36,588,0.279,95297.12,Employed,Education,1,1,1,0
LN104058,31,328150.09,678,0.239,117358.62,Self-employed,Home,2,0,0,0
LN104059,50,512519.95,647,0.265,383558.62,Unemployed,Vehicle,6,0,1,0
LN104060,28,220567.21,788,0.586,105103.43,Employed,Home,7,2,2,0
LN104061,22,318304.97,709,0.32,46282.69,Employed,Vehicle,12,0,3,1
LN104062,51,210089.21,605,0.455,173019.71,Contract,Home,10,1,1,0
LN104063,46,373408.87,705,0.186,194292.74,Self-employed,Personal,4,0,3,0
LN104064,58,209606.61,673,0.459,121622.33,Employed,Education,11,0,0,0
LN104065,37,205608.07,748,0.386,32445.31,Self-employed,Education,1,0,1,1
LN104066,62,376603.45,611,0.15,253857.86,Contract,Vehicle,2,0,0,0
LN104067,41,278116.8,664,0.517,127730.14,Employed,Personal,12,1,1,0
LN104068,57,103922.54,643,0.132,89910.29,Self-employed,Business,14,0,0,0
LN104069,25,134723.72,654,0.129,238106.68,Contract,Vehicle,11,2,0,0
LN104070,25,159618.39,584,0.468,29502.22,Employed,Vehicle,7,0,3,0
LN104071,59,184591.99,693,0.219,118296.02,Contract,Business,14,0,0,1
LN104072,61,376800.29,681,0.343,77398.29,Unemployed,Personal,5,0,1,0
LN104073,67,338389.92,746,0.122,290143.44,Self-employed,Education,10,1,0,0
LN104074,36,538984.13,649,0.137,128812.04,Employed,Personal,10,1,0,0
LN104075,22,453875.75,619,0.234,62705.85,Self-employed,Vehicle,1,0,1,0
LN104076,69,540951.22,709,0.145,230518.92,Self-employed,Home,15,1,0,0
LN104077,50,419221.9,590,0.169,22244.83,Employed,Personal,10,0,1,0
LN104078,33,336670.97,731,0.329,153027.32,Employed,Personal,3,1,0,0
LN104079,58,549179.82,731,0.546,48392.31,Employed,Vehicle,13,1,2,1
LN104080,65,497432.32,744,0.235,81442.39,Employed,Home,6,1,0,0
LN104081,34,368940.33,678,0.23,94070.09,Self-employed,Business,1,0,0,0
LN104082,58,603576.02,614,0.427,198751.13,Contract,Personal,10,0,3,0
LN104083,59,82566.08,658,0.297,460677.27,Employed,Vehicle,2,1,0,0
LN104084,45,255705.84,679,0.264,34597.14,Self-employed,Home,9,1,2,0
LN104085,51,253559.3,608,0.154,147021.39,Employed,Education,10,1,0,0
LN104086,34,565527.01,750,0.212,460391.33,Employed,Home,2,0,3,0
LN104087,66,711979.93,694,0.415,75798.32,Self-employed,Vehicle,12,0,0,0
LN104088,69,135122.78,583,0.269,72801.09,Employed,Business,7,0,1,0
LN104089,69,651921.67,791,0.13,128232.55,Employed,Personal,5,1,0,0
LN104090,57,157509.79,657,0.462,188523.59,Employed,Business,1,1,0,0
LN104091,23,160150.51,568,0.305,168665.77,Unemployed,Vehicle,11,1,3,0
LN104092,38,263729.86,588,0.156,87123.27,Unemployed,Home,2,1,1,0
LN104093,42,251833.69,762,0.213,65289.51,Self-employed,Business,2,1,2,1
LN104094,68,127313.55,787,0.431,258776.52,Employed,Business,4,1,4,0
LN104095,47,428896.38,726,0.153,66487.19,Self-employed,Education,7,2,0,0
LN104096,47,435917.85,749,0.27,31657.02,Employed,Vehicle,14,0,0,0
LN104097,28,535663.06,741,0.396,42767.28,Employed,Personal,11,0,1,0
LN104098,59,236366.14,692,0.299,75640.32,Employed,Home,11,0,3,0
LN104099,37,293539.43,675,0.293,290211.21,Employed,Business,3,0,2,0
LN104100,25,295021.29,690,0.143,50807.55,Unemployed,Personal,10,0,3,0
LN104101,69,759135.26,705,0.352,295812.9,Self-employed,Home,5,2,0,0
LN104102,30,63114.33,594,0.325,257215.09,Self-employed,Home,7,2,1,0
LN104103,21,177232.62,705,0.061,127342.54,Contract,Home,10,2,3,0
LN104104,24,300915.63,759,0.353,20979.99,Self-employed,Personal,2,1,2,0
LN104105,43,165127.66,635,0.539,50949.85,Self-employed,Home,5,0,0,0
LN104106,26,260266.54,627,0.549,72870.35,Contract,Education,6,1,1,0
LN104107,62,279902.39,686,0.309,338808.99,Employed,Vehicle,13,0,1,0
LN104108,46,208941.67,601,0.21,75983.88,Employed,Education,15,0,0,0
LN104109,36,310828.21,551,0.455,66558.05,Employed,Personal,15,0,2,0
LN104110,21,423801.24,736,0.242,124322.21,Employed,Home,8,0,1,0
LN104111,44,263442.71,616,0.196,44004.36,Self-employed,Home,10,0,1,1
LN104112,28,233813.87,651,0.633,108253.58,Contract,Vehicle,11,0,0,1
LN104113,68,273858.56,604,0.074,65458.61,Contract,Business,12,1,1,0
LN104114,35,298775.51,746,0.515,631133.7,Employed,Vehicle,10,2,2,0
LN104115,44,115192.74,714,0.232,60583.64,Employed,Vehicle,14,0,1,0
LN104116,21,386695.33,632,0.387,385652.96,Unemployed,Education,6,1,0,0
LN104117,27,234096.12,562,0.291,52424.38,Contract,Home,11,1,1,0
LN104118,31,600418.41,624,0.431,130488.41,Employed,Personal,9,0,1,0
LN104119,23,415242.17,693,0.265,152274.45,Contract,Vehicle,12,0,4,0
LN104120,56,570959.91,664,0.235,120617.86,Contract,Business,14,1,3,0
LN104121,67,172040.58,658,0.344,115901.52,Employed,Personal,1,0,1,1
LN104122,69,244574.46,666,0.401,192563.72,Employed,Personal,13,0,2,0
LN104123,34,151476.47,707,0.213,144281.97,Contract,Vehicle,13,1,0,1
LN104124,59,203553.18,647,0.205,98306.86,Self-employed,Home,13,3,3,0
LN104125,45,597312.52,684,0.467,70958.75,Self-employed,Home,4,1,3,0
LN104126,23,679870.47,576,0.22,98765.43,Unemployed,Business,9,0,1,0
LN104127,25,159542.31,842,0.265,97976.06,Contract,Business,1,1,1,0
LN104128,47,233161.13,629,0.431,96730.93,Employed,Home,0,2,0,0
LN104129,41,287687.51,665,0.403,115585.45,Employed,Business,9,0,2,0
LN104130,21,413999.84,692,0.518,44010.18,Contract,Personal,15,1,1,0
LN104131,66,113964.48,619,0.197,56404.8,Employed,Personal,3,1,0,1
LN104132,56,124229.72,651,0.299,188884.05,Employed,Business,12,0,2,0
LN104133,45,392712.13,650,0.327,25475.28,Contract,Business,1,1,4,0
LN104134,69,102699.91,581,0.465,239499.46,Self-employed,Education,1,2,0,0
LN104135,68,234638.0,683,0.101,76491.68,Employed,Education,9,0,0,1
LN104136,68,327973.55,526,0.102,325589.39,Employed,Personal,4,1,2,0
LN104137,33,377057.9,781,0.093,244085.96,Contract,Home,1,0,1,0
LN104138,64,277504.6,709,0.414,88914.07,Employed,Vehicle,14,1,0,0
LN104139,45,245332.95,698,0.428,95112.91,Employed,Personal,14,0,1,0
LN104140,56,477372.18,520,0.294,309853.6,Contract,Home,0,1,1,0
LN104141,63,350950.69,591,0.089,251660.92,Contract,Vehicle,15,0,1,0
LN104142,29,210171.39,754,0.641,207008.84,Employed,Vehicle,0,1,3,0
LN104143,42,306289.3,850,0.311,231413.16,Self-employed,Education,11,2,1,0
LN104144,27,370378.49,740,0.285,54249.36,Employed,Home,12,0,0,0
LN104145,34,771867.54,728,0.425,125703.2,Employed,Business,4,1,1,0
LN104146,41,462321.48,689,0.259,66668.7,Unemployed,Personal,2,2,1,0
LN104147,62,585103.49,586,0.205,53350.38,Employed,Home,9,1,0,0
LN104148,63,214422.51,725,0.15,122364.88,Self-employed,Vehicle,14,0,3,0
LN104149,40,224860.87,567,0.421,84055.95,Employed,Home,0,0,2,1
LN104150,37,263571.18,559,0.278,98732.89,Employed,Home,13,0,3,1
LN104151,47,277221.69,554,0.378,79476.2,Employed,Vehicle,9,1,1,0
LN104152,65,172322.68,723,0.411,48670.36,Employed,Vehicle,15,0,1,0
LN104153,68,601872.7,646,0.411,331423.12,Self-employed,Education,4,3,2,0
LN104154,32,487663.63,658,0.533,121725.39,Contract,Vehicle,10,0,1,0
LN104155,30,253575.0,649,0.33,43079.81,Contract,Vehicle,7,0,0,0
LN104156,55,426974.09,566,0.356,123811.65,Employed,Business,10,0,2,1
LN104157,35,339127.8,600,0.558,295711.33,Employed,Business,2,1,4,1
LN104158,30,445718.62,603,0.178,205131.91,Employed,Home,7,0,2,0
LN104159,22,143224.53,545,0.122,78516.66,Self-employed,Personal,15,0,1,0
LN104160,40,276903.45,612,0.451,79751.89,Contract,Home,13,2,2,1
LN104161,40,290574.87,569,0.413,59049.81,Self-employed,Personal,3,1,2,1
LN104162,48,422751.96,693,0.07,67898.6,Employed,Personal,0,0,0,0
LN104163,30,212330.03,700,0.244,71586.35,Self-employed,Personal,6,1,1,0
LN104164,56,75854.77,553,0.284,42355.73,Employed,Personal,3,0,3,1
LN104165,54,165479.55,628,0.455,82425.37,Employed,Business,4,0,0,1
LN104166,43,290094.31,789,0.363,137560.86,Employed,Home,2,1,1,0
LN104167,29,310728.27,576,0.153,84047.52,Employed,Personal,8,1,0,0
LN104168,45,757363.97,682,0.514,126692.14,Employed,Home,1,2,3,0
LN104169,54,413349.31,658,0.471,315682.5,Employed,Home,14,0,1,0
LN104170,39,313758.67,732,0.141,362731.48,Self-employed,Personal,0,0,1,0
LN104171,33,294702.77,672,0.666,105248.87,Employed,Vehicle,2,1,1,0
LN104172,45,550641.15,618,0.364,194921.86,Employed,Home,8,1,1,0
LN104173,38,216853.44,655,0.445,98707.43,Employed,Home,2,0,2,0
LN104174,40,277723.6,656,0.336,80106.92,Employed,Business,8,1,1,0
LN104175,38,164793.06,643,0.343,53225.83,Employed,Vehicle,1,0,0,0
LN104176,35,654702.41,551,0.392,116370.42,Employed,Vehicle,13,1,0,0
LN104177,56,372283.96,743,0.412,222589.41,Employed,Vehicle,9,0,0,0
LN104178,43,203292.26,730,0.497,48043.53,Self-employed,Business,4,0,1,1
LN104179,43,281697.05,572,0.381,91274.32,Employed,Home,9,0,1,0
LN104180,53,397061.19,627,0.311,88456.27,Self-employed,Education,8,0,0,0
LN104181,38,261356.94,633,0.212,129147.04,Employed,Education,13,0,0,1
LN104182,25,223592.15,563,0.105,130487.58,Self-employed,Personal,11,0,2,0
LN104183,62,209334.19,510,0.438,155973.09,Employed,Business,13,2,2,0
LN104184,23,361481.74,600,0.434,377480.47,Unemployed,Home,13,2,0,1
LN104185,49,246374.47,623,0.505,62468.23,Employed,Home,1,2,2,1
LN104186,34,233741.48,542,0.597,60276.14,Unemployed,Vehicle,12,0,0,1
LN104187,31,143875.52,663,0.244,129187.9,Employed,Vehicle,14,1,0,0
LN104188,23,313088.15,737,0.075,282803.04,Self-employed,Business,3,2,0,0
LN104189,65,271540.03,713,0.215,42518.3,Employed,Vehicle,13,0,0,0
LN104190,42,251357.41,640,0.193,136438.29,Employed,Business,9,1,0,0
LN104191,37,334657.07,512,0.556,96506.49,Employed,Home,10,1,1,0
LN104192,57,452679.21,704,0.271,191668.57,Employed,Home,11,1,1,0
LN104193,22,441264.07,661,0.801,165472.32,Employed,Personal,5,1,1,0
LN104194,48,406580.99,682,0.32,113524.23,Employed,Personal,14,1,1,0
LN104195,45,262805.4,795,0.4,151013.63,Employed,Home,11,0,2,0
LN104196,48,219627.6,588,0.462,71707.81,Self-employed,Business,7,2,0,1
LN104197,27,168954.4,434,0.059,185050.02,Employed,Home,9,1,2,0
LN104198,67,216490.44,571,0.024,270892.12,Self-employed,Business,15,0,3,0
LN104199,32,303259.85,686,0.171,117399.74,Contract,Home,5,0,0,0
LN104200,54,194673.76,652,0.389,84378.37,Employed,Home,14,1,1,1
LN104201,57,316275.57,559,0.249,100096.18,Contract,Business,0,1,2,1
LN104202,37,176404.79,544,0.223,183789.24,Employed,Home,12,0,0,0
LN104203,27,120329.88,623,0.505,107046.95,Employed,Education,9,0,1,0
LN104204,35,470810.58,557,0.196,50436.35,Contract,Personal,11,1,2,0
LN104205,60,231100.91,689,0.074,204250.76,Self-employed,Home,9,0,0,0
LN104206,65,189315.32,619,0.25,58069.31,Employed,Personal,7,0,0,1
LN104207,66,164377.65,603,0.15,144951.83,Employed,Education,2,0,0,0
LN104208,32,378589.41,593,0.339,32699.02,Employed,Vehicle,3,0,2,0
LN104209,50,639049.37,670,0.158,118011.06,Employed,Home,14,3,1,0
LN104210,28,240348.96,653,0.517,105223.63,Unemployed,Vehicle,6,0,1,0
LN104211,55,266459.59,665,0.479,30627.14,Contract,Vehicle,2,1,0,0
LN104212,41,540870.56,664,0.141,136566.24,Employed,Vehicle,2,0,3,0
LN104213,55,110834.42,645,0.105,53763.57,Employed,Personal,4,0,2,1
LN104214,54,884975.74,573,0.371,116229.78,Employed,Vehicle,11,1,0,0
LN104215,69,1150598.64,595,0.112,84171.22,Self-employed,Vehicle,5,0,1,0
LN104216,44,67714.26,620,0.314,42018.87,Employed,Personal,6,0,1,0
LN104217,37,284335.73,805,0.088,55743.37,Contract,Education,10,0,1,0
LN104218,46,202018.97,549,0.355,58719.95,Self-employed,Business,9,1,2,0
LN104219,28,259344.68,619,0.536,208314.45,Employed,Education,1,2,0,0
LN104220,26,238333.44,657,0.31,189380.93,Employed,Business,6,2,0,0
LN104221,46,468834.57,627,0.132,458017.0,Self-employed,Business,11,0,1,0
LN104222,61,281989.27,731,0.097,78866.83,Self-employed,Vehicle,11,1,1,0
LN104223,47,181777.52,627,0.35,77233.82,Employed,Personal,6,1,2,0
LN104224,59,272893.23,632,0.068,120078.75,Employed,Home,3,1,0,0
LN104225,29,398183.84,711,0.209,87318.04,Employed,Education,2,1,4,0
LN104226,43,156449.89,786,0.088,75325.17,Employed,Vehicle,1,1,1,0
LN104227,51,121310.57,756,0.061,113961.03,Self-employed,Education,1,0,0,0
LN104228,38,897659.67,640,0.014,173786.23,Employed,Home,15,1,1,0
LN104229,21,210702.63,646,0.371,27871.06,Contract,Business,6,0,2,0
LN104230,24,278171.64,654,0.124,75834.23,Employed,Home,5,3,0,0
LN104231,66,241047.74,661,0.285,44197.35,Contract,Personal,7,0,0,0
LN104232,50,405544.54,586,0.37,99533.09,Contract,Business,8,0,1,0
LN104233,33,795377.57,720,0.316,145720.42,Employed,Home,2,0,3,0
LN104234,33,412710.38,665,0.384,227350.43,Contract,Vehicle,14,0,0,0
LN104235,22,130149.22,647,0.225,82975.53,Self-employed,Education,7,1,0,0
LN104236,67,140122.16,555,0.318,117867.08,Contract,Business,8,1,0,0
LN104237,26,240892.76,655,0.624,36858.98,Employed,Business,8,0,4,0
LN104238,58,258851.42,508,0.53,62876.82,Contract,Vehicle,15,0,1,0
LN104239,32,116362.38,606,0.344,125854.02,Employed,Business,15,1,1,0
LN104240,37,470793.69,608,0.126,45473.1,Employed,Vehicle,2,0,2,0
LN104241,34,165059.53,672,0.376,245804.92,Unemployed,Vehicle,11,1,1,0
LN104242,61,682046.84,791,0.238,154588.39,Contract,Education,2,0,1,0
LN104243,22,816584.5,693,0.192,61099.42,Employed,Personal,0,1,0,0
LN104244,38,261711.57,759,0.195,41974.99,Employed,Home,8,1,1,0
LN104245,34,381922.39,698,0.372,68919.36,Unemployed,Personal,7,1,1,0
LN104246,34,152354.72,734,0.26,61308.74,Employed,Home,7,2,0,1
LN104247,30,422759.92,789,0.384,49870.61,Employed,Vehicle,0,1,0,0
LN104248,65,228098.29,595,0.21,44082.09,Employed,Business,10,0,1,0
LN104249,39,164976.5,590,0.454,94700.6,Employed,Personal,8,1,1,0
LN104250,41,255864.56,700,0.125,177053.13,Employed,Education,0,2,0,0
LN104251,39,232205.11,650,0.395,69288.36,Self-employed,Personal,5,0,0,0
LN104252,69,250872.49,667,0.399,146885.69,Employed,Vehicle,2,0,2,0
LN104253,37,505782.34,631,0.543,88894.27,Self-employed,Home,14,1,0,0
LN104254,37,194778.56,605,0.183,163773.8,Employed,Education,11,1,4,0
LN104255,37,779026.55,772,0.452,65974.61,Self-employed,Business,7,1,0,0
LN104256,37,144748.78,568,0.481,132042.63,Employed,Vehicle,1,2,0,1
LN104257,25,729434.17,701,0.206,118933.64,Self-employed,Home,13,1,1,0
LN104258,50,171520.3,689,0.205,266663.62,Contract,Personal,5,0,0,0
LN104259,22,299832.86,532,0.392,158168.9,Self-employed,Vehicle,9,0,0,0
LN104260,32,229103.67,588,0.229,129915.6,Employed,Vehicle,11,0,1,0
LN104261,30,248323.34,600,0.643,42311.25,Contract,Education,6,0,0,0
LN104262,35,466160.01,692,0.176,78184.31,Employed,Business,15,2,0,0
LN104263,58,684499.02,622,0.428,65380.34,Employed,Vehicle,3,1,1,0
LN104264,50,577420.67,644,0.116,64460.14,Contract,Home,5,0,1,0
LN104265,69,240113.44,541,0.364,111114.34,Employed,Education,2,0,1,0
LN104266,38,331995.98,824,0.322,128639.52,Employed,Education,5,1,1,0
LN104267,66,195124.86,655,0.402,131952.51,Contract,Home,12,0,2,1
LN104268,23,173891.2,687,0.269,249739.63,Employed,Education,7,1,1,0
LN104269,45,159703.18,609,0.523,150624.11,Contract,Education,14,0,1,0
LN104270,60,235831.4,601,0.545,49520.03,Employed,Personal,14,0,0,0
LN104271,47,344145.86,793,0.109,125478.19,Employed,Vehicle,5,0,0,0
LN104272,66,104824.15,506,0.458,160826.43,Employed,Vehicle,12,0,2,1
LN104273,36,292448.31,671,0.071,249860.62,Employed,Vehicle,7,0,3,0
LN104274,22,690624.52,559,0.118,99509.77,Contract,Personal,6,2,1,1
LN104275,58,556036.29,620,0.165,100140.73,Contract,Personal,4,0,0,0
LN104276,24,217441.8,602,0.208,221797.13,Employed,Vehicle,1,2,0,0
LN104277,58,139143.03,576,0.33,123539.33,Self-employed,Personal,7,1,2,1
LN104278,56,386328.92,653,0.198,38920.26,Employed,Vehicle,10,0,2,0
LN104279,62,83864.04,457,0.234,33855.92,Self-employed,Business,13,0,1,1
LN104280,44,552452.38,626,0.489,363938.67,Employed,Personal,6,0,2,1
LN104281,64,266749.33,643,0.379,36109.55,Employed,Home,2,1,0,0
LN104282,29,821389.69,548,0.342,98671.15,Employed,Home,7,0,1,1
LN104283,42,116041.91,763,0.343,195294.06,Employed,Home,4,2,0,0
LN104284,26,497085.93,605,0.12,34934.88,Employed,Home,14,0,2,0
LN104285,58,283866.09,632,0.269,54459.97,Employed,Education,11,1,1,1
LN104286,55,250060.95,606,0.048,48915.73,Unemployed,Home,14,1,1,0
LN104287,60,141227.01,644,0.035,354678.75,Employed,Personal,4,0,2,0
LN104288,58,416315.68,748,0.332,408413.65,Employed,Education,7,1,1,0
LN104289,36,435135.74,835,0.27,68256.23,Employed,Home,1,2,1,0
LN104290,24,800793.22,706,0.015,160317.18,Employed,Home,2,1,1,0
LN104291,66,522283.28,732,0.166,134386.63,Employed,Home,5,0,2,0
LN104292,45,216402.49,779,0.396,91648.88,Contract,Education,6,0,5,0
LN104293,25,172717.63,669,0.535,38209.17,Employed,Education,10,0,1,0
LN104294,66,141332.06,768,0.404,492912.65,Unemployed,Vehicle,3,0,2,0
LN104295,69,674556.79,709,0.37,33786.84,Employed,Home,15,1,1,0
LN104296,42,195544.23,661,0.286,126260.68,Contract,Business,12,0,1,0
LN104297,58,677160.89,676,0.348,72207.35,Employed,Vehicle,14,0,0,1
LN104298,22,400443.27,513,0.062,211816.48,Employed,Vehicle,4,1,0,0
LN104299,25,359685.15,672,0.376,190632.16,Contract,Vehicle,8,0,0,0
LN104300,34,253409.03,534,0.217,58221.32,Employed,Home,8,1,1,0
LN104301,53,431450.41,528,0.445,65818.3,Employed,Personal,12,2,1,1
LN104302,27,297458.15,664,0.528,40160.42,Self-employed,Personal,13,2,1,0
LN104303,22,244866.99,566,0.351,124848.52,Employed,Home,9,1,1,1
LN104304,53,439916.58,649,0.572,174609.25,Employed,Vehicle,15,0,3,1
LN104305,58,277160.79,660,0.365,82549.55,Contract,Education,7,0,0,0
LN104306,57,193387.96,664,0.085,93818.08,Self-employed,Vehicle,4,2,0,1
LN104307,60,417250.68,582,0.403,380155.63,Contract,Business,2,1,3,1
LN104308,60,289625.98,717,0.254,202155.02,Self-employed,Education,6,1,1,0
LN104309,50,392557.48,643,0.502,264152.72,Self-employed,Business,4,0,1,0
LN104310,46,233728.35,683,0.069,25614.31,Employed,Home,3,2,2,0
LN104311,62,154279.48,560,0.055,156985.77,Employed,Education,7,1,4,0
LN104312,38,779048.38,637,0.16,129524.81,Contract,Vehicle,4,0,3,0
LN104313,25,702340.8,732,0.086,48749.25,Contract,Business,15,0,0,0
LN104314,57,487779.86,723,0.471,55809.65,Self-employed,Education,4,0,1,1
LN104315,34,242375.12,590,0.457,95439.93,Contract,Personal,9,1,0,1
LN104316,68,254323.63,609,0.171,45978.93,Employed,Home,12,0,2,0
LN104317,41,641662.57,576,0.46,65452.53,Employed,Education,15,1,0,1
LN104318,62,246947.55,601,0.086,81487.11,Employed,Education,10,0,0,0
LN104319,23,211849.61,545,0.55,159695.34,Self-employed,Vehicle,4,1,2,1
LN104320,53,840092.11,640,0.409,69481.22,Employed,Personal,8,2,1,0
LN104321,42,292235.43,697,0.521,82251.04,Employed,Education,1,0,3,0
LN104322,43,793470.53,591,0.268,214068.98,Employed,Education,4,0,1,1
LN104323,33,139026.83,643,0.059,34942.79,Employed,Vehicle,15,0,1,0
LN104324,68,398929.28,633,0.292,127512.77,Employed,Personal,0,1,0,0
LN104325,40,937182.38,729,0.193,141683.09,Employed,Home,5,0,2,0
LN104326,62,304949.25,604,0.278,144231.41,Employed,Education,0,1,1,0
LN104327,41,259454.15,607,0.4,79408.05,Employed,Business,8,1,3,0
LN104328,23,157830.07,587,0.55,55054.27,Employed,Vehicle,12,1,1,1
LN104329,64,544066.32,565,0.156,295351.15,Employed,Business,1,0,1,0
LN104330,30,196411.52,690,0.496,63039.3,Employed,Business,2,1,1,0
LN104331,34,284757.45,640,0.116,53218.77,Contract,Vehicle,13,0,1,0
LN104332,63,152140.77,654,0.276,111453.91,Employed,Home,4,2,2,0
LN104333,64,706324.32,746,0.363,68036.94,Employed,Personal,0,3,1,0
LN104334,65,566212.47,750,0.031,217783.82,Contract,Business,1,1,1,0
LN104335,41,294833.52,527,0.664,92584.04,Employed,Vehicle,14,0,1,1
LN104336,58,159015.32,699,0.485,236935.55,Employed,Business,14,2,1,0
LN104337,37,698217.98,667,0.261,147257.67,Self-employed,Home,2,0,0,0
LN104338,57,245309.34,615,0.351,85468.13,Employed,Vehicle,4,1,2,0
LN104339,45,163354.03,675,0.424,226918.57,Unemployed,Business,2,1,0,0
LN104340,23,113819.92,521,0.172,72055.47,Employed,Vehicle,7,1,0,0
LN104341,41,210292.97,760,0.065,89334.46,Self-employed,Personal,13,2,1,0
LN104342,43,134791.82,689,0.468,155156.42,Contract,Home,12,1,2,1
LN104343,33,212986.98,585,0.409,127457.95,Contract,Vehicle,6,0,0,0
LN104344,39,451785.4,606,0.181,70993.2,Employed,Business,11,0,1,0
LN104345,45,244035.18,522,0.218,40522.31,Employed,Vehicle,4,1,2,0
LN104346,23,364823.56,626,0.289,108675.03,Employed,Personal,14,0,1,0
LN104347,28,201532.05,614,0.396,68569.89,Employed,Business,9,1,2,0
LN104348,58,310947.93,551,0.329,112140.23,Self-employed,Personal,14,1,0,0
LN104349,38,862881.98,708,0.032,83667.23,Employed,Business,4,0,1,0
LN104350,50,247674.44,746,0.142,68996.88,Employed,Business,15,0,1,0
LN104351,48,370635.34,648,0.322,92404.79,Self-employed,Home,4,1,1,0
LN104352,48,126816.67,627,0.297,104873.46,Employed,Personal,10,0,2,0
LN104353,41,692176.4,683,0.198,172817.58,Self-employed,Vehicle,0,1,1,1
LN104354,44,230746.3,649,0.215,144828.92,Employed,Personal,3,0,1,0
LN104355,61,534630.57,569,0.032,429170.98,Self-employed,Personal,8,1,1,1
LN104356,68,280348.46,601,0.746,120592.1,Employed,Vehicle,8,0,2,0
LN104357,33,419956.5,628,0.406,71028.07,Self-employed,Personal,2,0,0,0
LN104358,53,433910.94,669,0.344,98729.97,Employed,Vehicle,0,2,2,0
LN104359,68,233910.9,651,0.424,159156.9,Self-employed,Personal,13,0,0,0
LN104360,21,546935.57,666,0.376,211179.2,Employed,Vehicle,3,1,2,0
LN104361,59,197618.97,536,0.196,263074.14,Employed,Vehicle,12,3,1,0
LN104362,45,460193.15,700,0.076,56793.82,Self-employed,Personal,2,0,0,0
LN104363,68,242056.11,650,0.128,252880.85,Contract,Education,4,1,1,0
LN104364,49,363594.54,841,0.046,106758.25,Employed,Business,0,1,3,0
LN104365,62,232685.17,621,0.44,60217.46,Self-employed,Personal,8,1,2,0
LN104366,29,308360.41,674,0.581,96353.59,Employed,Business,8,0,0,0
LN104367,27,166118.43,850,0.412,241645.37,Self-employed,Personal,9,0,2,0
LN104368,66,343758.31,665,0.149,148073.6,Contract,Business,11,0,0,0
LN104369,46,307380.31,645,0.429,50031.46,Self-employed,Home,10,0,1,0
LN104370,48,222894.38,576,0.33,50275.97,Employed,Personal,3,0,0,0
LN104371,29,291056.41,765,0.498,49377.18,Employed,Home,6,2,2,0
LN104372,32,322945.94,563,0.671,68373.17,Employed,Education,1,1,0,0
LN104373,61,213745.51,682,0.224,115679.41,Employed,Business,10,1,0,0
LN104374,35,279489.65,614,0.104,52903.14,Self-employed,Personal,6,0,1,0
LN104375,49,172557.22,636,0.294,83268.33,Self-employed,Education,2,2,2,0
LN104376,36,1090002.91,543,0.25,273637.36,Self-employed,Personal,14,0,0,0
LN104377,33,537160.93,751,0.192,314837.2,Employed,Home,7,1,0,1
LN104378,29,348620.6,629,0.259,301354.71,Self-employed,Business,0,0,1,0
LN104379,66,571602.94,559,0.387,34253.64,Employed,Home,1,0,0,0
LN104380,67,101007.38,744,0.059,326490.16,Employed,Home,4,0,1,0
LN104381,26,73483.33,612,0.268,116755.69,Employed,Home,15,2,0,0
LN104382,38,240849.53,675,0.387,115718.52,Employed,Business,1,1,0,0
LN104383,48,140551.25,713,0.559,214705.52,Employed,Education,6,0,2,0
LN104384,39,263393.59,686,0.279,173769.34,Contract,Education,6,0,2,0
LN104385,56,335926.92,485,0.256,32649.83,Employed,Vehicle,9,0,1,1
LN104386,33,497706.45,702,0.195,73875.21,Employed,Home,9,2,1,0
LN104387,23,160410.68,642,0.025,86707.1,Employed,Home,7,1,0,0
LN104388,37,373747.09,625,0.087,46330.81,Employed,Home,12,0,2,0
LN104389,50,302383.72,642,0.474,210320.45,Employed,Education,0,1,2,0
LN104390,29,363185.09,529,0.389,280278.74,Self-employed,Home,6,2,0,1
LN104391,60,225407.06,664,0.123,109247.4,Employed,Vehicle,1,1,0,0
LN104392,21,641947.68,548,0.313,133561.99,Employed,Education,4,0,1,0
LN104393,24,283398.13,629,0.23,109196.25,Employed,Education,4,1,2,0
LN104394,45,795986.88,662,0.018,117322.91,Employed,Business,14,1,1,0
LN104395,46,194234.99,731,0.249,227459.83,Employed,Home,10,0,3,0
LN104396,35,451392.62,589,0.417,34914.64,Employed,Education,3,0,0,0
LN104397,33,290314.5,759,0.361,150874.37,Contract,Home,10,0,1,0
LN104398,24,250516.34,721,0.585,110850.81,Contract,Business,13,0,0,0
LN104399,53,424773.43,618,0.228,69180.83,Employed,Business,3,2,1,0
LN104400,39,254483.77,567,0.327,79305.0,Employed,Home,9,1,3,0
LN104401,26,69387.14,542,0.271,361955.47,Employed,Home,7,2,2,0
LN104402,40,60000.0,670,0.225,46414.17,Contract,Home,14,0,1,0
LN104403,66,604024.44,595,0.125,98584.91,Employed,Home,5,1,0,0
LN104404,33,590178.26,740,0.258,317236.25,Employed,Home,10,1,0,0
LN104405,64,847101.05,599,0.363,48177.69,Contract,Home,9,1,2,0
LN104406,33,297121.74,582,0.551,81775.11,Employed,Home,5,1,3,0
LN104407,30,147353.33,668,0.324,113067.1,Unemployed,Home,5,0,1,1
LN104408,33,238176.35,599,0.626,143841.15,Employed,Vehicle,13,1,1,0
LN104409,36,301890.98,651,0.287,104404.98,Employed,Vehicle,14,1,0,0
LN104410,26,172416.22,724,0.393,61466.61,Employed,Vehicle,4,2,1,0
LN104411,49,742853.29,659,0.214,147126.39,Contract,Business,7,0,1,0
LN104412,37,1028142.5,659,0.179,103037.04,Employed,Vehicle,2,1,0,0
LN104413,56,390269.24,665,0.592,165425.64,Employed,Vehicle,6,1,0,1
LN104414,45,298212.83,523,0.275,200513.49,Employed,Business,13,0,1,0
LN104415,42,147164.45,679,0.128,41863.93,Employed,Vehicle,11,2,3,0
LN104416,44,702272.23,662,0.647,215296.2,Self-employed,Home,7,0,1,0
LN104417,28,312858.57,717,0.284,93220.85,Employed,Personal,12,2,2,0
LN104418,55,255888.56,695,0.243,188080.0,Self-employed,Vehicle,8,0,1,1
LN104419,26,390890.79,635,0.073,151638.21,Self-employed,Education,7,1,6,0
LN104420,56,217378.73,727,0.025,367099.83,Employed,Personal,0,2,2,0
LN104421,69,325240.15,628,0.732,110448.08,Self-employed,Education,1,1,1,1
LN104422,58,135697.17,669,0.513,84633.08,Employed,Personal,8,2,1,0
LN104423,43,545487.79,627,0.458,78810.98,Contract,Vehicle,1,1,2,0
LN104424,36,283257.51,685,0.353,56057.01,Employed,Home,0,2,3,0
LN104425,63,567433.15,622,0.249,185999.99,Employed,Vehicle,5,1,3,0
LN104426,33,268582.35,774,0.326,53761.51,Contract,Vehicle,8,3,2,1
LN104427,44,278348.14,801,0.226,184942.27,Contract,Personal,11,4,3,0
LN104428,58,154008.51,716,0.312,95126.45,Employed,Personal,15,1,1,0
LN104429,66,455615.3,766,0.383,34966.27,Employed,Vehicle,10,0,1,0
LN104430,66,185317.49,535,0.348,289413.62,Contract,Business,15,0,1,1
LN104431,25,229579.68,543,0.413,12258.23,Contract,Vehicle,4,0,2,1
LN104432,65,300172.84,626,0.105,104306.86,Self-employed,Business,10,0,2,0
LN104433,26,320683.86,653,0.059,128066.99,Employed,Home,0,2,1,0
LN104434,49,117381.48,635,0.501,24570.56,Employed,Personal,2,1,6,0
LN104435,66,264235.1,527,0.584,146539.54,Unemployed,Personal,10,3,2,0
LN104436,53,464591.76,736,0.356,71173.33,Employed,Education,5,1,1,0
LN104437,67,243641.18,812,0.271,93591.84,Contract,Personal,9,1,3,0
LN104438,37,265119.33,746,0.357,263337.71,Employed,Education,15,3,0,0
LN104439,36,328030.24,731,0.412,120692.8,Self-employed,Personal,12,0,3,1
LN104440,36,279920.11,667,0.447,87585.39,Employed,Business,5,4,0,0
LN104441,38,170204.21,587,0.199,98463.08,Employed,Home,10,1,2,0
LN104442,54,294062.43,655,0.241,348956.62,Employed,Education,14,0,2,1
LN104443,43,518283.67,808,0.278,143090.74,Contract,Personal,3,0,0,0
LN104444,57,168281.08,624,0.591,61931.85,Self-employed,Vehicle,8,0,1,0
LN104445,41,244158.46,616,0.519,80083.85,Self-employed,Home,11,2,2,0
LN104446,36,140314.35,733,0.313,50751.13,Unemployed,Home,10,1,5,1
LN104447,30,503479.27,738,0.233,82012.26,Employed,Vehicle,7,1,0,0
LN104448,48,285141.48,586,0.127,312814.75,Contract,Personal,6,0,1,0
LN104449,65,187949.38,630,0.472,98727.49,Employed,Personal,9,1,1,0
LN104450,63,315616.72,612,0.067,46128.09,Employed,Home,7,2,1,0
LN104451,33,154748.68,655,0.65,145559.25,Employed,Education,5,1,1,0
LN104452,44,169925.47,733,0.372,85225.84,Unemployed,Home,13,0,3,0
LN104453,55,134385.03,590,0.493,158443.32,Self-employed,Business,12,2,1,0
LN104454,51,166843.11,732,0.513,93964.89,Employed,Personal,10,0,0,1
LN104455,24,632903.62,658,0.591,281436.28,Unemployed,Home,3,0,0,0
LN104456,49,200450.51,824,0.249,60859.05,Self-employed,Vehicle,8,3,0,0
LN104457,22,387690.09,674,0.283,51579.53,Self-employed,Business,3,0,0,0
LN104458,26,189391.57,643,0.489,202334.17,Employed,Education,2,1,0,0
LN104459,53,455559.36,693,0.371,29909.29,Employed,Vehicle,3,0,0,0
LN104460,26,170619.75,625,0.356,98368.83,Employed,Education,2,0,5,0
LN104461,37,306542.94,515,0.108,185096.92,Self-employed,Vehicle,12,1,2,0
LN104462,49,308848.45,632,0.32,26420.04,Employed,Business,8,1,0,0
LN104463,53,1079308.04,631,0.058,114720.46,Employed,Business,11,1,0,0
LN104464,42,424332.09,531,0.071,41600.57,Employed,Home,15,0,3,0
LN104465,25,216520.51,645,0.46,33159.58,Employed,Personal,4,0,0,0
LN104466,60,437273.74,495,0.317,55015.7,Contract,Personal,3,4,2,0
LN104467,67,972410.88,624,0.36,97638.83,Employed,Home,2,0,2,0
LN104468,64,122423.04,668,0.376,69523.25,Employed,Business,0,1,1,0
LN104469,57,188748.86,657,0.57,225895.78,Employed,Vehicle,0,0,1,0
LN104470,40,263351.28,619,0.272,116051.2,Employed,Vehicle,9,1,0,0
LN104471,63,238503.49,644,0.183,80050.6,Employed,Business,10,0,1,0
LN104472,44,249826.4,591,0.476,46948.1,Employed,Personal,4,0,1,0
LN104473,27,146416.42,651,0.114,127249.7,Employed,Vehicle,8,1,2,0
LN104474,62,649341.2,654,0.399,419374.65,Employed,Education,3,0,1,0
LN104475,36,137187.38,582,0.215,69657.1,Contract,Personal,11,1,0,0
LN104476,66,268718.79,670,0.174,75178.98,Employed,Personal,11,0,2,1
LN104477,39,533249.44,670,0.354,55202.92,Employed,Home,11,0,0,0
LN104478,63,295060.61,638,0.261,237506.97,Self-employed,Personal,8,1,2,0
LN104479,47,175057.71,832,0.144,200945.55,Employed,Business,13,0,3,0
LN104480,43,142880.82,639,0.164,82302.72,Self-employed,Personal,1,0,1,1
LN104481,35,264352.36,629,0.29,74522.54,Self-employed,Vehicle,6,1,1,0
LN104482,61,197831.61,618,0.687,59559.5,Self-employed,Business,1,1,0,0
LN104483,23,335848.3,577,0.211,91142.83,Employed,Home,13,1,1,0
LN104484,43,138793.1,701,0.304,213449.81,Employed,Personal,1,0,2,0
LN104485,39,469163.88,599,0.336,113009.47,Unemployed,Vehicle,6,0,2,0
LN104486,47,319684.54,607,0.183,254029.68,Contract,Business,2,1,1,0
LN104487,33,333016.65,610,0.476,68880.67,Self-employed,Business,11,0,2,0
LN104488,53,662734.66,576,0.275,24464.28,Employed,Business,6,2,0,0
LN104489,39,235802.58,519,0.291,598213.91,Employed,Vehicle,8,1,2,0
LN104490,30,201257.12,615,0.46,126464.22,Self-employed,Personal,15,1,2,0
LN104491,30,221963.39,716,0.286,182458.43,Employed,Vehicle,14,0,2,1
LN104492,55,269857.18,665,0.622,65930.12,Unemployed,Vehicle,6,0,1,0
LN104493,33,285360.07,767,0.355,45368.92,Unemployed,Business,5,0,2,0
LN104494,36,189976.18,706,0.406,121640.12,Employed,Personal,4,2,2,1
LN104495,51,98601.41,689,0.697,30140.86,Employed,Personal,11,2,2,0
LN104496,37,220361.97,791,0.652,92470.58,Employed,Home,15,0,1,0
LN104497,40,365653.66,643,0.046,213787.56,Employed,Education,9,1,0,0
LN104498,32,323346.51,655,0.324,147228.58,Employed,Home,9,0,2,0
LN104499,37,580295.49,649,0.364,129822.31,Self-employed,Home,15,1,0,0
LN104500,54,879452.96,766,0.02,341692.42,Employed,Business,3,1,0,0
LN104501,47,455509.26,650,0.093,140393.98,Employed,Education,1,1,1,0
LN104502,69,641730.75,601,0.121,31899.92,Employed,Home,1,1,0,0
LN104503,58,457377.16,694,0.105,99841.59,Employed,Education,9,0,0,0
LN104504,21,768335.94,589,0.33,384497.4,Employed,Vehicle,14,0,1,0
LN104505,39,830270.85,690,0.299,89958.32,Contract,Home,3,0,2,0
LN104506,35,506195.68,681,0.419,369497.06,Employed,Personal,11,0,1,0
LN104507,49,442434.11,636,0.297,213972.83,Contract,Home,14,1,0,0
LN104508,34,267977.97,692,0.187,84349.69,Employed,Home,14,1,2,0
LN104509,68,293256.3,538,0.392,54497.66,Self-employed,Vehicle,12,0,2,0
LN104510,35,249129.28,662,0.325,137196.1,Employed,Personal,5,1,2,0
LN104511,46,422196.51,615,0.263,251214.05,Employed,Home,10,0,2,0
LN104512,27,201863.36,850,0.493,39423.63,Employed,Vehicle,8,0,2,1
LN104513,65,270068.08,662,0.219,118953.45,Self-employed,Business,7,0,2,0
LN104514,65,82141.14,605,0.247,29182.76,Employed,Education,11,1,0,0
LN104515,59,773930.38,547,0.292,88212.28,Employed,Home,10,0,1,1
LN104516,38,265740.82,748,0.271,37521.12,Employed,Business,12,0,0,0
LN104517,23,385426.96,624,0.449,158528.38,Self-employed,Education,8,0,0,0
LN104518,55,668853.57,591,0.195,70290.15,Employed,Personal,10,1,1,1
LN104519,42,353875.04,675,0.515,233505.11,Employed,Home,4,0,2,0
LN104520,69,663926.54,699,0.272,77413.47,Self-employed,Home,7,3,2,1
LN104521,55,151536.52,698,0.548,72963.43,Employed,Home,13,1,1,0
LN104522,47,1121407.19,651,0.093,38498.63,Employed,Education,12,1,0,0
LN104523,69,545494.7,662,0.449,141834.78,Employed,Vehicle,8,0,0,0
LN104524,60,336582.69,667,0.448,151463.7,Employed,Vehicle,9,0,0,1
LN104525,43,656929.11,675,0.25,202616.33,Unemployed,Vehicle,4,0,1,0
LN104526,21,157753.44,682,0.1,168403.22,Self-employed,Vehicle,6,0,1,0
LN104527,25,255965.92,732,0.258,142780.1,Contract,Vehicle,10,1,2,0
LN104528,42,663892.47,654,0.43,162030.34,Self-employed,Home,1,1,1,0
LN104529,48,107436.44,589,0.235,173022.33,Employed,Education,0,0,2,0
LN104530,22,408313.09,639,0.144,198434.15,Unemployed,Business,9,0,1,0
LN104531,27,402010.96,707,0.289,40754.18,Employed,Business,11,0,1,0
LN104532,55,886123.8,516,0.478,81475.2,Contract,Home,15,0,2,1
LN104533,57,125606.88,516,0.074,38301.65,Employed,Vehicle,7,2,0,1
LN104534,22,727111.3,719,0.182,136505.83,Self-employed,Vehicle,1,0,0,0
LN104535,45,220538.78,764,0.338,317333.74,Unemployed,Education,10,2,3,1
LN104536,24,234610.64,555,0.15,196980.01,Contract,Vehicle,4,1,3,0
LN104537,56,153190.17,658,0.305,74135.63,Contract,Business,2,1,0,1
LN104538,61,164920.55,620,0.744,152780.03,Contract,Business,9,0,1,1
LN104539,63,374547.93,630,0.798,138005.22,Employed,Vehicle,11,0,3,0
LN104540,50,162714.95,673,0.397,127998.0,Employed,Vehicle,0,0,2,1
LN104541,51,450761.72,553,0.291,47148.66,Employed,Education,11,0,2,0
LN104542,66,208335.79,567,0.558,258609.32,Employed,Personal,9,2,0,1
LN104543,51,153947.85,627,0.293,51147.91,Employed,Personal,11,0,2,0
LN104544,42,224412.85,639,0.336,86669.07,Employed,Home,10,0,1,0
LN104545,57,361033.74,566,0.028,205187.16,Contract,Home,7,2,1,0
LN104546,49,257556.26,709,0.541,86293.98,Self-employed,Personal,5,0,1,0
LN104547,62,305698.11,619,0.188,115818.74,Employed,Education,10,0,1,0
LN104548,46,439965.62,618,0.549,118893.05,Self-employed,Personal,3,1,2,1
LN104549,63,544089.78,671,0.153,114815.22,Self-employed,Vehicle,8,0,1,0
LN104550,23,252959.67,640,0.227,118541.88,Contract,Home,12,2,1,0
LN104551,22,168925.94,713,0.181,126409.61,Employed,Home,3,0,4,0
LN104552,25,312822.03,580,0.141,115473.04,Self-employed,Personal,1,1,0,0
LN104553,48,388634.67,545,0.282,61461.64,Employed,Vehicle,0,1,1,0
LN104554,55,134341.3,627,0.531,40163.27,Contract,Home,8,0,1,0
LN104555,31,183818.33,655,0.065,210453.38,Contract,Vehicle,6,0,0,0
LN104556,28,201992.32,557,0.259,216791.61,Employed,Business,10,0,2,0
LN104557,63,267596.51,546,0.379,136980.44,Employed,Education,13,0,2,0
LN104558,57,197396.39,664,0.276,136238.93,Employed,Business,15,2,3,1
LN104559,52,442594.89,593,0.277,60679.63,Employed,Business,5,0,0,1
LN104560,44,124084.06,541,0.399,22542.44,Employed,Home,1,1,2,0
LN104561,41,125830.68,722,0.166,93581.51,Contract,Business,11,0,1,0
LN104562,22,249670.89,603,0.087,32046.93,Employed,Vehicle,0,1,1,1
LN104563,30,272373.27,736,0.512,124007.27,Employed,Personal,10,2,0,0
LN104564,64,134791.39,652,0.433,256784.15,Self-employed,Vehicle,4,2,2,0
LN104565,37,214878.04,672,0.066,73699.08,Self-employed,Personal,5,0,2,0
LN104566,55,240617.46,634,0.129,76502.88,Employed,Personal,1,0,1,0
LN104567,55,241644.73,451,0.277,57207.92,Contract,Home,0,1,2,1
LN104568,36,326136.92,565,0.305,113209.97,Self-employed,Vehicle,3,1,2,0
LN104569,31,208494.8,641,0.081,107649.51,Employed,Home,6,1,2,0
LN104570,54,676270.02,677,0.526,56715.38,Employed,Home,4,1,1,0
LN104571,25,392405.22,516,0.114,199069.46,Self-employed,Education,6,0,2,0
LN104572,45,192456.48,646,0.077,637159.96,Employed,Personal,1,0,2,0
LN104573,64,316006.82,566,0.189,238385.38,Employed,Vehicle,2,0,1,0
LN104574,55,321176.53,668,0.242,102369.38,Employed,Home,11,0,1,0
LN104575,58,585156.47,649,0.443,101578.08,Contract,Business,13,0,0,0
LN104576,25,215631.76,706,0.441,78780.61,Self-employed,Education,11,0,4,0
LN104577,30,457519.16,730,0.479,77732.07,Contract,Personal,15,1,2,1
LN104578,34,306986.09,684,0.284,205055.81,Employed,Home,11,0,4,0
LN104579,35,681396.29,715,0.307,210943.41,Contract,Personal,1,0,0,0
LN104580,30,610191.46,624,0.313,51433.32,Employed,Personal,11,1,1,0
LN104581,68,334327.51,850,0.26,139572.67,Unemployed,Home,3,0,1,0
LN104582,29,259699.98,559,0.165,226492.51,Employed,Education,12,0,1,1
LN104583,55,396396.8,610,0.037,87607.1,Self-employed,Home,10,0,1,0
LN104584,49,271655.57,718,0.568,95869.07,Contract,Home,13,3,1,0
LN104585,50,755931.97,706,0.138,172926.92,Contract,Personal,15,0,3,0
LN104586,31,313231.03,687,0.316,176152.84,Employed,Personal,11,0,0,0
LN104587,36,240009.63,701,0.285,145382.51,Employed,Education,14,4,0,0
LN104588,50,232989.68,494,0.288,129765.51,Self-employed,Education,8,0,1,0
LN104589,35,153947.7,769,0.214,141607.95,Employed,Education,14,1,0,0
LN104590,55,407438.5,635,0.35,91832.3,Employed,Education,1,0,1,0
LN104591,22,191096.08,743,0.561,53195.03,Employed,Vehicle,7,1,3,0
LN104592,24,548816.43,497,0.381,39992.06,Employed,Vehicle,12,0,3,0
LN104593,56,147329.0,669,0.408,161999.83,Employed,Vehicle,15,1,0,0
LN104594,51,321746.92,608,0.093,118014.61,Employed,Business,13,0,2,0
LN104595,23,564762.64,693,0.61,147904.69,Employed,Vehicle,5,1,3,0
LN104596,65,91839.88,674,0.356,64181.1,Employed,Vehicle,10,0,2,0
LN104597,21,910349.44,677,0.453,117584.97,Unemployed,Education,1,0,3,0
LN104598,67,237430.66,571,0.26,115768.95,Employed,Personal,1,1,3,0
LN104599,56,324207.89,646,0.805,252607.05,Contract,Personal,11,1,1,0
LN104600,69,410788.94,636,0.374,191353.23,Unemployed,Personal,5,0,2,0
LN104601,67,447265.98,687,0.168,67999.89,Employed,Vehicle,8,1,0,0
LN104602,36,348772.08,724,0.113,152694.59,Self-employed,Home,3,0,2,0
LN104603,58,519228.47,661,0.058,67694.23,Employed,Personal,12,4,1,0
LN104604,31,399123.69,554,0.41,20126.62,Employed,Business,1,0,0,0
LN104605,44,790185.01,658,0.231,337764.38,Employed,Business,9,2,1,0
LN104606,32,399839.26,846,0.46,86209.12,Employed,Business,10,0,1,1
LN104607,44,883889.46,773,0.514,216184.32,Contract,Vehicle,13,1,2,0
LN104608,63,492441.58,427,0.234,71565.09,Employed,Home,4,1,0,0
LN104609,42,111121.02,655,0.096,65085.64,Employed,Personal,5,0,2,0
LN104610,25,1261288.31,720,0.618,77107.07,Self-employed,Personal,8,1,2,0
LN104611,36,218742.06,636,0.245,129632.36,Employed,Vehicle,4,3,1,0
LN104612,59,682888.56,615,0.479,123343.81,Employed,Personal,11,1,0,0
LN104613,46,304453.65,630,0.189,152015.61,Employed,Business,12,0,3,0
LN104614,48,537743.73,691,0.103,79665.81,Employed,Home,12,0,1,0
LN104615,42,205432.82,564,0.356,112928.85,Employed,Vehicle,7,0,4,0
LN104616,35,423241.09,739,0.289,63587.64,Employed,Vehicle,10,0,2,0
LN104617,50,261001.9,646,0.355,285866.24,Employed,Home,2,0,1,0
LN104618,52,714965.43,580,0.162,46823.25,Employed,Personal,3,0,1,0
LN104619,65,381858.44,734,0.195,64469.96,Employed,Personal,6,2,0,0
LN104620,51,501975.31,534,0.635,83534.07,Employed,Home,3,1,0,0
LN104621,69,91244.27,608,0.603,519717.85,Employed,Business,12,1,2,1
LN104622,61,286207.62,607,0.271,181076.71,Employed,Vehicle,4,0,1,1
LN104623,24,375998.77,811,0.078,63158.9,Employed,Education,14,2,4,0
LN104624,40,339261.32,599,0.196,187711.19,Contract,Personal,6,1,1,0
LN104625,39,508985.2,488,0.276,153817.96,Employed,Business,12,1,0,0
LN104626,21,245313.05,606,0.482,131422.1,Employed,Vehicle,1,0,0,0
LN104627,29,308158.85,684,0.26,172907.97,Employed,Education,11,0,1,0
LN104628,58,574475.35,709,0.332,114231.47,Employed,Personal,7,0,0,0
LN104629,38,85670.07,821,0.218,122915.72,Contract,Business,12,1,2,0
LN104630,28,414853.42,756,0.162,40088.02,Self-employed,Personal,2,2,2,0
LN104631,35,249671.44,664,0.513,281039.34,Employed,Business,3,1,1,0
LN104632,34,181636.51,583,0.814,82236.73,Employed,Home,13,0,2,1
LN104633,29,361001.39,772,0.593,49219.19,Employed,Vehicle,9,2,2,0
LN104634,25,589267.76,622,0.288,79254.96,Self-employed,Vehicle,8,2,2,0
LN104635,58,531291.9,601,0.397,81356.85,Unemployed,Education,9,1,0,0
LN104636,61,278514.55,619,0.088,65344.77,Self-employed,Personal,5,0,1,1
LN104637,45,485626.59,556,0.232,182354.54,Employed,Education,15,2,5,1
LN104638,51,483581.48,615,0.179,207204.43,Employed,Home,8,0,2,0
LN104639,66,285924.64,633,0.373,30784.17,Employed,Personal,0,0,2,0
LN104640,62,204913.55,705,0.217,78718.33,Employed,Home,4,0,3,0
LN104641,22,211537.81,621,0.284,82472.29,Contract,Home,15,0,4,0
LN104642,67,475611.72,555,0.293,98355.25,Employed,Personal,7,0,1,0
LN104643,24,293125.76,530,0.076,333481.18,Unemployed,Personal,11,1,1,0
LN104644,22,168743.91,666,0.257,64822.6,Employed,Vehicle,0,2,1,0
LN104645,40,118760.39,655,0.129,303702.39,Employed,Education,0,2,0,1
LN104646,57,474039.08,608,0.26,100027.4,Self-employed,Education,3,0,1,0
LN104647,24,222083.7,615,0.447,305546.93,Employed,Home,8,2,1,0
LN104648,35,359781.08,679,0.216,89869.48,Employed,Education,9,0,1,0
LN104649,33,593253.19,754,0.342,83281.57,Employed,Home,1,1,1,1
LN104650,40,146039.04,591,0.208,108393.28,Employed,Personal,14,1,1,0
LN104651,69,292644.02,657,0.077,254790.93,Employed,Personal,9,1,1,0
LN104652,37,273117.11,722,0.271,121922.55,Unemployed,Vehicle,5,0,0,0
LN104653,31,369681.22,592,0.162,126026.79,Contract,Vehicle,7,1,1,0
LN104654,26,593074.77,649,0.139,166389.91,Self-employed,Home,8,0,1,0
LN104655,30,144399.53,647,0.11,62094.67,Employed,Business,12,0,1,0
LN104656,27,410416.03,552,0.347,136910.53,Employed,Business,1,1,2,0
LN104657,49,529069.9,663,0.576,73126.01,Self-employed,Personal,9,3,1,0
LN104658,41,270771.45,652,0.635,286232.05,Employed,Education,8,3,1,0
LN104659,45,278157.26,692,0.177,144403.39,Employed,Personal,12,1,0,0
LN104660,61,377635.57,561,0.141,172561.31,Employed,Education,5,0,2,0
LN104661,49,362647.71,651,0.406,29221.88,Employed,Vehicle,5,0,1,0
LN104662,28,413259.78,754,0.354,174139.4,Employed,Vehicle,12,0,2,0
LN104663,39,408497.9,806,0.32,98010.92,Employed,Vehicle,13,1,2,0
LN104664,36,174809.66,746,0.46,43221.05,Self-employed,Vehicle,13,0,1,0
LN104665,61,517199.69,562,0.494,117005.03,Employed,Vehicle,13,0,1,0
LN104666,36,569929.81,684,0.261,41000.87,Employed,Vehicle,1,1,1,0
LN104667,27,332329.87,614,0.277,163636.74,Employed,Education,10,2,1,0
LN104668,57,131893.8,671,0.2,279376.84,Self-employed,Home,11,0,0,0
LN104669,41,281652.02,592,0.156,34350.29,Employed,Home,4,0,1,0
LN104670,25,333854.65,521,0.599,107877.06,Contract,Personal,7,0,2,0
LN104671,54,159852.63,624,0.344,98820.14,Employed,Education,15,0,1,1
LN104672,31,246092.27,704,0.244,30182.41,Employed,Vehicle,2,1,2,0
LN104673,63,138189.97,672,0.314,199578.57,Employed,Business,13,0,2,0
LN104674,61,418967.44,680,0.366,165205.83,Employed,Education,5,2,1,1
LN104675,39,328671.21,666,0.23,410525.42,Employed,Vehicle,13,2,0,0
LN104676,48,121340.63,680,0.164,151864.58,Employed,Home,8,0,0,0
LN104677,48,363976.08,690,0.077,62123.88,Employed,Vehicle,0,0,0,0
LN104678,53,290819.43,629,0.205,153668.66,Employed,Vehicle,1,1,1,1
LN104679,24,398540.98,656,0.158,253561.14,Employed,Business,13,1,1,0
LN104680,36,241879.49,781,0.381,81313.74,Employed,Business,12,2,2,0
LN104681,29,193053.78,661,0.294,191435.22,Self-employed,Vehicle,3,0,1,0
LN104682,55,196334.13,653,0.639,23802.47,Self-employed,Vehicle,10,0,1,1
LN104683,24,223137.65,658,0.478,286940.23,Employed,Home,8,3,1,0
LN104684,46,303122.28,634,0.189,185069.71,Unemployed,Personal,0,1,1,1
LN104685,56,325433.99,617,0.433,21044.52,Employed,Business,11,0,2,1
LN104686,67,270125.47,666,0.484,141063.03,Contract,Vehicle,2,3,2,1
LN104687,35,237687.49,612,0.317,30242.65,Unemployed,Business,6,0,1,0
LN104688,21,247277.37,639,0.354,73941.56,Employed,Vehicle,0,0,0,0
LN104689,56,1191574.84,591,0.218,171013.86,Employed,Personal,3,0,0,0
LN104690,21,196347.03,658,0.158,100691.7,Contract,Home,14,1,1,0
LN104691,24,220720.65,694,0.106,248956.62,Employed,Education,8,0,1,0
LN104692,69,1800000.0,634,0.152,114652.74,Employed,Personal,11,0,1,1
LN104693,63,378168.47,499,0.126,107354.67,Contract,Personal,4,0,1,0
LN104694,55,140441.79,694,0.136,224640.64,Employed,Personal,0,0,5,0
LN104695,61,476877.88,659,0.155,88326.71,Employed,Home,9,0,0,0
LN104696,24,181864.35,576,0.153,108215.25,Employed,Vehicle,3,1,1,0
LN104697,25,494608.38,708,0.036,117897.46,Contract,Personal,1,0,2,0
LN104698,35,267134.75,545,0.196,105278.0,Employed,Education,7,0,1,0
LN104699,22,235543.3,728,0.165,233836.47,Contract,Business,6,0,1,0
LN104700,64,726924.93,646,0.18,71311.61,Employed,Personal,1,0,2,0
LN104701,23,409650.03,480,0.497,64121.6,Self-employed,Education,9,1,0,0
LN104702,47,512308.34,663,0.211,55168.28,Employed,Education,7,5,2,0
LN104703,62,381071.99,620,0.395,27338.32,Employed,Personal,15,0,2,0
LN104704,57,234941.84,608,0.113,288562.79,Employed,Home,1,1,0,0
LN104705,32,419904.54,595,0.346,61250.32,Employed,Vehicle,7,1,0,1
LN104706,44,583387.1,640,0.53,94197.48,Employed,Home,12,0,2,0
LN104707,47,323076.26,614,0.076,302829.92,Self-employed,Vehicle,6,1,2,0
LN104708,58,808100.08,511,0.43,100308.84,Employed,Personal,3,0,1,1
LN104709,41,478928.08,745,0.247,153675.5,Self-employed,Education,15,0,1,1
LN104710,34,337097.73,632,0.454,43688.95,Contract,Business,5,2,0,0
LN104711,59,344502.06,595,0.403,272983.34,Self-employed,Business,14,1,2,1
LN104712,64,323520.63,565,0.49,101640.46,Contract,Personal,13,0,2,1
LN104713,44,150746.73,708,0.468,56746.22,Employed,Personal,10,0,3,0
LN104714,22,285500.21,553,0.233,56719.31,Contract,Home,12,0,1,0
LN104715,45,338808.5,660,0.282,329957.77,Self-employed,Vehicle,8,0,1,0
LN104716,64,238635.11,606,0.084,75148.43,Employed,Personal,10,0,1,0
LN104717,69,361226.37,611,0.286,57552.29,Self-employed,Vehicle,4,1,0,0
LN104718,40,303536.42,567,0.534,83012.0,Self-employed,Vehicle,0,1,0,0
LN104719,28,459120.64,603,0.547,113292.44,Self-employed,Business,9,3,0,1
LN104720,49,432029.68,651,0.292,121408.76,Employed,Personal,12,0,0,0
LN104721,61,328887.84,668,0.682,146835.48,Employed,Home,13,0,1,0
LN104722,67,141431.48,591,0.393,128133.8,Contract,Personal,12,2,1,0
LN104723,23,803261.23,643,0.149,167522.98,Unemployed,Personal,15,1,3,0
LN104724,35,277478.21,717,0.149,92129.49,Employed,Business,9,0,1,0
LN104725,44,286946.25,525,0.549,423010.51,Employed,Personal,2,0,0,1
LN104726,25,248488.36,650,0.07,80077.45,Employed,Home,3,0,0,0
LN104727,64,229328.64,579,0.458,264948.73,Self-employed,Personal,4,1,1,0
LN104728,26,701355.16,571,0.36,74524.08,Employed,Personal,15,1,3,0
LN104729,53,642975.65,670,0.167,43485.68,Unemployed,Vehicle,14,0,0,0
LN104730,66,383062.76,609,0.826,37220.99,Employed,Personal,11,0,1,0
LN104731,54,282776.66,559,0.267,134027.95,Employed,Education,13,1,2,0
LN104732,58,421701.35,749,0.23,234101.25,Employed,Business,5,0,3,0
LN104733,33,312426.99,719,0.268,52055.81,Employed,Business,11,1,1,0
LN104734,61,270199.31,505,0.378,62184.7,Employed,Vehicle,2,1,0,0
LN104735,41,361311.6,539,0.613,141381.75,Self-employed,Vehicle,1,1,1,0
LN104736,24,235366.93,695,0.122,109818.4,Employed,Home,10,2,4,0
LN104737,38,344649.45,629,0.304,75174.32,Employed,Vehicle,11,0,0,0
LN104738,38,335661.76,763,0.346,47892.55,Employed,Vehicle,9,1,1,0
LN104739,46,417964.83,696,0.135,134475.16,Employed,Education,7,0,2,0
LN104740,33,213418.95,672,0.341,168154.94,Employed,Home,9,0,2,0
LN104741,43,443349.09,573,0.223,151429.1,Employed,Personal,5,2,1,0
LN104742,41,182237.57,687,0.136,111912.15,Self-employed,Home,4,0,0,0
LN104743,37,218956.0,554,0.54,55382.97,Employed,Vehicle,4,0,0,1
LN104744,55,224275.16,748,0.488,134954.93,Self-employed,Home,5,1,1,0
LN104745,35,166359.98,682,0.293,128556.52,Employed,Vehicle,5,0,1,0
LN104746,58,524474.46,588,0.183,46847.17,Employed,Home,2,0,2,0
LN104747,33,176056.26,710,0.282,90374.16,Employed,Business,8,0,1,0
LN104748,63,204256.89,818,0.057,139583.09,Employed,Vehicle,6,1,0,0
LN104749,38,598398.38,634,0.547,104545.68,Employed,Business,2,1,0,0
LN104750,22,219195.05,691,0.132,30757.48,Contract,Home,14,1,3,0
LN104751,28,270508.63,618,0.242,72548.14,Employed,Home,8,0,1,0
LN104752,60,171943.6,656,0.336,69478.03,Employed,Personal,2,2,1,0
LN104753,63,474331.12,537,0.665,158225.52,Unemployed,Education,0,1,0,0
LN104754,31,477941.05,650,0.41,595516.79,Employed,Home,1,1,0,0
LN104755,50,450430.02,653,0.398,120007.92,Self-employed,Home,6,1,0,0
LN104756,49,403196.44,785,0.545,50491.33,Self-employed,Business,3,1,1,0
LN104757,27,312391.27,515,0.265,99102.18,Employed,Vehicle,15,0,0,0
LN104758,43,224836.91,629,0.355,110763.01,Employed,Vehicle,7,1,1,0
LN104759,54,191626.73,747,0.269,179875.94,Contract,Business,11,1,2,0
LN104760,68,609860.67,632,0.692,246622.69,Employed,Personal,3,1,0,0
LN104761,62,456881.85,637,0.427,271684.63,Employed,Personal,1,0,0,0
LN104762,25,204888.34,588,0.157,155972.44,Employed,Education,5,0,0,0
LN104763,32,306644.76,580,0.639,109943.34,Employed,Personal,11,1,0,0
LN104764,42,254352.01,513,0.179,288499.01,Contract,Education,12,3,1,1
LN104765,28,161300.1,603,0.112,87759.84,Contract,Home,3,0,1,0
LN104766,48,330792.32,576,0.535,113965.08,Contract,Education,4,1,0,1
LN104767,21,238712.88,659,0.437,93901.49,Employed,Business,7,4,2,0
LN104768,26,177662.79,591,0.389,27526.27,Unemployed,Vehicle,5,0,1,0
LN104769,23,132988.09,614,0.357,251419.42,Self-employed,Education,4,1,2,0
LN104770,35,126936.96,616,0.444,170642.01,Employed,Vehicle,15,2,1,0
LN104771,58,244569.15,646,0.426,23569.99,Self-employed,Personal,14,0,0,1
LN104772,29,286282.83,610,0.217,210949.87,Self-employed,Personal,5,1,0,0
LN104773,69,185372.45,570,0.554,90309.81,Employed,Education,0,1,0,0
LN104774,34,429099.64,656,0.538,209146.57,Employed,Home,5,0,1,0
LN104775,23,289377.45,730,0.206,115554.69,Employed,Vehicle,14,1,1,0
LN104776,37,412018.97,660,0.492,45522.64,Employed,Vehicle,14,1,1,0
LN104777,57,271288.15,604,0.302,111900.51,Employed,Personal,11,3,0,0
LN104778,26,194584.75,641,0.465,61343.32,Employed,Vehicle,10,1,0,0
LN104779,24,319432.87,496,0.071,49680.13,Employed,Vehicle,5,1,1,0
LN104780,62,149801.56,640,0.533,193262.47,Self-employed,Vehicle,7,0,2,0
LN104781,50,403619.93,620,0.147,141880.48,Self-employed,Vehicle,14,0,0,0
LN104782,37,179172.75,580,0.227,291167.9,Employed,Personal,3,0,1,0
LN104783,58,497109.52,594,0.315,85125.8,Employed,Personal,6,1,2,0
LN104784,62,249044.55,619,0.28,58826.54,Self-employed,Personal,14,0,1,0
LN104785,38,538170.76,724,0.402,166617.91,Employed,Home,11,0,3,0
LN104786,48,161796.56,732,0.195,63981.06,Contract,Personal,1,1,2,0
LN104787,21,206646.4,580,0.346,89914.0,Employed,Vehicle,12,2,1,1
LN104788,36,369923.67,611,0.302,154747.14,Contract,Home,1,0,5,0
LN104789,50,571095.17,613,0.49,101353.63,Employed,Personal,4,1,0,0
LN104790,30,750258.17,711,0.071,80062.31,Self-employed,Home,14,2,1,0
LN104791,69,306903.65,661,0.312,44201.11,Employed,Home,1,1,3,0
LN104792,68,824306.62,657,0.307,202240.94,Employed,Home,3,1,3,0
LN104793,33,255818.18,690,0.175,86574.29,Employed,Personal,13,0,3,0
LN104794,40,549003.42,605,0.13,164389.86,Employed,Home,10,1,0,0
LN104795,30,178677.58,752,0.329,150863.51,Employed,Personal,3,3,3,0
LN104796,45,377999.45,650,0.162,223590.65,Employed,Vehicle,5,1,3,0
LN104797,27,82752.26,586,0.264,94383.0,Employed,Vehicle,14,0,0,0
LN104798,40,161888.43,633,0.321,87747.48,Employed,Education,9,0,0,0
LN104799,48,387786.42,742,0.065,53522.7,Employed,Personal,5,0,0,0
LN104800,50,145757.04,618,0.761,77304.9,Employed,Personal,2,2,0,0
LN104801,50,379405.2,721,0.377,137309.38,Employed,Home,6,0,0,0
LN104802,31,493900.68,603,0.213,64676.31,Employed,Personal,5,1,1,0
LN104803,59,227706.24,593,0.305,135063.08,Employed,Education,6,0,2,0
LN104804,54,176065.9,699,0.144,285493.76,Employed,Business,0,0,3,0
LN104805,57,231129.89,584,0.067,82359.38,Employed,Education,7,1,0,0
LN104806,43,176370.29,712,0.185,46812.03,Employed,Vehicle,3,2,3,0
LN104807,64,283756.09,676,0.177,84080.07,Employed,Personal,15,0,4,1
LN104808,40,317326.85,584,0.19,43630.28,Employed,Home,4,1,0,0
LN104809,60,253528.67,645,0.501,261837.91,Self-employed,Personal,3,1,4,1
LN104810,30,753463.11,609,0.431,116237.29,Self-employed,Education,4,0,2,0
LN104811,33,201968.22,676,0.169,68510.39,Employed,Home,9,1,4,0
LN104812,46,644884.17,792,0.048,76445.18,Employed,Home,11,0,1,0
LN104813,48,169203.29,622,0.43,51014.35,Employed,Home,4,0,3,1
LN104814,57,312251.87,690,0.297,212240.8,Employed,Home,11,0,2,0
LN104815,35,575069.24,652,0.514,363092.6,Self-employed,Education,2,0,1,0
LN104816,63,558932.61,652,0.526,41650.78,Self-employed,Personal,3,0,1,0
LN104817,37,238088.07,638,0.232,216718.65,Employed,Home,4,0,1,0
LN104818,47,407104.87,586,0.191,93754.29,Self-employed,Home,11,3,1,0
LN104819,66,378202.96,675,0.212,250723.09,Contract,Personal,8,2,1,0
LN104820,47,222920.66,628,0.387,33397.87,Contract,Vehicle,7,1,2,0
LN104821,54,420967.21,582,0.255,127356.08,Employed,Personal,9,2,1,1
LN104822,65,835602.62,726,0.161,84381.29,Contract,Home,3,0,2,0
LN104823,68,388859.4,657,0.173,168829.32,Employed,Personal,4,0,1,0
LN104824,45,409639.9,633,0.129,114459.68,Employed,Personal,11,2,2,0
LN104825,41,434183.7,751,0.592,111602.87,Employed,Home,15,0,0,0
LN104826,30,134322.73,512,0.633,102677.1,Employed,Vehicle,0,0,0,0
LN104827,47,386412.73,745,0.198,303680.04,Employed,Vehicle,5,1,2,0
LN104828,65,171496.82,584,0.463,98174.59,Employed,Home,14,1,2,0
LN104829,44,216880.1,666,0.136,192917.86,Self-employed,Vehicle,13,0,3,0
LN104830,38,985205.7,606,0.266,165507.09,Employed,Personal,4,0,0,1
LN104831,26,260991.7,581,0.399,196017.96,Self-employed,Personal,0,0,1,0
LN104832,40,199674.14,749,0.447,56877.09,Employed,Home,9,1,0,0
LN104833,32,565495.81,789,0.352,174189.34,Employed,Personal,11,4,1,1
LN104834,68,178138.28,633,0.154,136926.67,Employed,Vehicle,4,1,0,0
LN104835,46,234557.78,675,0.548,50771.42,Self-employed,Home,4,3,1,0
LN104836,27,596310.3,654,0.116,95815.37,Employed,Home,10,2,2,1
LN104837,24,307140.3,780,0.348,488706.49,Unemployed,Vehicle,8,0,1,0
LN104838,62,127091.09,492,0.747,85268.59,Employed,Home,4,0,0,1
LN104839,66,404631.49,678,0.198,86618.03,Self-employed,Home,13,1,1,0
LN104840,58,241224.07,595,0.409,147443.04,Employed,Vehicle,14,0,0,0
LN104841,27,699734.37,473,0.347,77394.41,Self-employed,Business,11,1,1,0
LN104842,25,214944.46,623,0.386,120515.08,Self-employed,Personal,15,2,1,0
LN104843,30,534834.18,789,0.338,82161.71,Contract,Business,5,0,2,0
LN104844,57,796650.76,601,0.402,142883.75,Employed,Home,1,0,3,0
LN104845,58,187872.53,709,0.289,105662.88,Employed,Business,11,0,4,0
LN104846,62,269755.32,740,0.348,391222.2,Employed,Home,8,0,1,0
LN104847,25,371491.65,649,0.435,113339.18,Unemployed,Vehicle,6,1,0,0
LN104848,28,187212.12,659,0.62,95181.28,Employed,Home,4,2,1,0
LN104849,65,348084.3,521,0.402,214779.93,Employed,Vehicle,1,1,0,0
LN104850,66,265091.84,596,0.209,44535.0,Employed,Home,2,0,0,0
LN104851,56,262170.57,718,0.276,330332.6,Employed,Personal,10,0,2,0
LN104852,26,308184.49,655,0.352,57856.62,Contract,Personal,3,0,2,0
LN104853,24,311992.16,678,0.232,238786.85,Self-employed,Vehicle,14,1,1,0
LN104854,23,328296.41,660,0.11,283518.31,Employed,Personal,7,0,0,1
LN104855,54,215816.39,814,0.245,78155.96,Contract,Home,1,1,1,0
LN104856,62,221060.86,618,0.247,83193.31,Contract,Home,10,0,1,1
LN104857,51,281057.51,770,0.143,102464.32,Self-employed,Home,11,0,3,0
LN104858,33,292705.15,660,0.196,164759.28,Employed,Vehicle,2,1,3,1
LN104859,58,235665.95,777,0.034,57497.56,Self-employed,Home,13,0,2,0
LN104860,23,358507.39,558,0.213,102461.11,Self-employed,Home,11,0,3,0
LN104861,61,110571.63,664,0.316,89725.43,Contract,Vehicle,9,1,1,1
LN104862,64,200743.11,620,0.217,52045.97,Self-employed,Business,1,0,1,0
LN104863,56,257191.82,660,0.235,55769.53,Employed,Business,7,1,0,0
LN104864,64,187338.87,742,0.717,119562.69,Employed,Business,15,0,0,0
LN104865,49,734978.6,678,0.377,118193.35,Employed,Home,3,1,0,0
LN104866,43,303128.4,742,0.312,66946.59,Employed,Home,14,0,1,0
LN104867,36,330631.94,600,0.333,115814.26,Self-employed,Education,3,1,0,0
LN104868,66,229983.04,588,0.268,72237.63,Unemployed,Personal,9,1,2,0
LN104869,55,297407.74,651,0.244,257260.59,Employed,Vehicle,6,2,0,0
LN104870,30,153760.02,647,0.224,102877.83,Employed,Personal,1,0,1,0
LN104871,67,273248.9,636,0.139,224500.54,Self-employed,Business,10,2,3,0
LN104872,23,179186.62,578,0.498,36606.73,Employed,Vehicle,7,2,0,0
LN104873,49,257549.13,740,0.166,135677.15,Employed,Business,5,0,2,0
LN104874,30,73392.99,623,0.386,162054.32,Contract,Home,3,2,2,0
LN104875,53,161318.51,757,0.041,100570.22,Employed,Education,7,0,0,0
LN104876,41,671116.0,651,0.221,77495.95,Self-employed,Home,1,0,2,0
LN104877,42,473665.43,699,0.361,99529.64,Self-employed,Education,9,1,2,0
LN104878,53,619711.54,692,0.419,178231.4,Self-employed,Home,1,2,3,1
LN104879,58,643568.95,588,0.104,50080.6,Employed,Education,3,1,1,0
LN104880,39,434382.53,678,0.238,173434.28,Employed,Home,8,0,0,0
LN104881,69,233855.8,795,0.453,135289.66,Employed,Vehicle,11,4,1,0
LN104882,45,169574.86,669,0.126,92848.14,Employed,Personal,6,0,3,0
LN104883,28,563682.98,718,0.141,95463.09,Employed,Vehicle,10,0,2,0
LN104884,21,310845.14,702,0.177,114513.13,Self-employed,Education,14,0,1,0
LN104885,30,1182628.79,673,0.39,323300.78,Employed,Business,9,1,0,0
LN104886,54,245421.86,664,0.326,137921.12,Contract,Business,12,0,1,0
LN104887,47,887914.27,691,0.361,59604.46,Contract,Business,7,1,2,0
LN104888,37,275213.45,707,0.135,82891.83,Employed,Home,4,0,2,0
LN104889,44,625536.2,549,0.085,52274.28,Employed,Education,5,2,1,0
LN104890,62,762774.87,669,0.598,32204.88,Employed,Personal,5,0,3,0
LN104891,49,170913.92,636,0.18,51681.03,Self-employed,Business,8,1,0,1
LN104892,23,229759.6,621,0.074,118929.4,Employed,Vehicle,2,1,2,1
LN104893,23,169973.73,747,0.21,251779.25,Employed,Business,12,0,1,0
LN104894,44,152522.63,595,0.414,210131.41,Self-employed,Vehicle,2,0,3,1
LN104895,40,432970.35,545,0.427,51912.56,Employed,Personal,11,1,1,1
LN104896,62,269249.07,710,0.539,65497.23,Employed,Education,7,0,3,0
LN104897,49,308766.08,543,0.14,59759.96,Employed,Vehicle,11,3,0,0
LN104898,58,407366.8,505,0.43,20541.23,Employed,Home,2,2,1,0
LN104899,49,108009.56,718,0.083,98643.64,Contract,Home,3,0,3,0
LN104900,37,608808.51,662,0.079,185414.91,Self-employed,Personal,4,0,2,0
LN104901,53,247591.62,685,0.35,93356.6,Employed,Education,12,2,2,0
LN104902,51,402060.75,617,0.301,48250.18,Self-employed,Vehicle,4,1,1,0
LN104903,56,422071.42,546,0.519,63505.98,Employed,Personal,5,1,0,1
LN104904,30,637606.03,561,0.127,88830.49,Employed,Education,2,1,3,0
LN104905,52,283187.98,630,0.607,181475.99,Self-employed,Home,3,0,2,1
LN104906,34,93296.43,555,0.422,97675.3,Employed,Vehicle,13,1,3,0
LN104907,59,309575.7,673,0.391,166196.6,Self-employed,Vehicle,1,1,1,0
LN104908,60,335013.64,615,0.108,104335.17,Employed,Vehicle,14,0,0,0
LN104909,51,169853.96,664,0.43,128302.81,Employed,Business,13,0,1,0
LN104910,67,325350.26,662,0.55,59702.29,Employed,Business,15,1,3,1
LN104911,47,245973.14,679,0.236,70434.36,Self-employed,Education,9,0,2,0
LN104912,22,143346.93,687,0.607,48628.22,Employed,Vehicle,10,1,1,1
LN104913,50,434023.71,624,0.105,162642.8,Contract,Personal,13,3,1,0
LN104914,59,220023.34,664,0.127,91031.9,Employed,Home,11,0,1,0
LN104915,25,239912.41,668,0.149,10612.37,Employed,Education,8,1,0,0
LN104916,26,232610.2,468,0.084,150389.82,Contract,Business,6,1,0,1
LN104917,34,591875.14,698,0.557,207197.45,Employed,Business,13,2,1,0
LN104918,62,293324.23,661,0.094,64901.36,Employed,Business,5,2,1,0
LN104919,46,313339.53,692,0.169,150304.85,Employed,Home,8,2,1,0
LN104920,68,235434.46,553,0.12,95981.68,Employed,Education,0,0,1,0
LN104921,63,386974.67,626,0.523,27768.35,Self-employed,Personal,10,0,0,1
LN104922,48,630118.19,568,0.4,391470.16,Self-employed,Home,2,1,1,1
LN104923,54,428420.81,706,0.16,96357.25,Employed,Personal,0,1,2,0
LN104924,37,437711.19,545,0.157,125386.46,Self-employed,Vehicle,4,0,0,0
LN104925,25,418722.78,580,0.53,73295.28,Employed,Business,10,2,3,0
LN104926,40,140421.56,690,0.27,90775.17,Self-employed,Vehicle,13,0,3,0
LN104927,50,185289.06,603,0.186,122188.01,Self-employed,Vehicle,9,1,1,0
LN104928,29,268014.05,580,0.568,55858.94,Contract,Business,10,0,1,1
LN104929,31,201251.88,718,0.054,330814.38,Contract,Personal,3,2,1,1
LN104930,21,167048.99,721,0.108,189668.11,Contract,Education,1,3,1,0
LN104931,56,107134.58,704,0.135,153917.83,Unemployed,Business,1,1,2,1
LN104932,65,143049.6,714,0.154,100315.66,Contract,Personal,1,0,1,0
LN104933,61,260523.59,633,0.186,67066.74,Contract,Education,5,1,0,0
LN104934,39,288760.6,635,0.221,214871.16,Employed,Vehicle,11,0,1,0
LN104935,50,193950.49,601,0.529,163601.09,Self-employed,Personal,0,1,2,0
LN104936,68,313309.44,663,0.294,84847.52,Self-employed,Education,5,2,1,0
LN104937,49,236316.96,610,0.089,54355.24,Unemployed,Personal,9,2,0,0
LN104938,35,546534.78,618,0.259,39493.8,Self-employed,Business,0,1,1,0
LN104939,37,274482.72,695,0.128,112062.0,Employed,Vehicle,8,1,2,0
LN104940,56,439995.48,739,0.163,93567.18,Employed,Personal,6,1,1,0
LN104941,42,335475.87,680,0.561,237730.18,Employed,Personal,14,1,2,0
LN104942,62,138745.79,785,0.36,209644.51,Employed,Home,7,0,0,0
LN104943,63,285408.21,597,0.553,112816.39,Self-employed,Personal,8,1,2,0
LN104944,22,152046.93,512,0.256,104350.2,Employed,Personal,13,0,1,0
LN104945,56,282680.14,704,0.066,52019.76,Employed,Education,11,1,0,0
LN104946,39,199130.53,592,0.118,219228.76,Employed,Home,8,0,0,0
LN104947,46,370132.9,629,0.542,106017.69,Contract,Home,10,0,0,0
LN104948,33,143378.44,517,0.454,163026.54,Employed,Home,6,0,0,0
LN104949,39,302435.64,583,0.389,236371.1,Employed,Vehicle,11,2,0,0
LN104950,37,411007.33,537,0.47,76159.93,Employed,Personal,4,1,1,0
LN104951,23,494209.76,617,0.372,64221.31,Employed,Education,5,1,1,1
LN104952,59,197056.44,620,0.279,547377.7,Self-employed,Education,13,0,1,0
LN104953,28,302943.25,657,0.29,161884.82,Contract,Vehicle,6,1,1,0
LN104954,39,331976.21,743,0.08,91779.72,Employed,Personal,8,1,2,0
LN104955,30,702539.71,701,0.357,246266.09,Contract,Business,1,1,2,1
LN104956,28,132827.45,528,0.192,90027.34,Self-employed,Personal,5,1,0,1
LN104957,39,181757.99,696,0.024,135917.2,Employed,Personal,10,2,3,1
LN104958,66,1402815.89,658,0.24,76030.06,Employed,Vehicle,8,0,1,0
LN104959,67,258159.85,643,0.326,108793.28,Employed,Business,4,2,2,0
LN104960,39,106031.46,648,0.296,92050.26,Employed,Business,0,2,1,0
LN104961,45,217757.03,665,0.632,67475.04,Employed,Business,8,2,2,0
LN104962,69,65424.85,598,0.405,128810.33,Contract,Personal,5,1,3,0
LN104963,32,342505.89,636,0.493,72631.12,Employed,Vehicle,14,1,1,0
LN104964,67,468325.75,739,0.606,159951.71,Contract,Vehicle,0,0,1,0
LN104965,26,181702.03,597,0.187,90244.86,Employed,Vehicle,10,1,0,0
LN104966,32,231570.49,573,0.526,35960.3,Employed,Vehicle,6,2,1,0
LN104967,37,498594.06,645,0.17,164684.52,Self-employed,Vehicle,4,1,5,0
LN104968,22,114567.48,565,0.157,166487.25,Contract,Business,11,1,1,0
LN104969,60,145026.76,521,0.337,475938.75,Unemployed,Education,8,0,2,1
LN104970,62,264626.43,624,0.281,111274.44,Employed,Vehicle,1,0,3,0
LN104971,39,198343.09,759,0.573,123920.4,Employed,Personal,9,4,3,0
LN104972,61,255227.6,647,0.197,150139.35,Employed,Vehicle,2,0,0,0
LN104973,58,149712.95,663,0.18,213425.27,Employed,Home,13,0,2,0
LN104974,60,337530.17,490,0.22,204928.25,Employed,Personal,3,1,3,0
LN104975,60,276359.98,683,0.064,135326.57,Self-employed,Vehicle,12,2,3,1
LN104976,49,405790.59,657,0.061,107667.35,Employed,Vehicle,5,0,2,0
LN104977,26,334957.01,600,0.282,190225.56,Contract,Education,5,0,1,0
LN104978,66,336117.91,664,0.625,104793.4,Self-employed,Home,0,1,2,1
LN104979,50,135410.84,663,0.097,47585.17,Employed,Vehicle,14,1,0,0
LN104980,65,393353.16,571,0.31,41458.14,Employed,Education,8,2,1,0
LN104981,67,250086.27,675,0.573,90908.93,Self-employed,Business,2,0,3,0
LN104982,30,273733.06,740,0.159,118921.1,Employed,Vehicle,0,0,0,0
LN104983,40,533963.71,633,0.187,548561.49,Employed,Education,4,0,1,0
LN104984,30,201964.7,585,0.432,101744.4,Employed,Education,7,1,1,0
LN104985,23,630765.31,637,0.347,113382.92,Employed,Personal,0,0,4,0
LN104986,68,663974.6,714,0.169,84577.14,Employed,Education,5,2,2,0
LN104987,66,453871.41,558,0.277,164466.06,Employed,Personal,4,2,1,0
LN104988,66,174939.65,693,0.393,131986.99,Employed,Business,13,1,2,0
LN104989,64,90136.14,599,0.509,72643.33,Self-employed,Vehicle,6,1,1,1
LN104990,52,543017.57,668,0.189,56998.85,Self-employed,Personal,1,0,1,0
LN104991,46,318953.16,608,0.146,84685.29,Employed,Vehicle,3,1,1,0
LN104992,69,199123.23,607,0.397,63579.38,Employed,Personal,13,1,2,0
LN104993,48,572058.79,764,0.617,94653.77,Employed,Personal,0,1,1,0
LN104994,52,186778.81,544,0.399,120595.53,Employed,Education,2,1,3,1
LN104995,31,237578.26,686,0.373,79416.37,Employed,Education,0,1,1,0
LN104996,57,400403.25,780,0.064,283129.57,Contract,Education,0,0,0,0
LN104997,61,162601.26,701,0.186,233711.39,Employed,Vehicle,14,0,1,0
LN104998,54,282468.76,550,0.163,94752.47,Contract,Education,15,1,1,0
LN104999,45,546103.18,554,0.306,58778.27,Employed,Personal,11,1,0,0
